2024-07-18 00:00:44.946 [restartedMain] INFO  c.n.b.BookStoreFrontApplication - Starting BookStoreFrontApplication using Java 21.0.3 with PID 42381 (/Users/dlrudgjs/Desktop/GitHub/book-store-front/target/classes started by dlrudgjs in /Users/dlrudgjs/Desktop/GitHub/book-store-front)
2024-07-18 00:00:44.962 [restartedMain] INFO  c.n.b.BookStoreFrontApplication - The following 1 profile is active: "dev"
2024-07-18 00:00:45.087 [restartedMain] INFO  o.s.b.d.e.DevToolsPropertyDefaultsPostProcessor - Devtools property defaults active! Set 'spring.devtools.add-properties' to 'false' to disable
2024-07-18 00:00:45.089 [restartedMain] INFO  o.s.b.d.e.DevToolsPropertyDefaultsPostProcessor - For additional web related logging consider setting the 'logging.level.web' property to 'DEBUG'
2024-07-18 00:00:46.770 [restartedMain] INFO  o.s.d.r.c.RepositoryConfigurationDelegate - Multiple Spring Data modules found, entering strict repository configuration mode
2024-07-18 00:00:46.774 [restartedMain] INFO  o.s.d.r.c.RepositoryConfigurationDelegate - Bootstrapping Spring Data Redis repositories in DEFAULT mode.
2024-07-18 00:00:46.817 [restartedMain] INFO  o.s.d.r.c.RepositoryConfigurationDelegate - Finished Spring Data repository scanning in 36 ms. Found 0 Redis repository interfaces.
2024-07-18 00:00:47.027 [restartedMain] INFO  o.s.cloud.context.scope.GenericScope - BeanFactory id=1039886f-b335-3755-825b-2a0b8fcf8631
2024-07-18 00:00:47.658 [restartedMain] INFO  o.s.b.w.e.tomcat.TomcatWebServer - Tomcat initialized with port 8081 (http)
2024-07-18 00:00:47.682 [restartedMain] INFO  o.a.catalina.core.StandardService - Starting service [Tomcat]
2024-07-18 00:00:47.685 [restartedMain] INFO  o.a.catalina.core.StandardEngine - Starting Servlet engine: [Apache Tomcat/10.1.24]
2024-07-18 00:00:47.720 [restartedMain] INFO  o.a.c.c.C.[Tomcat].[localhost].[/] - Initializing Spring embedded WebApplicationContext
2024-07-18 00:00:47.720 [restartedMain] INFO  o.s.b.w.s.c.ServletWebServerApplicationContext - Root WebApplicationContext: initialization completed in 2631 ms
2024-07-18 00:00:48.050 [restartedMain] INFO  o.s.b.d.a.OptionalLiveReloadServer - LiveReload server is running on port 35729
2024-07-18 00:00:49.424 [restartedMain] INFO  o.s.b.a.w.s.WelcomePageHandlerMapping - Adding welcome page template: index
2024-07-18 00:00:49.577 [restartedMain] INFO  o.s.s.web.DefaultSecurityFilterChain - Will secure any request with [org.springframework.security.web.session.DisableEncodeUrlFilter@6d3fc00, org.springframework.security.web.context.request.async.WebAsyncManagerIntegrationFilter@4036157a, org.springframework.security.web.context.SecurityContextHolderFilter@6edfae64, org.springframework.security.web.header.HeaderWriterFilter@4f29c22, org.springframework.web.filter.CorsFilter@7fe32250, org.springframework.security.web.authentication.logout.LogoutFilter@10b6f089, org.springframework.security.web.savedrequest.RequestCacheAwareFilter@23ef48ef, org.springframework.security.web.servletapi.SecurityContextHolderAwareRequestFilter@59e46d3f, org.springframework.security.web.authentication.AnonymousAuthenticationFilter@73fdc9b7, org.springframework.security.web.access.ExceptionTranslationFilter@1bfb4165, org.springframework.security.web.access.intercept.AuthorizationFilter@13858de9]
2024-07-18 00:00:50.642 [restartedMain] INFO  o.s.b.w.e.tomcat.TomcatWebServer - Tomcat started on port 8081 (http) with context path '/'
2024-07-18 00:00:50.666 [restartedMain] INFO  c.n.b.BookStoreFrontApplication - Started BookStoreFrontApplication in 6.451 seconds (process running for 12.279)
2024-07-18 00:00:50.669 [scheduling-1] INFO  c.n.b.global.config.CacheConfig - Refresh categoriesCache completed.
2024-07-18 00:03:05.735 [restartedMain] INFO  c.n.b.BookStoreFrontApplication - Starting BookStoreFrontApplication using Java 21.0.3 with PID 42558 (/Users/dlrudgjs/Desktop/GitHub/book-store-front/target/classes started by dlrudgjs in /Users/dlrudgjs/Desktop/GitHub/book-store-front)
2024-07-18 00:03:05.738 [restartedMain] INFO  c.n.b.BookStoreFrontApplication - The following 1 profile is active: "dev"
2024-07-18 00:03:05.805 [restartedMain] INFO  o.s.b.d.e.DevToolsPropertyDefaultsPostProcessor - Devtools property defaults active! Set 'spring.devtools.add-properties' to 'false' to disable
2024-07-18 00:03:05.805 [restartedMain] INFO  o.s.b.d.e.DevToolsPropertyDefaultsPostProcessor - For additional web related logging consider setting the 'logging.level.web' property to 'DEBUG'
2024-07-18 00:03:06.930 [restartedMain] INFO  o.s.d.r.c.RepositoryConfigurationDelegate - Multiple Spring Data modules found, entering strict repository configuration mode
2024-07-18 00:03:06.933 [restartedMain] INFO  o.s.d.r.c.RepositoryConfigurationDelegate - Bootstrapping Spring Data Redis repositories in DEFAULT mode.
2024-07-18 00:03:06.973 [restartedMain] INFO  o.s.d.r.c.RepositoryConfigurationDelegate - Finished Spring Data repository scanning in 34 ms. Found 0 Redis repository interfaces.
2024-07-18 00:03:07.190 [restartedMain] INFO  o.s.cloud.context.scope.GenericScope - BeanFactory id=1039886f-b335-3755-825b-2a0b8fcf8631
2024-07-18 00:03:07.811 [restartedMain] INFO  o.s.b.w.e.tomcat.TomcatWebServer - Tomcat initialized with port 8081 (http)
2024-07-18 00:03:07.821 [restartedMain] INFO  o.a.catalina.core.StandardService - Starting service [Tomcat]
2024-07-18 00:03:07.822 [restartedMain] INFO  o.a.catalina.core.StandardEngine - Starting Servlet engine: [Apache Tomcat/10.1.24]
2024-07-18 00:03:07.851 [restartedMain] INFO  o.a.c.c.C.[Tomcat].[localhost].[/] - Initializing Spring embedded WebApplicationContext
2024-07-18 00:03:07.851 [restartedMain] INFO  o.s.b.w.s.c.ServletWebServerApplicationContext - Root WebApplicationContext: initialization completed in 2046 ms
2024-07-18 00:03:08.215 [restartedMain] INFO  o.s.b.d.a.OptionalLiveReloadServer - LiveReload server is running on port 35729
2024-07-18 00:03:09.510 [restartedMain] INFO  o.s.b.a.w.s.WelcomePageHandlerMapping - Adding welcome page template: index
2024-07-18 00:03:09.665 [restartedMain] INFO  o.s.s.web.DefaultSecurityFilterChain - Will secure any request with [org.springframework.security.web.session.DisableEncodeUrlFilter@3ab916bf, org.springframework.security.web.context.request.async.WebAsyncManagerIntegrationFilter@4c957906, org.springframework.security.web.context.SecurityContextHolderFilter@6e55d9ef, org.springframework.security.web.header.HeaderWriterFilter@5ad3b279, org.springframework.web.filter.CorsFilter@4822b5d6, org.springframework.security.web.authentication.logout.LogoutFilter@2fa29723, org.springframework.security.web.savedrequest.RequestCacheAwareFilter@1416c272, org.springframework.security.web.servletapi.SecurityContextHolderAwareRequestFilter@4bef4f8c, org.springframework.security.web.authentication.AnonymousAuthenticationFilter@7150c377, org.springframework.security.web.access.ExceptionTranslationFilter@4ced4c09, org.springframework.security.web.access.intercept.AuthorizationFilter@16824624]
2024-07-18 00:03:10.652 [restartedMain] INFO  o.s.b.w.e.tomcat.TomcatWebServer - Tomcat started on port 8081 (http) with context path '/'
2024-07-18 00:03:10.669 [restartedMain] INFO  c.n.b.BookStoreFrontApplication - Started BookStoreFrontApplication in 5.653 seconds (process running for 11.517)
2024-07-18 00:03:10.673 [scheduling-1] INFO  c.n.b.global.config.CacheConfig - Refresh categoriesCache completed.
2024-07-18 00:03:40.233 [File Watcher] INFO  o.s.b.d.a.LocalDevToolsAutoConfiguration$RestartingClassPathChangeChangedEventListener - Restarting due to 249 class path changes (0 additions, 249 deletions, 0 modifications)
2024-07-18 00:03:41.709 [restartedMain] INFO  c.n.b.BookStoreFrontApplication - Starting BookStoreFrontApplication using Java 21.0.3 with PID 42558 (/Users/dlrudgjs/Desktop/GitHub/book-store-front/target/classes started by dlrudgjs in /Users/dlrudgjs/Desktop/GitHub/book-store-front)
2024-07-18 00:03:41.711 [restartedMain] INFO  c.n.b.BookStoreFrontApplication - The following 1 profile is active: "dev"
2024-07-18 00:03:41.977 [restartedMain] INFO  o.s.d.r.c.RepositoryConfigurationDelegate - Multiple Spring Data modules found, entering strict repository configuration mode
2024-07-18 00:03:41.978 [restartedMain] INFO  o.s.d.r.c.RepositoryConfigurationDelegate - Bootstrapping Spring Data Redis repositories in DEFAULT mode.
2024-07-18 00:03:41.984 [restartedMain] INFO  o.s.d.r.c.RepositoryConfigurationDelegate - Finished Spring Data repository scanning in 5 ms. Found 0 Redis repository interfaces.
2024-07-18 00:03:42.033 [restartedMain] INFO  o.s.cloud.context.scope.GenericScope - BeanFactory id=ec8a3096-ed31-3112-b82c-d6260fe9e4d9
2024-07-18 00:03:42.151 [restartedMain] INFO  o.s.b.w.e.tomcat.TomcatWebServer - Tomcat initialized with port 8081 (http)
2024-07-18 00:03:42.153 [restartedMain] INFO  o.a.catalina.core.StandardService - Starting service [Tomcat]
2024-07-18 00:03:42.153 [restartedMain] INFO  o.a.catalina.core.StandardEngine - Starting Servlet engine: [Apache Tomcat/10.1.24]
2024-07-18 00:03:42.172 [restartedMain] INFO  o.a.c.c.C.[Tomcat].[localhost].[/] - Initializing Spring embedded WebApplicationContext
2024-07-18 00:03:42.172 [restartedMain] INFO  o.s.b.w.s.c.ServletWebServerApplicationContext - Root WebApplicationContext: initialization completed in 445 ms
2024-07-18 00:03:42.226 [restartedMain] INFO  o.s.b.a.w.s.WelcomePageHandlerMapping - Adding welcome page template: index
2024-07-18 00:03:42.341 [restartedMain] INFO  o.s.s.web.DefaultSecurityFilterChain - Will secure any request with [org.springframework.security.web.session.DisableEncodeUrlFilter@2ee5c068, org.springframework.security.web.context.request.async.WebAsyncManagerIntegrationFilter@32369bfc, org.springframework.security.web.context.SecurityContextHolderFilter@299fd03d, org.springframework.security.web.header.HeaderWriterFilter@213d24dc, org.springframework.web.filter.CorsFilter@70e89020, org.springframework.security.web.csrf.CsrfFilter@f6162f5, org.springframework.security.web.authentication.logout.LogoutFilter@917cabb, org.springframework.security.web.authentication.UsernamePasswordAuthenticationFilter@642e2a62, org.springframework.security.web.authentication.ui.DefaultLoginPageGeneratingFilter@3d9a107e, org.springframework.security.web.authentication.ui.DefaultLogoutPageGeneratingFilter@5d1239cf, org.springframework.security.web.authentication.www.BasicAuthenticationFilter@3253f092, org.springframework.security.web.savedrequest.RequestCacheAwareFilter@2ded6931, org.springframework.security.web.servletapi.SecurityContextHolderAwareRequestFilter@75c9c1df, org.springframework.security.web.authentication.AnonymousAuthenticationFilter@5df44485, org.springframework.security.web.access.ExceptionTranslationFilter@5e70c182, org.springframework.security.web.access.intercept.AuthorizationFilter@556c025b]
2024-07-18 00:03:42.360 [restartedMain] INFO  o.s.b.d.a.OptionalLiveReloadServer - LiveReload server is running on port 35729
2024-07-18 00:03:42.391 [restartedMain] INFO  o.s.b.w.e.tomcat.TomcatWebServer - Tomcat started on port 8081 (http) with context path '/'
2024-07-18 00:03:42.397 [restartedMain] INFO  c.n.b.BookStoreFrontApplication - Started BookStoreFrontApplication in 1.938 seconds (process running for 43.244)
2024-07-18 00:03:42.402 [restartedMain] INFO  o.s.b.d.a.ConditionEvaluationDeltaLoggingListener - Condition evaluation delta:


==========================
CONDITION EVALUATION DELTA
==========================


Positive matches:
-----------------

   SpringBootWebSecurityConfiguration.SecurityFilterChainConfiguration matched:
      - AllNestedConditions 2 matched 0 did not; NestedCondition on DefaultWebSecurityCondition.Beans @ConditionalOnMissingBean (types: org.springframework.security.web.SecurityFilterChain; SearchStrategy: all) did not find any beans; NestedCondition on DefaultWebSecurityCondition.Classes @ConditionalOnClass found required classes 'org.springframework.security.web.SecurityFilterChain', 'org.springframework.security.config.annotation.web.builders.HttpSecurity' (DefaultWebSecurityCondition)


Negative matches:
-----------------

   FeignAutoConfiguration#cachingCapability:
      Did not match:
         - @ConditionalOnBean (types: org.springframework.cache.interceptor.CacheInterceptor; SearchStrategy: all) did not find any beans of type org.springframework.cache.interceptor.CacheInterceptor (OnBeanCondition)
      Matched:
         - @ConditionalOnProperty (spring.cloud.openfeign.cache.enabled) matched (OnPropertyCondition)

   TaskSchedulingAutoConfiguration#scheduledBeanLazyInitializationExcludeFilter:
      Did not match:
         - @ConditionalOnBean (names: org.springframework.context.annotation.internalScheduledAnnotationProcessor; SearchStrategy: all) did not find any beans named org.springframework.context.annotation.internalScheduledAnnotationProcessor (OnBeanCondition)

   TaskSchedulingConfigurations.TaskSchedulerConfiguration:
      Did not match:
         - @ConditionalOnBean (names: org.springframework.context.annotation.internalScheduledAnnotationProcessor; SearchStrategy: all) did not find any beans named org.springframework.context.annotation.internalScheduledAnnotationProcessor (OnBeanCondition)


Exclusions:
-----------

    None


Unconditional classes:
----------------------

    None



2024-07-18 00:06:40.537 [restartedMain] INFO  c.n.b.BookStoreFrontApplication - Starting BookStoreFrontApplication using Java 21.0.3 with PID 42898 (/Users/dlrudgjs/Desktop/GitHub/book-store-front/target/classes started by dlrudgjs in /Users/dlrudgjs/Desktop/GitHub/book-store-front)
2024-07-18 00:06:40.543 [restartedMain] INFO  c.n.b.BookStoreFrontApplication - The following 1 profile is active: "dev"
2024-07-18 00:06:40.608 [restartedMain] INFO  o.s.b.d.e.DevToolsPropertyDefaultsPostProcessor - Devtools property defaults active! Set 'spring.devtools.add-properties' to 'false' to disable
2024-07-18 00:06:40.610 [restartedMain] INFO  o.s.b.d.e.DevToolsPropertyDefaultsPostProcessor - For additional web related logging consider setting the 'logging.level.web' property to 'DEBUG'
2024-07-18 00:06:41.697 [restartedMain] INFO  o.s.d.r.c.RepositoryConfigurationDelegate - Multiple Spring Data modules found, entering strict repository configuration mode
2024-07-18 00:06:41.701 [restartedMain] INFO  o.s.d.r.c.RepositoryConfigurationDelegate - Bootstrapping Spring Data Redis repositories in DEFAULT mode.
2024-07-18 00:06:41.742 [restartedMain] INFO  o.s.d.r.c.RepositoryConfigurationDelegate - Finished Spring Data repository scanning in 34 ms. Found 0 Redis repository interfaces.
2024-07-18 00:06:41.951 [restartedMain] INFO  o.s.cloud.context.scope.GenericScope - BeanFactory id=1039886f-b335-3755-825b-2a0b8fcf8631
2024-07-18 00:06:42.575 [restartedMain] INFO  o.s.b.w.e.tomcat.TomcatWebServer - Tomcat initialized with port 8081 (http)
2024-07-18 00:06:42.586 [restartedMain] INFO  o.a.catalina.core.StandardService - Starting service [Tomcat]
2024-07-18 00:06:42.587 [restartedMain] INFO  o.a.catalina.core.StandardEngine - Starting Servlet engine: [Apache Tomcat/10.1.24]
2024-07-18 00:06:42.615 [restartedMain] INFO  o.a.c.c.C.[Tomcat].[localhost].[/] - Initializing Spring embedded WebApplicationContext
2024-07-18 00:06:42.616 [restartedMain] INFO  o.s.b.w.s.c.ServletWebServerApplicationContext - Root WebApplicationContext: initialization completed in 2006 ms
2024-07-18 00:06:42.953 [restartedMain] INFO  o.s.b.d.a.OptionalLiveReloadServer - LiveReload server is running on port 35729
2024-07-18 00:06:44.217 [restartedMain] INFO  o.s.b.a.w.s.WelcomePageHandlerMapping - Adding welcome page template: index
2024-07-18 00:06:44.362 [restartedMain] INFO  o.s.s.web.DefaultSecurityFilterChain - Will secure any request with [org.springframework.security.web.session.DisableEncodeUrlFilter@62683a94, org.springframework.security.web.context.request.async.WebAsyncManagerIntegrationFilter@6df24784, org.springframework.security.web.context.SecurityContextHolderFilter@466cfcee, org.springframework.security.web.header.HeaderWriterFilter@175174c1, org.springframework.web.filter.CorsFilter@20569938, org.springframework.security.web.authentication.logout.LogoutFilter@2b8b8d82, org.springframework.security.web.savedrequest.RequestCacheAwareFilter@7f6ff6cf, org.springframework.security.web.servletapi.SecurityContextHolderAwareRequestFilter@4070b93a, org.springframework.security.web.authentication.AnonymousAuthenticationFilter@64079e43, org.springframework.security.web.access.ExceptionTranslationFilter@7b2a9cf1, org.springframework.security.web.access.intercept.AuthorizationFilter@2a3ceaa8]
2024-07-18 00:06:45.345 [restartedMain] INFO  o.s.b.w.e.tomcat.TomcatWebServer - Tomcat started on port 8081 (http) with context path '/'
2024-07-18 00:06:45.363 [restartedMain] INFO  c.n.b.BookStoreFrontApplication - Started BookStoreFrontApplication in 5.539 seconds (process running for 11.361)
2024-07-18 00:06:45.366 [scheduling-1] INFO  c.n.b.global.config.CacheConfig - Refresh categoriesCache completed.
2024-07-18 00:11:45.390 [scheduling-1] INFO  c.n.b.global.config.CacheConfig - Refresh categoriesCache completed.
2024-07-18 00:16:45.387 [scheduling-1] INFO  c.n.b.global.config.CacheConfig - Refresh categoriesCache completed.
2024-07-18 00:21:45.402 [scheduling-1] INFO  c.n.b.global.config.CacheConfig - Refresh categoriesCache completed.
2024-07-18 00:26:45.400 [scheduling-1] INFO  c.n.b.global.config.CacheConfig - Refresh categoriesCache completed.
2024-07-18 00:31:45.400 [scheduling-1] INFO  c.n.b.global.config.CacheConfig - Refresh categoriesCache completed.
2024-07-18 00:36:45.400 [scheduling-1] INFO  c.n.b.global.config.CacheConfig - Refresh categoriesCache completed.
2024-07-18 00:51:28.415 [scheduling-1] INFO  c.n.b.global.config.CacheConfig - Refresh categoriesCache completed.
2024-07-18 00:54:43.916 [restartedMain] INFO  c.n.b.BookStoreFrontApplication - Starting BookStoreFrontApplication using Java 21.0.3 with PID 45603 (/Users/dlrudgjs/Desktop/GitHub/book-store-front/target/classes started by dlrudgjs in /Users/dlrudgjs/Desktop/GitHub/book-store-front)
2024-07-18 00:54:43.920 [restartedMain] INFO  c.n.b.BookStoreFrontApplication - The following 1 profile is active: "dev"
2024-07-18 00:54:44.016 [restartedMain] INFO  o.s.b.d.e.DevToolsPropertyDefaultsPostProcessor - Devtools property defaults active! Set 'spring.devtools.add-properties' to 'false' to disable
2024-07-18 00:54:44.018 [restartedMain] INFO  o.s.b.d.e.DevToolsPropertyDefaultsPostProcessor - For additional web related logging consider setting the 'logging.level.web' property to 'DEBUG'
2024-07-18 00:54:45.087 [restartedMain] INFO  o.s.d.r.c.RepositoryConfigurationDelegate - Multiple Spring Data modules found, entering strict repository configuration mode
2024-07-18 00:54:45.090 [restartedMain] INFO  o.s.d.r.c.RepositoryConfigurationDelegate - Bootstrapping Spring Data Redis repositories in DEFAULT mode.
2024-07-18 00:54:45.130 [restartedMain] INFO  o.s.d.r.c.RepositoryConfigurationDelegate - Finished Spring Data repository scanning in 32 ms. Found 0 Redis repository interfaces.
2024-07-18 00:54:45.348 [restartedMain] INFO  o.s.cloud.context.scope.GenericScope - BeanFactory id=1039886f-b335-3755-825b-2a0b8fcf8631
2024-07-18 00:54:45.961 [restartedMain] INFO  o.s.b.w.e.tomcat.TomcatWebServer - Tomcat initialized with port 8081 (http)
2024-07-18 00:54:45.971 [restartedMain] INFO  o.a.catalina.core.StandardService - Starting service [Tomcat]
2024-07-18 00:54:45.972 [restartedMain] INFO  o.a.catalina.core.StandardEngine - Starting Servlet engine: [Apache Tomcat/10.1.24]
2024-07-18 00:54:46.000 [restartedMain] INFO  o.a.c.c.C.[Tomcat].[localhost].[/] - Initializing Spring embedded WebApplicationContext
2024-07-18 00:54:46.001 [restartedMain] INFO  o.s.b.w.s.c.ServletWebServerApplicationContext - Root WebApplicationContext: initialization completed in 1982 ms
2024-07-18 00:54:46.330 [restartedMain] INFO  o.s.b.d.a.OptionalLiveReloadServer - LiveReload server is running on port 35729
2024-07-18 00:54:47.813 [restartedMain] INFO  o.s.b.a.w.s.WelcomePageHandlerMapping - Adding welcome page template: index
2024-07-18 00:54:47.975 [restartedMain] INFO  o.s.s.web.DefaultSecurityFilterChain - Will secure any request with [org.springframework.security.web.session.DisableEncodeUrlFilter@67052d71, org.springframework.security.web.context.request.async.WebAsyncManagerIntegrationFilter@518eebfe, org.springframework.security.web.context.SecurityContextHolderFilter@297b0979, org.springframework.security.web.header.HeaderWriterFilter@3ebbb570, org.springframework.web.filter.CorsFilter@3cb38be4, org.springframework.security.web.authentication.logout.LogoutFilter@4c7ede26, org.springframework.security.web.savedrequest.RequestCacheAwareFilter@7b2a9cf1, org.springframework.security.web.servletapi.SecurityContextHolderAwareRequestFilter@7f6ff6cf, org.springframework.security.web.authentication.AnonymousAuthenticationFilter@6227a44c, org.springframework.security.web.access.ExceptionTranslationFilter@4286f4e7, org.springframework.security.web.access.intercept.AuthorizationFilter@68c0b211]
2024-07-18 00:54:48.980 [restartedMain] INFO  o.s.b.w.e.tomcat.TomcatWebServer - Tomcat started on port 8081 (http) with context path '/'
2024-07-18 00:54:49.000 [scheduling-1] INFO  c.n.b.global.config.CacheConfig - Refresh categoriesCache completed.
2024-07-18 00:54:48.998 [restartedMain] INFO  c.n.b.BookStoreFrontApplication - Started BookStoreFrontApplication in 5.852 seconds (process running for 11.685)
2024-07-18 00:56:22.817 [restartedMain] INFO  c.n.b.BookStoreFrontApplication - Starting BookStoreFrontApplication using Java 21.0.3 with PID 45733 (/Users/dlrudgjs/Desktop/GitHub/book-store-front/target/classes started by dlrudgjs in /Users/dlrudgjs/Desktop/GitHub/book-store-front)
2024-07-18 00:56:22.821 [restartedMain] INFO  c.n.b.BookStoreFrontApplication - The following 1 profile is active: "dev"
2024-07-18 00:56:22.895 [restartedMain] INFO  o.s.b.d.e.DevToolsPropertyDefaultsPostProcessor - Devtools property defaults active! Set 'spring.devtools.add-properties' to 'false' to disable
2024-07-18 00:56:22.895 [restartedMain] INFO  o.s.b.d.e.DevToolsPropertyDefaultsPostProcessor - For additional web related logging consider setting the 'logging.level.web' property to 'DEBUG'
2024-07-18 00:56:24.130 [restartedMain] INFO  o.s.d.r.c.RepositoryConfigurationDelegate - Multiple Spring Data modules found, entering strict repository configuration mode
2024-07-18 00:56:24.134 [restartedMain] INFO  o.s.d.r.c.RepositoryConfigurationDelegate - Bootstrapping Spring Data Redis repositories in DEFAULT mode.
2024-07-18 00:56:24.179 [restartedMain] INFO  o.s.d.r.c.RepositoryConfigurationDelegate - Finished Spring Data repository scanning in 30 ms. Found 0 Redis repository interfaces.
2024-07-18 00:56:24.440 [restartedMain] INFO  o.s.cloud.context.scope.GenericScope - BeanFactory id=1039886f-b335-3755-825b-2a0b8fcf8631
2024-07-18 00:56:25.107 [restartedMain] INFO  o.s.b.w.e.tomcat.TomcatWebServer - Tomcat initialized with port 8081 (http)
2024-07-18 00:56:25.118 [restartedMain] INFO  o.a.catalina.core.StandardService - Starting service [Tomcat]
2024-07-18 00:56:25.119 [restartedMain] INFO  o.a.catalina.core.StandardEngine - Starting Servlet engine: [Apache Tomcat/10.1.24]
2024-07-18 00:56:25.151 [restartedMain] INFO  o.a.c.c.C.[Tomcat].[localhost].[/] - Initializing Spring embedded WebApplicationContext
2024-07-18 00:56:25.151 [restartedMain] INFO  o.s.b.w.s.c.ServletWebServerApplicationContext - Root WebApplicationContext: initialization completed in 2255 ms
2024-07-18 00:56:25.491 [restartedMain] INFO  o.s.b.d.a.OptionalLiveReloadServer - LiveReload server is running on port 35729
2024-07-18 00:56:26.762 [restartedMain] INFO  o.s.b.a.w.s.WelcomePageHandlerMapping - Adding welcome page template: index
2024-07-18 00:56:26.906 [restartedMain] INFO  o.s.s.web.DefaultSecurityFilterChain - Will secure any request with [org.springframework.security.web.session.DisableEncodeUrlFilter@4718b4cd, org.springframework.security.web.context.request.async.WebAsyncManagerIntegrationFilter@38a905cd, org.springframework.security.web.context.SecurityContextHolderFilter@742191eb, org.springframework.security.web.header.HeaderWriterFilter@7bf9e386, org.springframework.web.filter.CorsFilter@2ca2d4b9, org.springframework.security.web.authentication.logout.LogoutFilter@6d3d4abc, org.springframework.security.web.savedrequest.RequestCacheAwareFilter@1de5d6e3, org.springframework.security.web.servletapi.SecurityContextHolderAwareRequestFilter@7fc36006, org.springframework.security.web.authentication.AnonymousAuthenticationFilter@740fa2e8, org.springframework.security.web.access.ExceptionTranslationFilter@3b10dcf5, org.springframework.security.web.access.intercept.AuthorizationFilter@20569938]
2024-07-18 00:56:27.840 [restartedMain] INFO  o.s.b.w.e.tomcat.TomcatWebServer - Tomcat started on port 8081 (http) with context path '/'
2024-07-18 00:56:27.895 [restartedMain] INFO  c.n.b.BookStoreFrontApplication - Started BookStoreFrontApplication in 5.861 seconds (process running for 11.67)
2024-07-18 00:56:27.898 [scheduling-1] INFO  c.n.b.global.config.CacheConfig - Refresh categoriesCache completed.
2024-07-18 00:57:04.431 [restartedMain] INFO  c.n.b.BookStoreFrontApplication - Starting BookStoreFrontApplication using Java 21.0.3 with PID 45781 (/Users/dlrudgjs/Desktop/GitHub/book-store-front/target/classes started by dlrudgjs in /Users/dlrudgjs/Desktop/GitHub/book-store-front)
2024-07-18 00:57:04.435 [restartedMain] INFO  c.n.b.BookStoreFrontApplication - The following 1 profile is active: "dev"
2024-07-18 00:57:04.523 [restartedMain] INFO  o.s.b.d.e.DevToolsPropertyDefaultsPostProcessor - Devtools property defaults active! Set 'spring.devtools.add-properties' to 'false' to disable
2024-07-18 00:57:04.524 [restartedMain] INFO  o.s.b.d.e.DevToolsPropertyDefaultsPostProcessor - For additional web related logging consider setting the 'logging.level.web' property to 'DEBUG'
2024-07-18 00:57:05.622 [restartedMain] INFO  o.s.d.r.c.RepositoryConfigurationDelegate - Multiple Spring Data modules found, entering strict repository configuration mode
2024-07-18 00:57:05.625 [restartedMain] INFO  o.s.d.r.c.RepositoryConfigurationDelegate - Bootstrapping Spring Data Redis repositories in DEFAULT mode.
2024-07-18 00:57:05.656 [restartedMain] INFO  o.s.d.r.c.RepositoryConfigurationDelegate - Finished Spring Data repository scanning in 24 ms. Found 0 Redis repository interfaces.
2024-07-18 00:57:05.877 [restartedMain] INFO  o.s.cloud.context.scope.GenericScope - BeanFactory id=1039886f-b335-3755-825b-2a0b8fcf8631
2024-07-18 00:57:06.508 [restartedMain] INFO  o.s.b.w.e.tomcat.TomcatWebServer - Tomcat initialized with port 8081 (http)
2024-07-18 00:57:06.519 [restartedMain] INFO  o.a.catalina.core.StandardService - Starting service [Tomcat]
2024-07-18 00:57:06.519 [restartedMain] INFO  o.a.catalina.core.StandardEngine - Starting Servlet engine: [Apache Tomcat/10.1.24]
2024-07-18 00:57:06.549 [restartedMain] INFO  o.a.c.c.C.[Tomcat].[localhost].[/] - Initializing Spring embedded WebApplicationContext
2024-07-18 00:57:06.549 [restartedMain] INFO  o.s.b.w.s.c.ServletWebServerApplicationContext - Root WebApplicationContext: initialization completed in 2025 ms
2024-07-18 00:57:06.863 [restartedMain] INFO  o.s.b.d.a.OptionalLiveReloadServer - LiveReload server is running on port 35729
2024-07-18 00:57:08.145 [restartedMain] INFO  o.s.b.a.w.s.WelcomePageHandlerMapping - Adding welcome page template: index
2024-07-18 00:57:08.290 [restartedMain] INFO  o.s.s.web.DefaultSecurityFilterChain - Will secure any request with [org.springframework.security.web.session.DisableEncodeUrlFilter@a70bca9, org.springframework.security.web.context.request.async.WebAsyncManagerIntegrationFilter@2a3ceaa8, org.springframework.security.web.context.SecurityContextHolderFilter@5a077f9e, org.springframework.security.web.header.HeaderWriterFilter@3833afce, org.springframework.web.filter.CorsFilter@75662e67, org.springframework.security.web.authentication.logout.LogoutFilter@5070e769, org.springframework.security.web.savedrequest.RequestCacheAwareFilter@3b10dcf5, org.springframework.security.web.servletapi.SecurityContextHolderAwareRequestFilter@1de5d6e3, org.springframework.security.web.authentication.AnonymousAuthenticationFilter@62683a94, org.springframework.security.web.access.ExceptionTranslationFilter@6ddb6ae3, org.springframework.security.web.access.intercept.AuthorizationFilter@6227a44c]
2024-07-18 00:57:08.807 [restartedMain] INFO  o.s.b.w.e.tomcat.TomcatWebServer - Tomcat started on port 8081 (http) with context path '/'
2024-07-18 00:57:08.824 [restartedMain] INFO  c.n.b.BookStoreFrontApplication - Started BookStoreFrontApplication in 5.11 seconds (process running for 11.298)
2024-07-18 00:57:08.827 [scheduling-1] INFO  c.n.b.global.config.CacheConfig - Refresh categoriesCache completed.
2024-07-18 00:59:15.796 [restartedMain] INFO  c.n.b.BookStoreFrontApplication - Starting BookStoreFrontApplication using Java 21.0.3 with PID 46067 (/Users/dlrudgjs/Desktop/GitHub/book-store-front/target/classes started by dlrudgjs in /Users/dlrudgjs/Desktop/GitHub/book-store-front)
2024-07-18 00:59:15.804 [restartedMain] INFO  c.n.b.BookStoreFrontApplication - The following 1 profile is active: "dev"
2024-07-18 00:59:15.878 [restartedMain] INFO  o.s.b.d.e.DevToolsPropertyDefaultsPostProcessor - Devtools property defaults active! Set 'spring.devtools.add-properties' to 'false' to disable
2024-07-18 00:59:15.878 [restartedMain] INFO  o.s.b.d.e.DevToolsPropertyDefaultsPostProcessor - For additional web related logging consider setting the 'logging.level.web' property to 'DEBUG'
2024-07-18 00:59:17.523 [restartedMain] INFO  o.s.d.r.c.RepositoryConfigurationDelegate - Multiple Spring Data modules found, entering strict repository configuration mode
2024-07-18 00:59:17.527 [restartedMain] INFO  o.s.d.r.c.RepositoryConfigurationDelegate - Bootstrapping Spring Data Redis repositories in DEFAULT mode.
2024-07-18 00:59:17.566 [restartedMain] INFO  o.s.d.r.c.RepositoryConfigurationDelegate - Finished Spring Data repository scanning in 32 ms. Found 0 Redis repository interfaces.
2024-07-18 00:59:17.790 [restartedMain] INFO  o.s.cloud.context.scope.GenericScope - BeanFactory id=1039886f-b335-3755-825b-2a0b8fcf8631
2024-07-18 00:59:18.398 [restartedMain] INFO  o.s.b.w.e.tomcat.TomcatWebServer - Tomcat initialized with port 8081 (http)
2024-07-18 00:59:18.408 [restartedMain] INFO  o.a.catalina.core.StandardService - Starting service [Tomcat]
2024-07-18 00:59:18.409 [restartedMain] INFO  o.a.catalina.core.StandardEngine - Starting Servlet engine: [Apache Tomcat/10.1.24]
2024-07-18 00:59:18.446 [restartedMain] INFO  o.a.c.c.C.[Tomcat].[localhost].[/] - Initializing Spring embedded WebApplicationContext
2024-07-18 00:59:18.446 [restartedMain] INFO  o.s.b.w.s.c.ServletWebServerApplicationContext - Root WebApplicationContext: initialization completed in 2568 ms
2024-07-18 00:59:18.788 [restartedMain] INFO  o.s.b.d.a.OptionalLiveReloadServer - LiveReload server is running on port 35729
2024-07-18 00:59:20.081 [restartedMain] INFO  o.s.b.a.w.s.WelcomePageHandlerMapping - Adding welcome page template: index
2024-07-18 00:59:20.221 [restartedMain] INFO  o.s.s.web.DefaultSecurityFilterChain - Will secure any request with [org.springframework.security.web.session.DisableEncodeUrlFilter@3448525c, org.springframework.security.web.context.request.async.WebAsyncManagerIntegrationFilter@16824624, org.springframework.security.web.context.SecurityContextHolderFilter@4ced4c09, org.springframework.security.web.header.HeaderWriterFilter@2ed076db, org.springframework.web.filter.CorsFilter@64abac01, org.springframework.security.web.authentication.logout.LogoutFilter@433ff78c, org.springframework.security.web.savedrequest.RequestCacheAwareFilter@227cb15f, org.springframework.security.web.servletapi.SecurityContextHolderAwareRequestFilter@5e3cc9fc, org.springframework.security.web.authentication.AnonymousAuthenticationFilter@3ab916bf, org.springframework.security.web.access.ExceptionTranslationFilter@145b1a78, org.springframework.security.web.access.intercept.AuthorizationFilter@5ac503c6]
2024-07-18 00:59:21.184 [restartedMain] INFO  o.s.b.w.e.tomcat.TomcatWebServer - Tomcat started on port 8081 (http) with context path '/'
2024-07-18 00:59:21.201 [restartedMain] INFO  c.n.b.BookStoreFrontApplication - Started BookStoreFrontApplication in 6.216 seconds (process running for 12.019)
2024-07-18 00:59:21.244 [scheduling-1] INFO  c.n.b.global.config.CacheConfig - Refresh categoriesCache completed.
2024-07-18 00:59:25.732 [http-nio-8081-exec-2] INFO  o.a.c.c.C.[Tomcat].[localhost].[/] - Initializing Spring DispatcherServlet 'dispatcherServlet'
2024-07-18 00:59:25.733 [http-nio-8081-exec-2] INFO  o.s.web.servlet.DispatcherServlet - Initializing Servlet 'dispatcherServlet'
2024-07-18 00:59:25.735 [http-nio-8081-exec-2] INFO  o.s.web.servlet.DispatcherServlet - Completed initialization in 2 ms
2024-07-18 01:00:00.021 [scheduling-1] INFO  c.n.b.global.config.CacheConfig - Main Page Refresh cache completed.
2024-07-18 01:01:05.068 [main] INFO  c.n.b.BookStoreFrontApplicationTests - Starting BookStoreFrontApplicationTests using Java 21.0.3 with PID 46255 (started by dlrudgjs in /Users/dlrudgjs/Desktop/GitHub/book-store-front)
2024-07-18 01:01:05.071 [main] INFO  c.n.b.BookStoreFrontApplicationTests - The following 1 profile is active: "dev"
2024-07-18 01:01:07.537 [main] INFO  o.s.d.r.c.RepositoryConfigurationDelegate - Multiple Spring Data modules found, entering strict repository configuration mode
2024-07-18 01:01:07.542 [main] INFO  o.s.d.r.c.RepositoryConfigurationDelegate - Bootstrapping Spring Data Redis repositories in DEFAULT mode.
2024-07-18 01:01:07.605 [main] INFO  o.s.d.r.c.RepositoryConfigurationDelegate - Finished Spring Data repository scanning in 46 ms. Found 0 Redis repository interfaces.
2024-07-18 01:01:08.091 [main] INFO  o.s.cloud.context.scope.GenericScope - BeanFactory id=3e712b6b-ca32-3ba4-8251-7a2b585e495d
2024-07-18 01:01:12.130 [main] INFO  o.s.b.a.w.s.WelcomePageHandlerMapping - Adding welcome page template: index
2024-07-18 01:01:12.405 [main] INFO  o.s.s.web.DefaultSecurityFilterChain - Will secure any request with [org.springframework.security.web.session.DisableEncodeUrlFilter@4ee127c6, org.springframework.security.web.context.request.async.WebAsyncManagerIntegrationFilter@5e805a0d, org.springframework.security.web.context.SecurityContextHolderFilter@5ceb9fae, org.springframework.security.web.header.HeaderWriterFilter@151fce03, org.springframework.web.filter.CorsFilter@2bd89b8e, org.springframework.security.web.authentication.logout.LogoutFilter@250cb65a, org.springframework.security.web.savedrequest.RequestCacheAwareFilter@3d6e18b4, org.springframework.security.web.servletapi.SecurityContextHolderAwareRequestFilter@77e062f4, org.springframework.security.web.authentication.AnonymousAuthenticationFilter@4c49193a, org.springframework.security.web.access.ExceptionTranslationFilter@57bfaa41, org.springframework.security.web.access.intercept.AuthorizationFilter@771047b4]
2024-07-18 01:01:13.599 [main] INFO  c.n.b.BookStoreFrontApplicationTests - Started BookStoreFrontApplicationTests in 9.742 seconds (process running for 17.647)
2024-07-18 01:01:13.607 [scheduling-1] INFO  c.n.b.global.config.CacheConfig - Refresh categoriesCache completed.
2024-07-18 01:02:35.344 [restartedMain] INFO  c.n.b.BookStoreFrontApplication - Starting BookStoreFrontApplication using Java 21.0.3 with PID 46449 (/Users/dlrudgjs/Desktop/GitHub/book-store-front/target/classes started by dlrudgjs in /Users/dlrudgjs/Desktop/GitHub/book-store-front)
2024-07-18 01:02:35.348 [restartedMain] INFO  c.n.b.BookStoreFrontApplication - The following 1 profile is active: "dev"
2024-07-18 01:02:35.435 [restartedMain] INFO  o.s.b.d.e.DevToolsPropertyDefaultsPostProcessor - Devtools property defaults active! Set 'spring.devtools.add-properties' to 'false' to disable
2024-07-18 01:02:35.436 [restartedMain] INFO  o.s.b.d.e.DevToolsPropertyDefaultsPostProcessor - For additional web related logging consider setting the 'logging.level.web' property to 'DEBUG'
2024-07-18 01:02:36.587 [restartedMain] INFO  o.s.d.r.c.RepositoryConfigurationDelegate - Multiple Spring Data modules found, entering strict repository configuration mode
2024-07-18 01:02:36.590 [restartedMain] INFO  o.s.d.r.c.RepositoryConfigurationDelegate - Bootstrapping Spring Data Redis repositories in DEFAULT mode.
2024-07-18 01:02:36.627 [restartedMain] INFO  o.s.d.r.c.RepositoryConfigurationDelegate - Finished Spring Data repository scanning in 29 ms. Found 0 Redis repository interfaces.
2024-07-18 01:02:36.856 [restartedMain] INFO  o.s.cloud.context.scope.GenericScope - BeanFactory id=1039886f-b335-3755-825b-2a0b8fcf8631
2024-07-18 01:02:37.627 [restartedMain] INFO  o.s.b.w.e.tomcat.TomcatWebServer - Tomcat initialized with port 8081 (http)
2024-07-18 01:02:37.638 [restartedMain] INFO  o.a.catalina.core.StandardService - Starting service [Tomcat]
2024-07-18 01:02:37.639 [restartedMain] INFO  o.a.catalina.core.StandardEngine - Starting Servlet engine: [Apache Tomcat/10.1.24]
2024-07-18 01:02:37.695 [restartedMain] INFO  o.a.c.c.C.[Tomcat].[localhost].[/] - Initializing Spring embedded WebApplicationContext
2024-07-18 01:02:37.696 [restartedMain] INFO  o.s.b.w.s.c.ServletWebServerApplicationContext - Root WebApplicationContext: initialization completed in 2260 ms
2024-07-18 01:02:38.080 [restartedMain] INFO  o.s.b.d.a.OptionalLiveReloadServer - LiveReload server is running on port 35729
2024-07-18 01:02:39.417 [restartedMain] INFO  o.s.b.a.w.s.WelcomePageHandlerMapping - Adding welcome page template: index
2024-07-18 01:02:39.790 [restartedMain] INFO  o.s.s.web.DefaultSecurityFilterChain - Will secure any request with [org.springframework.security.web.session.DisableEncodeUrlFilter@552c6c53, org.springframework.security.web.context.request.async.WebAsyncManagerIntegrationFilter@ddd0123, org.springframework.security.web.context.SecurityContextHolderFilter@13598f3a, org.springframework.security.web.header.HeaderWriterFilter@255a9c85, org.springframework.web.filter.CorsFilter@2f8a8e56, org.springframework.security.web.authentication.logout.LogoutFilter@50375c64, org.springframework.security.web.savedrequest.RequestCacheAwareFilter@6ae59e78, org.springframework.security.web.servletapi.SecurityContextHolderAwareRequestFilter@4062cce3, org.springframework.security.web.authentication.AnonymousAuthenticationFilter@764de2e2, org.springframework.security.web.access.ExceptionTranslationFilter@7505d143, org.springframework.security.web.access.intercept.AuthorizationFilter@6468d3b5]
2024-07-18 01:02:40.872 [restartedMain] INFO  o.s.b.w.e.tomcat.TomcatWebServer - Tomcat started on port 8081 (http) with context path '/'
2024-07-18 01:02:40.891 [restartedMain] INFO  c.n.b.BookStoreFrontApplication - Started BookStoreFrontApplication in 6.247 seconds (process running for 12.169)
2024-07-18 01:02:40.895 [scheduling-1] INFO  c.n.b.global.config.CacheConfig - Refresh categoriesCache completed.
2024-07-18 01:04:24.704 [File Watcher] INFO  o.s.b.d.a.LocalDevToolsAutoConfiguration$RestartingClassPathChangeChangedEventListener - Restarting due to 1 class path change (0 additions, 0 deletions, 1 modification)
2024-07-18 01:04:26.258 [restartedMain] INFO  c.n.b.BookStoreFrontApplication - Starting BookStoreFrontApplication using Java 21.0.3 with PID 46449 (/Users/dlrudgjs/Desktop/GitHub/book-store-front/target/classes started by dlrudgjs in /Users/dlrudgjs/Desktop/GitHub/book-store-front)
2024-07-18 01:04:26.259 [restartedMain] INFO  c.n.b.BookStoreFrontApplication - The following 1 profile is active: "dev"
2024-07-18 01:04:26.850 [restartedMain] INFO  o.s.d.r.c.RepositoryConfigurationDelegate - Multiple Spring Data modules found, entering strict repository configuration mode
2024-07-18 01:04:26.856 [restartedMain] INFO  o.s.d.r.c.RepositoryConfigurationDelegate - Bootstrapping Spring Data Redis repositories in DEFAULT mode.
2024-07-18 01:04:26.904 [restartedMain] INFO  o.s.d.r.c.RepositoryConfigurationDelegate - Finished Spring Data repository scanning in 46 ms. Found 0 Redis repository interfaces.
2024-07-18 01:04:27.088 [restartedMain] INFO  o.s.cloud.context.scope.GenericScope - BeanFactory id=1039886f-b335-3755-825b-2a0b8fcf8631
2024-07-18 01:04:27.311 [restartedMain] INFO  o.s.b.w.e.tomcat.TomcatWebServer - Tomcat initialized with port 8081 (http)
2024-07-18 01:04:27.315 [restartedMain] INFO  o.a.catalina.core.StandardService - Starting service [Tomcat]
2024-07-18 01:04:27.315 [restartedMain] INFO  o.a.catalina.core.StandardEngine - Starting Servlet engine: [Apache Tomcat/10.1.24]
2024-07-18 01:04:27.333 [restartedMain] INFO  o.a.c.c.C.[Tomcat].[localhost].[/] - Initializing Spring embedded WebApplicationContext
2024-07-18 01:04:27.334 [restartedMain] INFO  o.s.b.w.s.c.ServletWebServerApplicationContext - Root WebApplicationContext: initialization completed in 1060 ms
2024-07-18 01:04:27.489 [restartedMain] INFO  o.s.b.d.a.OptionalLiveReloadServer - LiveReload server is running on port 35729
2024-07-18 01:04:28.552 [restartedMain] INFO  o.s.b.a.w.s.WelcomePageHandlerMapping - Adding welcome page template: index
2024-07-18 01:04:28.929 [restartedMain] INFO  o.s.s.web.DefaultSecurityFilterChain - Will secure any request with [org.springframework.security.web.session.DisableEncodeUrlFilter@5097ab97, org.springframework.security.web.context.request.async.WebAsyncManagerIntegrationFilter@34791e1d, org.springframework.security.web.context.SecurityContextHolderFilter@611fce68, org.springframework.security.web.header.HeaderWriterFilter@7a536e55, org.springframework.web.filter.CorsFilter@596b87a0, org.springframework.security.web.authentication.logout.LogoutFilter@712bec68, org.springframework.security.web.savedrequest.RequestCacheAwareFilter@2128fd53, org.springframework.security.web.servletapi.SecurityContextHolderAwareRequestFilter@f98e535, org.springframework.security.web.authentication.AnonymousAuthenticationFilter@5864cfc3, org.springframework.security.web.access.ExceptionTranslationFilter@4acc9a51, org.springframework.security.web.access.intercept.AuthorizationFilter@13a24593]
2024-07-18 01:04:29.623 [restartedMain] INFO  o.s.b.w.e.tomcat.TomcatWebServer - Tomcat started on port 8081 (http) with context path '/'
2024-07-18 01:04:29.644 [restartedMain] INFO  c.n.b.BookStoreFrontApplication - Started BookStoreFrontApplication in 4.68 seconds (process running for 120.921)
2024-07-18 01:04:29.645 [scheduling-1] INFO  c.n.b.global.config.CacheConfig - Refresh categoriesCache completed.
2024-07-18 01:04:29.665 [restartedMain] INFO  o.s.b.d.a.ConditionEvaluationDeltaLoggingListener - Condition evaluation unchanged
2024-07-18 01:04:57.418 [File Watcher] INFO  o.s.b.d.a.LocalDevToolsAutoConfiguration$RestartingClassPathChangeChangedEventListener - Restarting due to 2 class path changes (0 additions, 0 deletions, 2 modifications)
2024-07-18 01:04:58.873 [restartedMain] INFO  c.n.b.BookStoreFrontApplication - Starting BookStoreFrontApplication using Java 21.0.3 with PID 46449 (/Users/dlrudgjs/Desktop/GitHub/book-store-front/target/classes started by dlrudgjs in /Users/dlrudgjs/Desktop/GitHub/book-store-front)
2024-07-18 01:04:58.875 [restartedMain] INFO  c.n.b.BookStoreFrontApplication - The following 1 profile is active: "dev"
2024-07-18 01:04:59.300 [restartedMain] INFO  o.s.d.r.c.RepositoryConfigurationDelegate - Multiple Spring Data modules found, entering strict repository configuration mode
2024-07-18 01:04:59.301 [restartedMain] INFO  o.s.d.r.c.RepositoryConfigurationDelegate - Bootstrapping Spring Data Redis repositories in DEFAULT mode.
2024-07-18 01:04:59.313 [restartedMain] INFO  o.s.d.r.c.RepositoryConfigurationDelegate - Finished Spring Data repository scanning in 12 ms. Found 0 Redis repository interfaces.
2024-07-18 01:04:59.638 [restartedMain] INFO  o.s.cloud.context.scope.GenericScope - BeanFactory id=1039886f-b335-3755-825b-2a0b8fcf8631
2024-07-18 01:04:59.859 [restartedMain] INFO  o.s.b.w.e.tomcat.TomcatWebServer - Tomcat initialized with port 8081 (http)
2024-07-18 01:04:59.863 [restartedMain] INFO  o.a.catalina.core.StandardService - Starting service [Tomcat]
2024-07-18 01:04:59.864 [restartedMain] INFO  o.a.catalina.core.StandardEngine - Starting Servlet engine: [Apache Tomcat/10.1.24]
2024-07-18 01:04:59.882 [restartedMain] INFO  o.a.c.c.C.[Tomcat].[localhost].[/] - Initializing Spring embedded WebApplicationContext
2024-07-18 01:04:59.882 [restartedMain] INFO  o.s.b.w.s.c.ServletWebServerApplicationContext - Root WebApplicationContext: initialization completed in 994 ms
2024-07-18 01:05:00.006 [restartedMain] INFO  o.s.b.d.a.OptionalLiveReloadServer - LiveReload server is running on port 35729
2024-07-18 01:05:00.971 [restartedMain] INFO  o.s.b.a.w.s.WelcomePageHandlerMapping - Adding welcome page template: index
2024-07-18 01:05:01.059 [restartedMain] INFO  o.s.s.web.DefaultSecurityFilterChain - Will secure any request with [org.springframework.security.web.session.DisableEncodeUrlFilter@3db0e0cc, org.springframework.security.web.context.request.async.WebAsyncManagerIntegrationFilter@c7eb565, org.springframework.security.web.context.SecurityContextHolderFilter@532ca8ae, org.springframework.security.web.header.HeaderWriterFilter@5dcb4f87, org.springframework.web.filter.CorsFilter@424223ac, org.springframework.security.web.authentication.logout.LogoutFilter@740d203c, org.springframework.security.web.savedrequest.RequestCacheAwareFilter@1a88c15b, org.springframework.security.web.servletapi.SecurityContextHolderAwareRequestFilter@4562415c, org.springframework.security.web.authentication.AnonymousAuthenticationFilter@4e281b86, org.springframework.security.web.access.ExceptionTranslationFilter@6a86a670, org.springframework.security.web.access.intercept.AuthorizationFilter@37576624]
2024-07-18 01:05:01.607 [restartedMain] INFO  o.s.b.w.e.tomcat.TomcatWebServer - Tomcat started on port 8081 (http) with context path '/'
2024-07-18 01:05:01.629 [restartedMain] INFO  c.n.b.BookStoreFrontApplication - Started BookStoreFrontApplication in 4.019 seconds (process running for 152.906)
2024-07-18 01:05:01.634 [restartedMain] INFO  o.s.b.d.a.ConditionEvaluationDeltaLoggingListener - Condition evaluation unchanged
2024-07-18 01:05:01.641 [scheduling-1] INFO  c.n.b.global.config.CacheConfig - Refresh categoriesCache completed.
2024-07-18 01:05:38.975 [restartedMain] INFO  c.n.b.BookStoreFrontApplication - Starting BookStoreFrontApplication using Java 21.0.3 with PID 46695 (/Users/dlrudgjs/Desktop/GitHub/book-store-front/target/classes started by dlrudgjs in /Users/dlrudgjs/Desktop/GitHub/book-store-front)
2024-07-18 01:05:38.977 [restartedMain] INFO  c.n.b.BookStoreFrontApplication - The following 1 profile is active: "dev"
2024-07-18 01:05:39.042 [restartedMain] INFO  o.s.b.d.e.DevToolsPropertyDefaultsPostProcessor - Devtools property defaults active! Set 'spring.devtools.add-properties' to 'false' to disable
2024-07-18 01:05:39.044 [restartedMain] INFO  o.s.b.d.e.DevToolsPropertyDefaultsPostProcessor - For additional web related logging consider setting the 'logging.level.web' property to 'DEBUG'
2024-07-18 01:05:40.123 [restartedMain] INFO  o.s.d.r.c.RepositoryConfigurationDelegate - Multiple Spring Data modules found, entering strict repository configuration mode
2024-07-18 01:05:40.126 [restartedMain] INFO  o.s.d.r.c.RepositoryConfigurationDelegate - Bootstrapping Spring Data Redis repositories in DEFAULT mode.
2024-07-18 01:05:40.166 [restartedMain] INFO  o.s.d.r.c.RepositoryConfigurationDelegate - Finished Spring Data repository scanning in 33 ms. Found 0 Redis repository interfaces.
2024-07-18 01:05:40.383 [restartedMain] INFO  o.s.cloud.context.scope.GenericScope - BeanFactory id=1039886f-b335-3755-825b-2a0b8fcf8631
2024-07-18 01:05:40.977 [restartedMain] INFO  o.s.b.w.e.tomcat.TomcatWebServer - Tomcat initialized with port 8081 (http)
2024-07-18 01:05:40.986 [restartedMain] INFO  o.a.catalina.core.StandardService - Starting service [Tomcat]
2024-07-18 01:05:40.987 [restartedMain] INFO  o.a.catalina.core.StandardEngine - Starting Servlet engine: [Apache Tomcat/10.1.24]
2024-07-18 01:05:41.023 [restartedMain] INFO  o.a.c.c.C.[Tomcat].[localhost].[/] - Initializing Spring embedded WebApplicationContext
2024-07-18 01:05:41.023 [restartedMain] INFO  o.s.b.w.s.c.ServletWebServerApplicationContext - Root WebApplicationContext: initialization completed in 1978 ms
2024-07-18 01:05:41.343 [restartedMain] INFO  o.s.b.d.a.OptionalLiveReloadServer - LiveReload server is running on port 35729
2024-07-18 01:05:42.611 [restartedMain] INFO  o.s.b.a.w.s.WelcomePageHandlerMapping - Adding welcome page template: index
2024-07-18 01:05:42.760 [restartedMain] INFO  o.s.s.web.DefaultSecurityFilterChain - Will secure any request with [org.springframework.security.web.session.DisableEncodeUrlFilter@5ac503c6, org.springframework.security.web.context.request.async.WebAsyncManagerIntegrationFilter@2dde6241, org.springframework.security.web.context.SecurityContextHolderFilter@2ed076db, org.springframework.security.web.header.HeaderWriterFilter@145b1a78, org.springframework.web.filter.CorsFilter@3448525c, org.springframework.security.web.authentication.logout.LogoutFilter@5858f30f, org.springframework.security.web.savedrequest.RequestCacheAwareFilter@6c9288a9, org.springframework.security.web.servletapi.SecurityContextHolderAwareRequestFilter@2952fe26, org.springframework.security.web.authentication.AnonymousAuthenticationFilter@16824624, org.springframework.security.web.access.ExceptionTranslationFilter@d01ff61, org.springframework.security.web.access.intercept.AuthorizationFilter@47dbda9c]
2024-07-18 01:05:43.743 [restartedMain] INFO  o.s.b.w.e.tomcat.TomcatWebServer - Tomcat started on port 8081 (http) with context path '/'
2024-07-18 01:05:43.761 [restartedMain] INFO  c.n.b.BookStoreFrontApplication - Started BookStoreFrontApplication in 5.493 seconds (process running for 11.309)
2024-07-18 01:05:43.764 [scheduling-1] INFO  c.n.b.global.config.CacheConfig - Refresh categoriesCache completed.
2024-07-18 01:08:12.644 [restartedMain] INFO  c.n.b.BookStoreFrontApplication - Starting BookStoreFrontApplication using Java 21.0.3 with PID 46882 (/Users/dlrudgjs/Desktop/GitHub/book-store-front/target/classes started by dlrudgjs in /Users/dlrudgjs/Desktop/GitHub/book-store-front)
2024-07-18 01:08:12.649 [restartedMain] INFO  c.n.b.BookStoreFrontApplication - The following 1 profile is active: "dev"
2024-07-18 01:08:12.715 [restartedMain] INFO  o.s.b.d.e.DevToolsPropertyDefaultsPostProcessor - Devtools property defaults active! Set 'spring.devtools.add-properties' to 'false' to disable
2024-07-18 01:08:12.715 [restartedMain] INFO  o.s.b.d.e.DevToolsPropertyDefaultsPostProcessor - For additional web related logging consider setting the 'logging.level.web' property to 'DEBUG'
2024-07-18 01:08:13.821 [restartedMain] INFO  o.s.d.r.c.RepositoryConfigurationDelegate - Multiple Spring Data modules found, entering strict repository configuration mode
2024-07-18 01:08:13.824 [restartedMain] INFO  o.s.d.r.c.RepositoryConfigurationDelegate - Bootstrapping Spring Data Redis repositories in DEFAULT mode.
2024-07-18 01:08:13.865 [restartedMain] INFO  o.s.d.r.c.RepositoryConfigurationDelegate - Finished Spring Data repository scanning in 33 ms. Found 0 Redis repository interfaces.
2024-07-18 01:08:14.083 [restartedMain] INFO  o.s.cloud.context.scope.GenericScope - BeanFactory id=1039886f-b335-3755-825b-2a0b8fcf8631
2024-07-18 01:08:14.676 [restartedMain] INFO  o.s.b.w.e.tomcat.TomcatWebServer - Tomcat initialized with port 8081 (http)
2024-07-18 01:08:14.686 [restartedMain] INFO  o.a.catalina.core.StandardService - Starting service [Tomcat]
2024-07-18 01:08:14.686 [restartedMain] INFO  o.a.catalina.core.StandardEngine - Starting Servlet engine: [Apache Tomcat/10.1.24]
2024-07-18 01:08:14.720 [restartedMain] INFO  o.a.c.c.C.[Tomcat].[localhost].[/] - Initializing Spring embedded WebApplicationContext
2024-07-18 01:08:14.720 [restartedMain] INFO  o.s.b.w.s.c.ServletWebServerApplicationContext - Root WebApplicationContext: initialization completed in 2005 ms
2024-07-18 01:08:15.046 [restartedMain] INFO  o.s.b.d.a.OptionalLiveReloadServer - LiveReload server is running on port 35729
2024-07-18 01:08:16.311 [restartedMain] INFO  o.s.b.a.w.s.WelcomePageHandlerMapping - Adding welcome page template: index
2024-07-18 01:08:16.454 [restartedMain] INFO  o.s.s.web.DefaultSecurityFilterChain - Will secure any request with [org.springframework.security.web.session.DisableEncodeUrlFilter@47fcb29b, org.springframework.security.web.context.request.async.WebAsyncManagerIntegrationFilter@5ac503c6, org.springframework.security.web.context.SecurityContextHolderFilter@2ed076db, org.springframework.security.web.header.HeaderWriterFilter@145b1a78, org.springframework.web.filter.CorsFilter@2dde6241, org.springframework.security.web.authentication.logout.LogoutFilter@5858f30f, org.springframework.security.web.savedrequest.RequestCacheAwareFilter@6c9288a9, org.springframework.security.web.servletapi.SecurityContextHolderAwareRequestFilter@2952fe26, org.springframework.security.web.authentication.AnonymousAuthenticationFilter@3448525c, org.springframework.security.web.access.ExceptionTranslationFilter@d01ff61, org.springframework.security.web.access.intercept.AuthorizationFilter@11ede49]
2024-07-18 01:08:17.427 [restartedMain] INFO  o.s.b.w.e.tomcat.TomcatWebServer - Tomcat started on port 8081 (http) with context path '/'
2024-07-18 01:08:17.445 [restartedMain] INFO  c.n.b.BookStoreFrontApplication - Started BookStoreFrontApplication in 5.525 seconds (process running for 11.37)
2024-07-18 01:08:17.449 [scheduling-1] INFO  c.n.b.global.config.CacheConfig - Refresh categoriesCache completed.
2024-07-18 01:08:36.723 [restartedMain] INFO  c.n.b.BookStoreFrontApplication - Starting BookStoreFrontApplication using Java 21.0.3 with PID 46913 (/Users/dlrudgjs/Desktop/GitHub/book-store-front/target/classes started by dlrudgjs in /Users/dlrudgjs/Desktop/GitHub/book-store-front)
2024-07-18 01:08:36.727 [restartedMain] INFO  c.n.b.BookStoreFrontApplication - The following 1 profile is active: "dev"
2024-07-18 01:08:36.794 [restartedMain] INFO  o.s.b.d.e.DevToolsPropertyDefaultsPostProcessor - Devtools property defaults active! Set 'spring.devtools.add-properties' to 'false' to disable
2024-07-18 01:08:36.795 [restartedMain] INFO  o.s.b.d.e.DevToolsPropertyDefaultsPostProcessor - For additional web related logging consider setting the 'logging.level.web' property to 'DEBUG'
2024-07-18 01:08:37.897 [restartedMain] INFO  o.s.d.r.c.RepositoryConfigurationDelegate - Multiple Spring Data modules found, entering strict repository configuration mode
2024-07-18 01:08:37.900 [restartedMain] INFO  o.s.d.r.c.RepositoryConfigurationDelegate - Bootstrapping Spring Data Redis repositories in DEFAULT mode.
2024-07-18 01:08:37.939 [restartedMain] INFO  o.s.d.r.c.RepositoryConfigurationDelegate - Finished Spring Data repository scanning in 33 ms. Found 0 Redis repository interfaces.
2024-07-18 01:08:38.154 [restartedMain] INFO  o.s.cloud.context.scope.GenericScope - BeanFactory id=1039886f-b335-3755-825b-2a0b8fcf8631
2024-07-18 01:08:38.754 [restartedMain] INFO  o.s.b.w.e.tomcat.TomcatWebServer - Tomcat initialized with port 8081 (http)
2024-07-18 01:08:38.763 [restartedMain] INFO  o.a.catalina.core.StandardService - Starting service [Tomcat]
2024-07-18 01:08:38.764 [restartedMain] INFO  o.a.catalina.core.StandardEngine - Starting Servlet engine: [Apache Tomcat/10.1.24]
2024-07-18 01:08:38.793 [restartedMain] INFO  o.a.c.c.C.[Tomcat].[localhost].[/] - Initializing Spring embedded WebApplicationContext
2024-07-18 01:08:38.794 [restartedMain] INFO  o.s.b.w.s.c.ServletWebServerApplicationContext - Root WebApplicationContext: initialization completed in 1999 ms
2024-07-18 01:08:39.117 [restartedMain] INFO  o.s.b.d.a.OptionalLiveReloadServer - LiveReload server is running on port 35729
2024-07-18 01:08:40.399 [restartedMain] INFO  o.s.b.a.w.s.WelcomePageHandlerMapping - Adding welcome page template: index
2024-07-18 01:08:40.540 [restartedMain] INFO  o.s.s.web.DefaultSecurityFilterChain - Will secure any request with [org.springframework.security.web.session.DisableEncodeUrlFilter@47dbda9c, org.springframework.security.web.context.request.async.WebAsyncManagerIntegrationFilter@47fcb29b, org.springframework.security.web.context.SecurityContextHolderFilter@55eea634, org.springframework.security.web.header.HeaderWriterFilter@207b67dd, org.springframework.web.filter.CorsFilter@5ac503c6, org.springframework.security.web.authentication.logout.LogoutFilter@3cff67c6, org.springframework.security.web.savedrequest.RequestCacheAwareFilter@629431a3, org.springframework.security.web.servletapi.SecurityContextHolderAwareRequestFilter@6e55d9ef, org.springframework.security.web.authentication.AnonymousAuthenticationFilter@2dde6241, org.springframework.security.web.access.ExceptionTranslationFilter@46be4557, org.springframework.security.web.access.intercept.AuthorizationFilter@5289e5bf]
2024-07-18 01:08:41.537 [restartedMain] INFO  o.s.b.w.e.tomcat.TomcatWebServer - Tomcat started on port 8081 (http) with context path '/'
2024-07-18 01:08:41.556 [restartedMain] INFO  c.n.b.BookStoreFrontApplication - Started BookStoreFrontApplication in 5.546 seconds (process running for 11.395)
2024-07-18 01:08:41.559 [scheduling-1] INFO  c.n.b.global.config.CacheConfig - Refresh categoriesCache completed.
2024-07-18 01:08:46.971 [http-nio-8081-exec-1] INFO  o.a.c.c.C.[Tomcat].[localhost].[/] - Initializing Spring DispatcherServlet 'dispatcherServlet'
2024-07-18 01:08:46.972 [http-nio-8081-exec-1] INFO  o.s.web.servlet.DispatcherServlet - Initializing Servlet 'dispatcherServlet'
2024-07-18 01:08:46.974 [http-nio-8081-exec-1] INFO  o.s.web.servlet.DispatcherServlet - Completed initialization in 2 ms
2024-07-18 01:09:00.306 [File Watcher] INFO  o.s.b.d.a.LocalDevToolsAutoConfiguration$RestartingClassPathChangeChangedEventListener - Restarting due to 1 class path change (0 additions, 0 deletions, 1 modification)
2024-07-18 01:09:01.825 [restartedMain] INFO  c.n.b.BookStoreFrontApplication - Starting BookStoreFrontApplication using Java 21.0.3 with PID 46913 (/Users/dlrudgjs/Desktop/GitHub/book-store-front/target/classes started by dlrudgjs in /Users/dlrudgjs/Desktop/GitHub/book-store-front)
2024-07-18 01:09:01.827 [restartedMain] INFO  c.n.b.BookStoreFrontApplication - The following 1 profile is active: "dev"
2024-07-18 01:09:02.403 [restartedMain] INFO  o.s.d.r.c.RepositoryConfigurationDelegate - Multiple Spring Data modules found, entering strict repository configuration mode
2024-07-18 01:09:02.409 [restartedMain] INFO  o.s.d.r.c.RepositoryConfigurationDelegate - Bootstrapping Spring Data Redis repositories in DEFAULT mode.
2024-07-18 01:09:02.435 [restartedMain] INFO  o.s.d.r.c.RepositoryConfigurationDelegate - Finished Spring Data repository scanning in 24 ms. Found 0 Redis repository interfaces.
2024-07-18 01:09:02.580 [restartedMain] INFO  o.s.cloud.context.scope.GenericScope - BeanFactory id=1039886f-b335-3755-825b-2a0b8fcf8631
2024-07-18 01:09:02.789 [restartedMain] INFO  o.s.b.w.e.tomcat.TomcatWebServer - Tomcat initialized with port 8081 (http)
2024-07-18 01:09:02.793 [restartedMain] INFO  o.a.catalina.core.StandardService - Starting service [Tomcat]
2024-07-18 01:09:02.793 [restartedMain] INFO  o.a.catalina.core.StandardEngine - Starting Servlet engine: [Apache Tomcat/10.1.24]
2024-07-18 01:09:02.811 [restartedMain] INFO  o.a.c.c.C.[Tomcat].[localhost].[/] - Initializing Spring embedded WebApplicationContext
2024-07-18 01:09:02.813 [restartedMain] INFO  o.s.b.w.s.c.ServletWebServerApplicationContext - Root WebApplicationContext: initialization completed in 973 ms
2024-07-18 01:09:02.937 [restartedMain] INFO  o.s.b.d.a.OptionalLiveReloadServer - LiveReload server is running on port 35729
2024-07-18 01:09:03.915 [restartedMain] INFO  o.s.b.a.w.s.WelcomePageHandlerMapping - Adding welcome page template: index
2024-07-18 01:09:04.178 [restartedMain] INFO  o.s.s.web.DefaultSecurityFilterChain - Will secure any request with [org.springframework.security.web.session.DisableEncodeUrlFilter@d624bb9, org.springframework.security.web.context.request.async.WebAsyncManagerIntegrationFilter@2f1c9bc2, org.springframework.security.web.context.SecurityContextHolderFilter@4ed83f88, org.springframework.security.web.header.HeaderWriterFilter@7b15232, org.springframework.web.filter.CorsFilter@3aef3e6, org.springframework.security.web.authentication.logout.LogoutFilter@2c9364e3, org.springframework.security.web.savedrequest.RequestCacheAwareFilter@4dbf355f, org.springframework.security.web.servletapi.SecurityContextHolderAwareRequestFilter@2e15dc41, org.springframework.security.web.authentication.AnonymousAuthenticationFilter@542cf04a, org.springframework.security.web.access.ExceptionTranslationFilter@6e01a900, org.springframework.security.web.access.intercept.AuthorizationFilter@7e253e1f]
2024-07-18 01:09:04.630 [restartedMain] INFO  o.s.b.w.e.tomcat.TomcatWebServer - Tomcat started on port 8081 (http) with context path '/'
2024-07-18 01:09:04.644 [restartedMain] INFO  c.n.b.BookStoreFrontApplication - Started BookStoreFrontApplication in 4.106 seconds (process running for 34.483)
2024-07-18 01:09:04.657 [scheduling-1] INFO  c.n.b.global.config.CacheConfig - Refresh categoriesCache completed.
2024-07-18 01:09:04.666 [restartedMain] INFO  o.s.b.d.a.ConditionEvaluationDeltaLoggingListener - Condition evaluation unchanged
2024-07-18 01:09:06.432 [http-nio-8081-exec-1] INFO  o.a.c.c.C.[Tomcat].[localhost].[/] - Initializing Spring DispatcherServlet 'dispatcherServlet'
2024-07-18 01:09:06.434 [http-nio-8081-exec-1] INFO  o.s.web.servlet.DispatcherServlet - Initializing Servlet 'dispatcherServlet'
2024-07-18 01:09:06.438 [http-nio-8081-exec-1] INFO  o.s.web.servlet.DispatcherServlet - Completed initialization in 4 ms
2024-07-18 01:14:04.667 [scheduling-1] INFO  c.n.b.global.config.CacheConfig - Refresh categoriesCache completed.
2024-07-18 01:19:04.671 [scheduling-1] INFO  c.n.b.global.config.CacheConfig - Refresh categoriesCache completed.
2024-07-18 01:24:04.677 [scheduling-1] INFO  c.n.b.global.config.CacheConfig - Refresh categoriesCache completed.
2024-07-18 01:29:04.674 [scheduling-1] INFO  c.n.b.global.config.CacheConfig - Refresh categoriesCache completed.
2024-07-18 01:34:04.673 [scheduling-1] INFO  c.n.b.global.config.CacheConfig - Refresh categoriesCache completed.
2024-07-18 01:39:04.682 [scheduling-1] INFO  c.n.b.global.config.CacheConfig - Refresh categoriesCache completed.
2024-07-18 08:38:55.920 [restartedMain] INFO  c.n.b.BookStoreFrontApplication - Starting BookStoreFrontApplication using Java 21.0.3 with PID 51276 (/Users/dlrudgjs/Desktop/GitHub/book-store-front/target/classes started by dlrudgjs in /Users/dlrudgjs/Desktop/GitHub/book-store-front)
2024-07-18 08:38:55.924 [restartedMain] INFO  c.n.b.BookStoreFrontApplication - The following 1 profile is active: "dev"
2024-07-18 08:38:56.000 [restartedMain] INFO  o.s.b.d.e.DevToolsPropertyDefaultsPostProcessor - Devtools property defaults active! Set 'spring.devtools.add-properties' to 'false' to disable
2024-07-18 08:38:56.001 [restartedMain] INFO  o.s.b.d.e.DevToolsPropertyDefaultsPostProcessor - For additional web related logging consider setting the 'logging.level.web' property to 'DEBUG'
2024-07-18 08:38:57.130 [restartedMain] INFO  o.s.d.r.c.RepositoryConfigurationDelegate - Multiple Spring Data modules found, entering strict repository configuration mode
2024-07-18 08:38:57.133 [restartedMain] INFO  o.s.d.r.c.RepositoryConfigurationDelegate - Bootstrapping Spring Data Redis repositories in DEFAULT mode.
2024-07-18 08:38:57.176 [restartedMain] INFO  o.s.d.r.c.RepositoryConfigurationDelegate - Finished Spring Data repository scanning in 35 ms. Found 0 Redis repository interfaces.
2024-07-18 08:38:57.427 [restartedMain] INFO  o.s.cloud.context.scope.GenericScope - BeanFactory id=1039886f-b335-3755-825b-2a0b8fcf8631
2024-07-18 08:38:58.094 [restartedMain] INFO  o.s.b.w.e.tomcat.TomcatWebServer - Tomcat initialized with port 8081 (http)
2024-07-18 08:38:58.105 [restartedMain] INFO  o.a.catalina.core.StandardService - Starting service [Tomcat]
2024-07-18 08:38:58.107 [restartedMain] INFO  o.a.catalina.core.StandardEngine - Starting Servlet engine: [Apache Tomcat/10.1.24]
2024-07-18 08:38:58.143 [restartedMain] INFO  o.a.c.c.C.[Tomcat].[localhost].[/] - Initializing Spring embedded WebApplicationContext
2024-07-18 08:38:58.143 [restartedMain] INFO  o.s.b.w.s.c.ServletWebServerApplicationContext - Root WebApplicationContext: initialization completed in 2142 ms
2024-07-18 08:38:58.518 [restartedMain] INFO  o.s.b.d.a.OptionalLiveReloadServer - LiveReload server is running on port 35729
2024-07-18 08:38:59.892 [restartedMain] INFO  o.s.b.a.w.s.WelcomePageHandlerMapping - Adding welcome page template: index
2024-07-18 08:39:00.026 [restartedMain] INFO  o.s.s.web.DefaultSecurityFilterChain - Will secure any request with [org.springframework.security.web.session.DisableEncodeUrlFilter@7150c377, org.springframework.security.web.context.request.async.WebAsyncManagerIntegrationFilter@3ae2f0c, org.springframework.security.web.context.SecurityContextHolderFilter@60a1afd3, org.springframework.security.web.header.HeaderWriterFilter@1416c272, org.springframework.web.filter.CorsFilter@64942b36, org.springframework.security.web.authentication.logout.LogoutFilter@1ef58f6e, org.springframework.security.web.savedrequest.RequestCacheAwareFilter@6bc21058, org.springframework.security.web.servletapi.SecurityContextHolderAwareRequestFilter@6ddb6ae3, org.springframework.security.web.authentication.AnonymousAuthenticationFilter@39c5be77, org.springframework.security.web.access.ExceptionTranslationFilter@29e473c5, org.springframework.security.web.access.intercept.AuthorizationFilter@4c957906]
2024-07-18 08:39:01.037 [restartedMain] INFO  o.s.b.w.e.tomcat.TomcatWebServer - Tomcat started on port 8081 (http) with context path '/'
2024-07-18 08:39:01.054 [restartedMain] INFO  c.n.b.BookStoreFrontApplication - Started BookStoreFrontApplication in 5.919 seconds (process running for 11.826)
2024-07-18 08:39:01.057 [scheduling-1] INFO  c.n.b.global.config.CacheConfig - Refresh categoriesCache completed.
2024-07-18 08:40:14.835 [http-nio-8081-exec-1] INFO  o.a.c.c.C.[Tomcat].[localhost].[/] - Initializing Spring DispatcherServlet 'dispatcherServlet'
2024-07-18 08:40:14.839 [http-nio-8081-exec-1] INFO  o.s.web.servlet.DispatcherServlet - Initializing Servlet 'dispatcherServlet'
2024-07-18 08:40:14.852 [http-nio-8081-exec-1] INFO  o.s.web.servlet.DispatcherServlet - Completed initialization in 13 ms
2024-07-18 08:41:57.906 [restartedMain] INFO  c.n.b.BookStoreFrontApplication - Starting BookStoreFrontApplication using Java 21.0.3 with PID 51324 (/Users/dlrudgjs/Desktop/GitHub/book-store-front/target/classes started by dlrudgjs in /Users/dlrudgjs/Desktop/GitHub/book-store-front)
2024-07-18 08:41:57.909 [restartedMain] INFO  c.n.b.BookStoreFrontApplication - The following 1 profile is active: "dev"
2024-07-18 08:41:57.970 [restartedMain] INFO  o.s.b.d.e.DevToolsPropertyDefaultsPostProcessor - Devtools property defaults active! Set 'spring.devtools.add-properties' to 'false' to disable
2024-07-18 08:41:57.971 [restartedMain] INFO  o.s.b.d.e.DevToolsPropertyDefaultsPostProcessor - For additional web related logging consider setting the 'logging.level.web' property to 'DEBUG'
2024-07-18 08:41:59.033 [restartedMain] INFO  o.s.d.r.c.RepositoryConfigurationDelegate - Multiple Spring Data modules found, entering strict repository configuration mode
2024-07-18 08:41:59.036 [restartedMain] INFO  o.s.d.r.c.RepositoryConfigurationDelegate - Bootstrapping Spring Data Redis repositories in DEFAULT mode.
2024-07-18 08:41:59.075 [restartedMain] INFO  o.s.d.r.c.RepositoryConfigurationDelegate - Finished Spring Data repository scanning in 32 ms. Found 0 Redis repository interfaces.
2024-07-18 08:41:59.297 [restartedMain] INFO  o.s.cloud.context.scope.GenericScope - BeanFactory id=1039886f-b335-3755-825b-2a0b8fcf8631
2024-07-18 08:41:59.901 [restartedMain] INFO  o.s.b.w.e.tomcat.TomcatWebServer - Tomcat initialized with port 8081 (http)
2024-07-18 08:41:59.914 [restartedMain] INFO  o.a.catalina.core.StandardService - Starting service [Tomcat]
2024-07-18 08:41:59.915 [restartedMain] INFO  o.a.catalina.core.StandardEngine - Starting Servlet engine: [Apache Tomcat/10.1.24]
2024-07-18 08:41:59.944 [restartedMain] INFO  o.a.c.c.C.[Tomcat].[localhost].[/] - Initializing Spring embedded WebApplicationContext
2024-07-18 08:41:59.944 [restartedMain] INFO  o.s.b.w.s.c.ServletWebServerApplicationContext - Root WebApplicationContext: initialization completed in 1973 ms
2024-07-18 08:42:00.273 [restartedMain] INFO  o.s.b.d.a.OptionalLiveReloadServer - LiveReload server is running on port 35729
2024-07-18 08:42:01.515 [restartedMain] INFO  o.s.b.a.w.s.WelcomePageHandlerMapping - Adding welcome page template: index
2024-07-18 08:42:01.649 [restartedMain] INFO  o.s.s.web.DefaultSecurityFilterChain - Will secure any request with [org.springframework.security.web.session.DisableEncodeUrlFilter@4822b5d6, org.springframework.security.web.context.request.async.WebAsyncManagerIntegrationFilter@7150c377, org.springframework.security.web.context.SecurityContextHolderFilter@7c78202e, org.springframework.security.web.header.HeaderWriterFilter@61a68de1, org.springframework.web.filter.CorsFilter@3ae2f0c, org.springframework.security.web.authentication.logout.LogoutFilter@29a53d96, org.springframework.security.web.savedrequest.RequestCacheAwareFilter@6e55d9ef, org.springframework.security.web.servletapi.SecurityContextHolderAwareRequestFilter@530947f5, org.springframework.security.web.authentication.AnonymousAuthenticationFilter@64942b36, org.springframework.security.web.access.ExceptionTranslationFilter@629431a3, org.springframework.security.web.access.intercept.AuthorizationFilter@3ab916bf]
2024-07-18 08:42:02.626 [restartedMain] INFO  o.s.b.w.e.tomcat.TomcatWebServer - Tomcat started on port 8081 (http) with context path '/'
2024-07-18 08:42:02.644 [restartedMain] INFO  c.n.b.BookStoreFrontApplication - Started BookStoreFrontApplication in 5.453 seconds (process running for 11.524)
2024-07-18 08:42:02.647 [scheduling-1] INFO  c.n.b.global.config.CacheConfig - Refresh categoriesCache completed.
2024-07-18 08:42:19.440 [File Watcher] INFO  o.s.b.d.a.LocalDevToolsAutoConfiguration$RestartingClassPathChangeChangedEventListener - Restarting due to 1 class path change (0 additions, 0 deletions, 1 modification)
2024-07-18 08:42:20.846 [restartedMain] INFO  c.n.b.BookStoreFrontApplication - Starting BookStoreFrontApplication using Java 21.0.3 with PID 51324 (/Users/dlrudgjs/Desktop/GitHub/book-store-front/target/classes started by dlrudgjs in /Users/dlrudgjs/Desktop/GitHub/book-store-front)
2024-07-18 08:42:20.848 [restartedMain] INFO  c.n.b.BookStoreFrontApplication - The following 1 profile is active: "dev"
2024-07-18 08:42:21.436 [restartedMain] INFO  o.s.d.r.c.RepositoryConfigurationDelegate - Multiple Spring Data modules found, entering strict repository configuration mode
2024-07-18 08:42:21.441 [restartedMain] INFO  o.s.d.r.c.RepositoryConfigurationDelegate - Bootstrapping Spring Data Redis repositories in DEFAULT mode.
2024-07-18 08:42:21.465 [restartedMain] INFO  o.s.d.r.c.RepositoryConfigurationDelegate - Finished Spring Data repository scanning in 22 ms. Found 0 Redis repository interfaces.
2024-07-18 08:42:21.594 [restartedMain] INFO  o.s.cloud.context.scope.GenericScope - BeanFactory id=1039886f-b335-3755-825b-2a0b8fcf8631
2024-07-18 08:42:21.830 [restartedMain] INFO  o.s.b.w.e.tomcat.TomcatWebServer - Tomcat initialized with port 8081 (http)
2024-07-18 08:42:21.834 [restartedMain] INFO  o.a.catalina.core.StandardService - Starting service [Tomcat]
2024-07-18 08:42:21.834 [restartedMain] INFO  o.a.catalina.core.StandardEngine - Starting Servlet engine: [Apache Tomcat/10.1.24]
2024-07-18 08:42:21.852 [restartedMain] INFO  o.a.c.c.C.[Tomcat].[localhost].[/] - Initializing Spring embedded WebApplicationContext
2024-07-18 08:42:21.852 [restartedMain] INFO  o.s.b.w.s.c.ServletWebServerApplicationContext - Root WebApplicationContext: initialization completed in 991 ms
2024-07-18 08:42:21.968 [restartedMain] INFO  o.s.b.d.a.OptionalLiveReloadServer - LiveReload server is running on port 35729
2024-07-18 08:42:22.921 [restartedMain] INFO  o.s.b.a.w.s.WelcomePageHandlerMapping - Adding welcome page template: index
2024-07-18 08:42:23.020 [restartedMain] INFO  o.s.s.web.DefaultSecurityFilterChain - Will secure any request with [org.springframework.security.web.session.DisableEncodeUrlFilter@6b134af6, org.springframework.security.web.context.request.async.WebAsyncManagerIntegrationFilter@7e647e79, org.springframework.security.web.context.SecurityContextHolderFilter@4f1e884, org.springframework.security.web.header.HeaderWriterFilter@43581ba5, org.springframework.web.filter.CorsFilter@120cd0f4, org.springframework.security.web.authentication.logout.LogoutFilter@72f17a05, org.springframework.security.web.savedrequest.RequestCacheAwareFilter@3f2db86e, org.springframework.security.web.servletapi.SecurityContextHolderAwareRequestFilter@7a49b1af, org.springframework.security.web.authentication.AnonymousAuthenticationFilter@70db252e, org.springframework.security.web.access.ExceptionTranslationFilter@2e9d679b, org.springframework.security.web.access.intercept.AuthorizationFilter@5a670a59]
2024-07-18 08:42:23.571 [restartedMain] INFO  o.s.b.w.e.tomcat.TomcatWebServer - Tomcat started on port 8081 (http) with context path '/'
2024-07-18 08:42:23.589 [restartedMain] INFO  c.n.b.BookStoreFrontApplication - Started BookStoreFrontApplication in 3.974 seconds (process running for 32.469)
2024-07-18 08:42:23.599 [scheduling-1] INFO  c.n.b.global.config.CacheConfig - Refresh categoriesCache completed.
2024-07-18 08:42:23.611 [restartedMain] INFO  o.s.b.d.a.ConditionEvaluationDeltaLoggingListener - Condition evaluation unchanged
2024-07-18 08:47:23.617 [scheduling-1] INFO  c.n.b.global.config.CacheConfig - Refresh categoriesCache completed.
2024-07-18 08:49:54.620 [restartedMain] INFO  c.n.b.BookStoreFrontApplication - Starting BookStoreFrontApplication using Java 21.0.3 with PID 51382 (/Users/dlrudgjs/Desktop/GitHub/book-store-front/target/classes started by dlrudgjs in /Users/dlrudgjs/Desktop/GitHub/book-store-front)
2024-07-18 08:49:54.627 [restartedMain] INFO  c.n.b.BookStoreFrontApplication - The following 1 profile is active: "dev"
2024-07-18 08:49:54.728 [restartedMain] INFO  o.s.b.d.e.DevToolsPropertyDefaultsPostProcessor - Devtools property defaults active! Set 'spring.devtools.add-properties' to 'false' to disable
2024-07-18 08:49:54.732 [restartedMain] INFO  o.s.b.d.e.DevToolsPropertyDefaultsPostProcessor - For additional web related logging consider setting the 'logging.level.web' property to 'DEBUG'
2024-07-18 08:49:55.864 [restartedMain] INFO  o.s.d.r.c.RepositoryConfigurationDelegate - Multiple Spring Data modules found, entering strict repository configuration mode
2024-07-18 08:49:55.867 [restartedMain] INFO  o.s.d.r.c.RepositoryConfigurationDelegate - Bootstrapping Spring Data Redis repositories in DEFAULT mode.
2024-07-18 08:49:55.909 [restartedMain] INFO  o.s.d.r.c.RepositoryConfigurationDelegate - Finished Spring Data repository scanning in 34 ms. Found 0 Redis repository interfaces.
2024-07-18 08:49:56.129 [restartedMain] INFO  o.s.cloud.context.scope.GenericScope - BeanFactory id=1039886f-b335-3755-825b-2a0b8fcf8631
2024-07-18 08:49:56.725 [restartedMain] INFO  o.s.b.w.e.tomcat.TomcatWebServer - Tomcat initialized with port 8081 (http)
2024-07-18 08:49:56.734 [restartedMain] INFO  o.a.catalina.core.StandardService - Starting service [Tomcat]
2024-07-18 08:49:56.735 [restartedMain] INFO  o.a.catalina.core.StandardEngine - Starting Servlet engine: [Apache Tomcat/10.1.24]
2024-07-18 08:49:56.764 [restartedMain] INFO  o.a.c.c.C.[Tomcat].[localhost].[/] - Initializing Spring embedded WebApplicationContext
2024-07-18 08:49:56.765 [restartedMain] INFO  o.s.b.w.s.c.ServletWebServerApplicationContext - Root WebApplicationContext: initialization completed in 2032 ms
2024-07-18 08:49:57.089 [restartedMain] INFO  o.s.b.d.a.OptionalLiveReloadServer - LiveReload server is running on port 35729
2024-07-18 08:49:58.336 [restartedMain] INFO  o.s.b.a.w.s.WelcomePageHandlerMapping - Adding welcome page template: index
2024-07-18 08:49:58.482 [restartedMain] INFO  o.s.s.web.DefaultSecurityFilterChain - Will secure any request with [org.springframework.security.web.session.DisableEncodeUrlFilter@68c0b211, org.springframework.security.web.context.request.async.WebAsyncManagerIntegrationFilter@3edc02dc, org.springframework.security.web.context.SecurityContextHolderFilter@4bef4f8c, org.springframework.security.web.header.HeaderWriterFilter@6bc21058, org.springframework.web.filter.CorsFilter@67052d71, org.springframework.security.web.authentication.logout.LogoutFilter@5f8f82fb, org.springframework.security.web.savedrequest.RequestCacheAwareFilter@297b0979, org.springframework.security.web.servletapi.SecurityContextHolderAwareRequestFilter@466cfcee, org.springframework.security.web.authentication.AnonymousAuthenticationFilter@518eebfe, org.springframework.security.web.access.ExceptionTranslationFilter@5e3cc9fc, org.springframework.security.web.access.intercept.AuthorizationFilter@6fc6c8ce]
2024-07-18 08:49:59.449 [restartedMain] INFO  o.s.b.w.e.tomcat.TomcatWebServer - Tomcat started on port 8081 (http) with context path '/'
2024-07-18 08:49:59.467 [restartedMain] INFO  c.n.b.BookStoreFrontApplication - Started BookStoreFrontApplication in 5.645 seconds (process running for 11.51)
2024-07-18 08:49:59.470 [scheduling-1] INFO  c.n.b.global.config.CacheConfig - Refresh categoriesCache completed.
2024-07-18 08:54:59.499 [scheduling-1] INFO  c.n.b.global.config.CacheConfig - Refresh categoriesCache completed.
2024-07-18 08:59:59.502 [scheduling-1] INFO  c.n.b.global.config.CacheConfig - Refresh categoriesCache completed.
2024-07-18 09:00:00.082 [scheduling-1] INFO  c.n.b.global.config.CacheConfig - Main Page Refresh cache completed.
2024-07-18 09:04:59.507 [scheduling-1] INFO  c.n.b.global.config.CacheConfig - Refresh categoriesCache completed.
2024-07-18 09:09:59.501 [scheduling-1] INFO  c.n.b.global.config.CacheConfig - Refresh categoriesCache completed.
2024-07-18 09:11:25.101 [File Watcher] INFO  o.s.b.d.a.LocalDevToolsAutoConfiguration$RestartingClassPathChangeChangedEventListener - Restarting due to 1 class path change (0 additions, 0 deletions, 1 modification)
2024-07-18 09:11:26.741 [restartedMain] INFO  c.n.b.BookStoreFrontApplication - Starting BookStoreFrontApplication using Java 21.0.3 with PID 51382 (/Users/dlrudgjs/Desktop/GitHub/book-store-front/target/classes started by dlrudgjs in /Users/dlrudgjs/Desktop/GitHub/book-store-front)
2024-07-18 09:11:26.745 [restartedMain] INFO  c.n.b.BookStoreFrontApplication - The following 1 profile is active: "dev"
2024-07-18 09:11:27.411 [restartedMain] INFO  o.s.d.r.c.RepositoryConfigurationDelegate - Multiple Spring Data modules found, entering strict repository configuration mode
2024-07-18 09:11:27.411 [restartedMain] INFO  o.s.d.r.c.RepositoryConfigurationDelegate - Bootstrapping Spring Data Redis repositories in DEFAULT mode.
2024-07-18 09:11:27.427 [restartedMain] INFO  o.s.d.r.c.RepositoryConfigurationDelegate - Finished Spring Data repository scanning in 15 ms. Found 0 Redis repository interfaces.
2024-07-18 09:11:27.577 [restartedMain] INFO  o.s.cloud.context.scope.GenericScope - BeanFactory id=1039886f-b335-3755-825b-2a0b8fcf8631
2024-07-18 09:11:28.159 [restartedMain] INFO  o.s.b.w.e.tomcat.TomcatWebServer - Tomcat initialized with port 8081 (http)
2024-07-18 09:11:28.170 [restartedMain] INFO  o.a.catalina.core.StandardService - Starting service [Tomcat]
2024-07-18 09:11:28.172 [restartedMain] INFO  o.a.catalina.core.StandardEngine - Starting Servlet engine: [Apache Tomcat/10.1.24]
2024-07-18 09:11:28.197 [restartedMain] INFO  o.a.c.c.C.[Tomcat].[localhost].[/] - Initializing Spring embedded WebApplicationContext
2024-07-18 09:11:28.198 [restartedMain] INFO  o.s.b.w.s.c.ServletWebServerApplicationContext - Root WebApplicationContext: initialization completed in 1439 ms
2024-07-18 09:11:28.519 [restartedMain] INFO  o.s.b.d.a.OptionalLiveReloadServer - LiveReload server is running on port 35729
2024-07-18 09:11:29.673 [restartedMain] INFO  o.s.b.a.w.s.WelcomePageHandlerMapping - Adding welcome page template: index
2024-07-18 09:11:29.793 [restartedMain] INFO  o.s.s.web.DefaultSecurityFilterChain - Will secure any request with [org.springframework.security.web.session.DisableEncodeUrlFilter@3e2dd75a, org.springframework.security.web.context.request.async.WebAsyncManagerIntegrationFilter@212904f6, org.springframework.security.web.context.SecurityContextHolderFilter@47a438d1, org.springframework.security.web.header.HeaderWriterFilter@39c9627c, org.springframework.web.filter.CorsFilter@203d4f0d, org.springframework.security.web.authentication.logout.LogoutFilter@5ebeeb7c, org.springframework.security.web.savedrequest.RequestCacheAwareFilter@343ddd5f, org.springframework.security.web.servletapi.SecurityContextHolderAwareRequestFilter@4a927fa6, org.springframework.security.web.authentication.AnonymousAuthenticationFilter@1bb94402, org.springframework.security.web.access.ExceptionTranslationFilter@37b92d0b, org.springframework.security.web.access.intercept.AuthorizationFilter@483e6028]
2024-07-18 09:11:30.150 [restartedMain] INFO  o.s.b.w.e.tomcat.TomcatWebServer - Tomcat started on port 8081 (http) with context path '/'
2024-07-18 09:11:30.171 [restartedMain] INFO  c.n.b.BookStoreFrontApplication - Started BookStoreFrontApplication in 4.823 seconds (process running for 1302.201)
2024-07-18 09:11:30.172 [scheduling-1] INFO  c.n.b.global.config.CacheConfig - Refresh categoriesCache completed.
2024-07-18 09:11:30.180 [restartedMain] INFO  o.s.b.d.a.ConditionEvaluationDeltaLoggingListener - Condition evaluation unchanged
2024-07-18 09:11:53.110 [File Watcher] INFO  o.s.b.d.a.LocalDevToolsAutoConfiguration$RestartingClassPathChangeChangedEventListener - Restarting due to 1 class path change (1 addition, 0 deletions, 0 modifications)
2024-07-18 09:11:54.601 [restartedMain] INFO  c.n.b.BookStoreFrontApplication - Starting BookStoreFrontApplication using Java 21.0.3 with PID 51382 (/Users/dlrudgjs/Desktop/GitHub/book-store-front/target/classes started by dlrudgjs in /Users/dlrudgjs/Desktop/GitHub/book-store-front)
2024-07-18 09:11:54.604 [restartedMain] INFO  c.n.b.BookStoreFrontApplication - The following 1 profile is active: "dev"
2024-07-18 09:11:54.997 [restartedMain] INFO  o.s.d.r.c.RepositoryConfigurationDelegate - Multiple Spring Data modules found, entering strict repository configuration mode
2024-07-18 09:11:54.997 [restartedMain] INFO  o.s.d.r.c.RepositoryConfigurationDelegate - Bootstrapping Spring Data Redis repositories in DEFAULT mode.
2024-07-18 09:11:55.011 [restartedMain] INFO  o.s.d.r.c.RepositoryConfigurationDelegate - Finished Spring Data repository scanning in 13 ms. Found 0 Redis repository interfaces.
2024-07-18 09:11:55.093 [restartedMain] INFO  o.s.cloud.context.scope.GenericScope - BeanFactory id=9aae1453-fabd-30e5-bcdd-025232534eac
2024-07-18 09:11:55.539 [restartedMain] INFO  o.s.b.w.e.tomcat.TomcatWebServer - Tomcat initialized with port 8081 (http)
2024-07-18 09:11:55.550 [restartedMain] INFO  o.a.catalina.core.StandardService - Starting service [Tomcat]
2024-07-18 09:11:55.550 [restartedMain] INFO  o.a.catalina.core.StandardEngine - Starting Servlet engine: [Apache Tomcat/10.1.24]
2024-07-18 09:11:55.575 [restartedMain] INFO  o.a.c.c.C.[Tomcat].[localhost].[/] - Initializing Spring embedded WebApplicationContext
2024-07-18 09:11:55.575 [restartedMain] INFO  o.s.b.w.s.c.ServletWebServerApplicationContext - Root WebApplicationContext: initialization completed in 956 ms
2024-07-18 09:11:55.792 [restartedMain] INFO  o.s.b.d.a.OptionalLiveReloadServer - LiveReload server is running on port 35729
2024-07-18 09:11:56.730 [restartedMain] INFO  o.s.b.a.w.s.WelcomePageHandlerMapping - Adding welcome page template: index
2024-07-18 09:11:56.869 [restartedMain] INFO  o.s.s.web.DefaultSecurityFilterChain - Will secure any request with [org.springframework.security.web.session.DisableEncodeUrlFilter@3b32580f, org.springframework.security.web.context.request.async.WebAsyncManagerIntegrationFilter@9382925, org.springframework.security.web.context.SecurityContextHolderFilter@4c55aea5, org.springframework.security.web.header.HeaderWriterFilter@35034dd9, org.springframework.web.filter.CorsFilter@53e3f7cb, org.springframework.security.web.authentication.logout.LogoutFilter@23becbda, org.springframework.security.web.savedrequest.RequestCacheAwareFilter@489fbde6, org.springframework.security.web.servletapi.SecurityContextHolderAwareRequestFilter@6dbd905d, org.springframework.security.web.authentication.AnonymousAuthenticationFilter@77df6c8c, org.springframework.security.web.access.ExceptionTranslationFilter@7a5beb9b, org.springframework.security.web.access.intercept.AuthorizationFilter@2cd10922]
2024-07-18 09:11:57.396 [restartedMain] INFO  o.s.b.w.e.tomcat.TomcatWebServer - Tomcat started on port 8081 (http) with context path '/'
2024-07-18 09:11:57.421 [restartedMain] INFO  c.n.b.BookStoreFrontApplication - Started BookStoreFrontApplication in 4.091 seconds (process running for 1329.45)
2024-07-18 09:11:57.426 [restartedMain] INFO  o.s.b.d.a.ConditionEvaluationDeltaLoggingListener - Condition evaluation unchanged
2024-07-18 09:11:57.433 [scheduling-1] INFO  c.n.b.global.config.CacheConfig - Refresh categoriesCache completed.
2024-07-18 09:12:33.908 [File Watcher] INFO  o.s.b.d.a.LocalDevToolsAutoConfiguration$RestartingClassPathChangeChangedEventListener - Restarting due to 1 class path change (0 additions, 0 deletions, 1 modification)
2024-07-18 09:12:35.420 [restartedMain] INFO  c.n.b.BookStoreFrontApplication - Starting BookStoreFrontApplication using Java 21.0.3 with PID 51382 (/Users/dlrudgjs/Desktop/GitHub/book-store-front/target/classes started by dlrudgjs in /Users/dlrudgjs/Desktop/GitHub/book-store-front)
2024-07-18 09:12:35.424 [restartedMain] INFO  c.n.b.BookStoreFrontApplication - The following 1 profile is active: "dev"
2024-07-18 09:12:35.820 [restartedMain] INFO  o.s.d.r.c.RepositoryConfigurationDelegate - Multiple Spring Data modules found, entering strict repository configuration mode
2024-07-18 09:12:35.821 [restartedMain] INFO  o.s.d.r.c.RepositoryConfigurationDelegate - Bootstrapping Spring Data Redis repositories in DEFAULT mode.
2024-07-18 09:12:35.833 [restartedMain] INFO  o.s.d.r.c.RepositoryConfigurationDelegate - Finished Spring Data repository scanning in 12 ms. Found 0 Redis repository interfaces.
2024-07-18 09:12:35.909 [restartedMain] INFO  o.s.cloud.context.scope.GenericScope - BeanFactory id=9aae1453-fabd-30e5-bcdd-025232534eac
2024-07-18 09:12:36.315 [restartedMain] INFO  o.s.b.w.e.tomcat.TomcatWebServer - Tomcat initialized with port 8081 (http)
2024-07-18 09:12:36.327 [restartedMain] INFO  o.a.catalina.core.StandardService - Starting service [Tomcat]
2024-07-18 09:12:36.328 [restartedMain] INFO  o.a.catalina.core.StandardEngine - Starting Servlet engine: [Apache Tomcat/10.1.24]
2024-07-18 09:12:36.347 [restartedMain] INFO  o.a.c.c.C.[Tomcat].[localhost].[/] - Initializing Spring embedded WebApplicationContext
2024-07-18 09:12:36.347 [restartedMain] INFO  o.s.b.w.s.c.ServletWebServerApplicationContext - Root WebApplicationContext: initialization completed in 909 ms
2024-07-18 09:12:36.615 [restartedMain] INFO  o.s.b.d.a.OptionalLiveReloadServer - LiveReload server is running on port 35729
2024-07-18 09:12:37.503 [restartedMain] INFO  o.s.b.a.w.s.WelcomePageHandlerMapping - Adding welcome page template: index
2024-07-18 09:12:37.633 [restartedMain] INFO  o.s.s.web.DefaultSecurityFilterChain - Will secure any request with [org.springframework.security.web.session.DisableEncodeUrlFilter@3a033fa, org.springframework.security.web.context.request.async.WebAsyncManagerIntegrationFilter@41f694ab, org.springframework.security.web.context.SecurityContextHolderFilter@5b8f5e17, org.springframework.security.web.header.HeaderWriterFilter@4467ff6b, org.springframework.web.filter.CorsFilter@3803d59b, org.springframework.security.web.authentication.logout.LogoutFilter@787dbb7f, org.springframework.security.web.savedrequest.RequestCacheAwareFilter@5f1d7d02, org.springframework.security.web.servletapi.SecurityContextHolderAwareRequestFilter@2244062e, org.springframework.security.web.authentication.AnonymousAuthenticationFilter@59e7d0f7, org.springframework.security.web.access.ExceptionTranslationFilter@59449c0b, org.springframework.security.web.access.intercept.AuthorizationFilter@177ecf7b]
2024-07-18 09:12:38.181 [restartedMain] INFO  o.s.b.w.e.tomcat.TomcatWebServer - Tomcat started on port 8081 (http) with context path '/'
2024-07-18 09:12:38.208 [restartedMain] INFO  c.n.b.BookStoreFrontApplication - Started BookStoreFrontApplication in 4.059 seconds (process running for 1370.237)
2024-07-18 09:12:38.213 [restartedMain] INFO  o.s.b.d.a.ConditionEvaluationDeltaLoggingListener - Condition evaluation unchanged
2024-07-18 09:12:38.216 [scheduling-1] INFO  c.n.b.global.config.CacheConfig - Refresh categoriesCache completed.
2024-07-18 09:13:33.544 [restartedMain] INFO  c.n.b.BookStoreFrontApplication - Starting BookStoreFrontApplication using Java 21.0.3 with PID 51571 (/Users/dlrudgjs/Desktop/GitHub/book-store-front/target/classes started by dlrudgjs in /Users/dlrudgjs/Desktop/GitHub/book-store-front)
2024-07-18 09:13:33.551 [restartedMain] INFO  c.n.b.BookStoreFrontApplication - The following 1 profile is active: "dev"
2024-07-18 09:13:33.620 [restartedMain] INFO  o.s.b.d.e.DevToolsPropertyDefaultsPostProcessor - Devtools property defaults active! Set 'spring.devtools.add-properties' to 'false' to disable
2024-07-18 09:13:33.621 [restartedMain] INFO  o.s.b.d.e.DevToolsPropertyDefaultsPostProcessor - For additional web related logging consider setting the 'logging.level.web' property to 'DEBUG'
2024-07-18 09:13:34.685 [restartedMain] INFO  o.s.d.r.c.RepositoryConfigurationDelegate - Multiple Spring Data modules found, entering strict repository configuration mode
2024-07-18 09:13:34.689 [restartedMain] INFO  o.s.d.r.c.RepositoryConfigurationDelegate - Bootstrapping Spring Data Redis repositories in DEFAULT mode.
2024-07-18 09:13:34.731 [restartedMain] INFO  o.s.d.r.c.RepositoryConfigurationDelegate - Finished Spring Data repository scanning in 27 ms. Found 0 Redis repository interfaces.
2024-07-18 09:13:34.955 [restartedMain] INFO  o.s.cloud.context.scope.GenericScope - BeanFactory id=7a7d4a96-e6db-39c6-9cc9-235a357c1339
2024-07-18 09:13:35.581 [restartedMain] INFO  o.s.b.w.e.tomcat.TomcatWebServer - Tomcat initialized with port 8081 (http)
2024-07-18 09:13:35.593 [restartedMain] INFO  o.a.catalina.core.StandardService - Starting service [Tomcat]
2024-07-18 09:13:35.594 [restartedMain] INFO  o.a.catalina.core.StandardEngine - Starting Servlet engine: [Apache Tomcat/10.1.24]
2024-07-18 09:13:35.623 [restartedMain] INFO  o.a.c.c.C.[Tomcat].[localhost].[/] - Initializing Spring embedded WebApplicationContext
2024-07-18 09:13:35.624 [restartedMain] INFO  o.s.b.w.s.c.ServletWebServerApplicationContext - Root WebApplicationContext: initialization completed in 2003 ms
2024-07-18 09:13:35.958 [restartedMain] INFO  o.s.b.d.a.OptionalLiveReloadServer - LiveReload server is running on port 35729
2024-07-18 09:13:37.223 [restartedMain] INFO  o.s.b.a.w.s.WelcomePageHandlerMapping - Adding welcome page template: index
2024-07-18 09:13:37.368 [restartedMain] INFO  o.s.s.web.DefaultSecurityFilterChain - Will secure any request with [org.springframework.security.web.session.DisableEncodeUrlFilter@7c08e7a1, org.springframework.security.web.context.request.async.WebAsyncManagerIntegrationFilter@2134f571, org.springframework.security.web.context.SecurityContextHolderFilter@7f3daeaa, org.springframework.security.web.header.HeaderWriterFilter@7d7847d1, org.springframework.web.filter.CorsFilter@452d554f, org.springframework.security.web.authentication.logout.LogoutFilter@1aceea3, org.springframework.security.web.savedrequest.RequestCacheAwareFilter@5c1d8596, org.springframework.security.web.servletapi.SecurityContextHolderAwareRequestFilter@433ff78c, org.springframework.security.web.authentication.AnonymousAuthenticationFilter@6e582e92, org.springframework.security.web.access.ExceptionTranslationFilter@4070b93a, org.springframework.security.web.access.intercept.AuthorizationFilter@7af3d1c1]
2024-07-18 09:13:38.337 [restartedMain] INFO  o.s.b.w.e.tomcat.TomcatWebServer - Tomcat started on port 8081 (http) with context path '/'
2024-07-18 09:13:38.354 [restartedMain] INFO  c.n.b.BookStoreFrontApplication - Started BookStoreFrontApplication in 5.55 seconds (process running for 11.544)
2024-07-18 09:13:38.358 [scheduling-1] INFO  c.n.b.global.config.CacheConfig - Refresh categoriesCache completed.
2024-07-18 09:13:49.814 [http-nio-8081-exec-1] INFO  o.a.c.c.C.[Tomcat].[localhost].[/] - Initializing Spring DispatcherServlet 'dispatcherServlet'
2024-07-18 09:13:49.821 [http-nio-8081-exec-1] INFO  o.s.web.servlet.DispatcherServlet - Initializing Servlet 'dispatcherServlet'
2024-07-18 09:13:49.835 [http-nio-8081-exec-1] INFO  o.s.web.servlet.DispatcherServlet - Completed initialization in 13 ms
2024-07-18 09:17:48.322 [File Watcher] INFO  o.s.b.d.a.LocalDevToolsAutoConfiguration$RestartingClassPathChangeChangedEventListener - Restarting due to 1 class path change (1 addition, 0 deletions, 0 modifications)
2024-07-18 09:17:49.896 [restartedMain] INFO  c.n.b.BookStoreFrontApplication - Starting BookStoreFrontApplication using Java 21.0.3 with PID 51571 (/Users/dlrudgjs/Desktop/GitHub/book-store-front/target/classes started by dlrudgjs in /Users/dlrudgjs/Desktop/GitHub/book-store-front)
2024-07-18 09:17:49.900 [restartedMain] INFO  c.n.b.BookStoreFrontApplication - The following 1 profile is active: "dev"
2024-07-18 09:17:50.335 [restartedMain] INFO  o.s.d.r.c.RepositoryConfigurationDelegate - Multiple Spring Data modules found, entering strict repository configuration mode
2024-07-18 09:17:50.336 [restartedMain] INFO  o.s.d.r.c.RepositoryConfigurationDelegate - Bootstrapping Spring Data Redis repositories in DEFAULT mode.
2024-07-18 09:17:50.431 [restartedMain] INFO  o.s.d.r.c.RepositoryConfigurationDelegate - Finished Spring Data repository scanning in 92 ms. Found 0 Redis repository interfaces.
2024-07-18 09:17:50.739 [restartedMain] INFO  o.s.cloud.context.scope.GenericScope - BeanFactory id=7a7d4a96-e6db-39c6-9cc9-235a357c1339
2024-07-18 09:17:50.983 [restartedMain] INFO  o.s.b.w.e.tomcat.TomcatWebServer - Tomcat initialized with port 8081 (http)
2024-07-18 09:17:50.987 [restartedMain] INFO  o.a.catalina.core.StandardService - Starting service [Tomcat]
2024-07-18 09:17:50.989 [restartedMain] INFO  o.a.catalina.core.StandardEngine - Starting Servlet engine: [Apache Tomcat/10.1.24]
2024-07-18 09:17:51.011 [restartedMain] INFO  o.a.c.c.C.[Tomcat].[localhost].[/] - Initializing Spring embedded WebApplicationContext
2024-07-18 09:17:51.011 [restartedMain] INFO  o.s.b.w.s.c.ServletWebServerApplicationContext - Root WebApplicationContext: initialization completed in 1098 ms
2024-07-18 09:17:51.170 [restartedMain] INFO  o.s.b.d.a.OptionalLiveReloadServer - LiveReload server is running on port 35729
2024-07-18 09:17:52.482 [restartedMain] INFO  o.s.b.a.w.s.WelcomePageHandlerMapping - Adding welcome page template: index
2024-07-18 09:17:52.860 [restartedMain] INFO  o.s.s.web.DefaultSecurityFilterChain - Will secure any request with [org.springframework.security.web.session.DisableEncodeUrlFilter@46a4aab1, org.springframework.security.web.context.request.async.WebAsyncManagerIntegrationFilter@1bc0ea36, org.springframework.security.web.context.SecurityContextHolderFilter@169e5400, org.springframework.security.web.header.HeaderWriterFilter@518951dd, org.springframework.web.filter.CorsFilter@b04d8b6, org.springframework.security.web.authentication.logout.LogoutFilter@41cbce6e, org.springframework.security.web.savedrequest.RequestCacheAwareFilter@26ff3b21, org.springframework.security.web.servletapi.SecurityContextHolderAwareRequestFilter@3e0d092d, org.springframework.security.web.authentication.AnonymousAuthenticationFilter@16a94a76, org.springframework.security.web.access.ExceptionTranslationFilter@494a341f, org.springframework.security.web.access.intercept.AuthorizationFilter@5c682b13]
2024-07-18 09:17:53.379 [restartedMain] INFO  o.s.b.w.e.tomcat.TomcatWebServer - Tomcat started on port 8081 (http) with context path '/'
2024-07-18 09:17:53.396 [restartedMain] INFO  c.n.b.BookStoreFrontApplication - Started BookStoreFrontApplication in 4.782 seconds (process running for 266.592)
2024-07-18 09:17:53.397 [scheduling-1] INFO  c.n.b.global.config.CacheConfig - Refresh categoriesCache completed.
2024-07-18 09:17:53.417 [restartedMain] INFO  o.s.b.d.a.ConditionEvaluationDeltaLoggingListener - Condition evaluation unchanged
2024-07-18 09:18:06.122 [File Watcher] INFO  o.s.b.d.a.LocalDevToolsAutoConfiguration$RestartingClassPathChangeChangedEventListener - Restarting due to 1 class path change (0 additions, 1 deletion, 0 modifications)
2024-07-18 09:18:07.798 [restartedMain] INFO  c.n.b.BookStoreFrontApplication - Starting BookStoreFrontApplication using Java 21.0.3 with PID 51571 (/Users/dlrudgjs/Desktop/GitHub/book-store-front/target/classes started by dlrudgjs in /Users/dlrudgjs/Desktop/GitHub/book-store-front)
2024-07-18 09:18:07.801 [restartedMain] INFO  c.n.b.BookStoreFrontApplication - The following 1 profile is active: "dev"
2024-07-18 09:18:08.175 [restartedMain] INFO  o.s.d.r.c.RepositoryConfigurationDelegate - Multiple Spring Data modules found, entering strict repository configuration mode
2024-07-18 09:18:08.176 [restartedMain] INFO  o.s.d.r.c.RepositoryConfigurationDelegate - Bootstrapping Spring Data Redis repositories in DEFAULT mode.
2024-07-18 09:18:08.189 [restartedMain] INFO  o.s.d.r.c.RepositoryConfigurationDelegate - Finished Spring Data repository scanning in 12 ms. Found 0 Redis repository interfaces.
2024-07-18 09:18:08.274 [restartedMain] INFO  o.s.cloud.context.scope.GenericScope - BeanFactory id=7a7d4a96-e6db-39c6-9cc9-235a357c1339
2024-07-18 09:18:08.651 [restartedMain] INFO  o.s.b.w.e.tomcat.TomcatWebServer - Tomcat initialized with port 8081 (http)
2024-07-18 09:18:08.664 [restartedMain] INFO  o.a.catalina.core.StandardService - Starting service [Tomcat]
2024-07-18 09:18:08.665 [restartedMain] INFO  o.a.catalina.core.StandardEngine - Starting Servlet engine: [Apache Tomcat/10.1.24]
2024-07-18 09:18:08.697 [restartedMain] INFO  o.a.c.c.C.[Tomcat].[localhost].[/] - Initializing Spring embedded WebApplicationContext
2024-07-18 09:18:08.698 [restartedMain] INFO  o.s.b.w.s.c.ServletWebServerApplicationContext - Root WebApplicationContext: initialization completed in 881 ms
2024-07-18 09:18:08.980 [restartedMain] INFO  o.s.b.d.a.OptionalLiveReloadServer - LiveReload server is running on port 35729
2024-07-18 09:18:09.767 [restartedMain] INFO  o.s.b.a.w.s.WelcomePageHandlerMapping - Adding welcome page template: index
2024-07-18 09:18:10.120 [restartedMain] INFO  o.s.s.web.DefaultSecurityFilterChain - Will secure any request with [org.springframework.security.web.session.DisableEncodeUrlFilter@274dc386, org.springframework.security.web.context.request.async.WebAsyncManagerIntegrationFilter@31163fb2, org.springframework.security.web.context.SecurityContextHolderFilter@23ffff20, org.springframework.security.web.header.HeaderWriterFilter@5c216b44, org.springframework.web.filter.CorsFilter@4cb4bdca, org.springframework.security.web.authentication.logout.LogoutFilter@1681bad4, org.springframework.security.web.savedrequest.RequestCacheAwareFilter@2d345fd0, org.springframework.security.web.servletapi.SecurityContextHolderAwareRequestFilter@1df779e1, org.springframework.security.web.authentication.AnonymousAuthenticationFilter@5de08a18, org.springframework.security.web.access.ExceptionTranslationFilter@3fb1e847, org.springframework.security.web.access.intercept.AuthorizationFilter@71dc132f]
2024-07-18 09:18:10.481 [restartedMain] INFO  o.s.b.w.e.tomcat.TomcatWebServer - Tomcat started on port 8081 (http) with context path '/'
2024-07-18 09:18:10.534 [restartedMain] INFO  c.n.b.BookStoreFrontApplication - Started BookStoreFrontApplication in 4.064 seconds (process running for 283.73)
2024-07-18 09:18:10.552 [restartedMain] INFO  o.s.b.d.a.ConditionEvaluationDeltaLoggingListener - Condition evaluation unchanged
2024-07-18 09:18:10.560 [scheduling-1] INFO  c.n.b.global.config.CacheConfig - Refresh categoriesCache completed.
2024-07-18 09:19:41.370 [File Watcher] INFO  o.s.b.d.a.LocalDevToolsAutoConfiguration$RestartingClassPathChangeChangedEventListener - Restarting due to 2 class path changes (0 additions, 2 deletions, 0 modifications)
2024-07-18 09:19:42.989 [restartedMain] INFO  c.n.b.BookStoreFrontApplication - Starting BookStoreFrontApplication using Java 21.0.3 with PID 51571 (/Users/dlrudgjs/Desktop/GitHub/book-store-front/target/classes started by dlrudgjs in /Users/dlrudgjs/Desktop/GitHub/book-store-front)
2024-07-18 09:19:42.992 [restartedMain] INFO  c.n.b.BookStoreFrontApplication - The following 1 profile is active: "dev"
2024-07-18 09:19:43.383 [restartedMain] INFO  o.s.d.r.c.RepositoryConfigurationDelegate - Multiple Spring Data modules found, entering strict repository configuration mode
2024-07-18 09:19:43.384 [restartedMain] INFO  o.s.d.r.c.RepositoryConfigurationDelegate - Bootstrapping Spring Data Redis repositories in DEFAULT mode.
2024-07-18 09:19:43.398 [restartedMain] INFO  o.s.d.r.c.RepositoryConfigurationDelegate - Finished Spring Data repository scanning in 13 ms. Found 0 Redis repository interfaces.
2024-07-18 09:19:43.480 [restartedMain] INFO  o.s.cloud.context.scope.GenericScope - BeanFactory id=11ce2f20-bcd0-3162-aa01-700bd90e3755
2024-07-18 09:19:43.858 [restartedMain] INFO  o.s.b.w.e.tomcat.TomcatWebServer - Tomcat initialized with port 8081 (http)
2024-07-18 09:19:43.903 [restartedMain] INFO  o.a.catalina.core.StandardService - Starting service [Tomcat]
2024-07-18 09:19:43.903 [restartedMain] INFO  o.a.catalina.core.StandardEngine - Starting Servlet engine: [Apache Tomcat/10.1.24]
2024-07-18 09:19:43.929 [restartedMain] INFO  o.a.c.c.C.[Tomcat].[localhost].[/] - Initializing Spring embedded WebApplicationContext
2024-07-18 09:19:43.930 [restartedMain] INFO  o.s.b.w.s.c.ServletWebServerApplicationContext - Root WebApplicationContext: initialization completed in 920 ms
2024-07-18 09:19:44.285 [restartedMain] INFO  o.s.b.d.a.OptionalLiveReloadServer - LiveReload server is running on port 35729
2024-07-18 09:19:44.766 [restartedMain] INFO  o.s.b.a.w.s.WelcomePageHandlerMapping - Adding welcome page template: index
2024-07-18 09:19:44.826 [restartedMain] INFO  o.s.s.web.DefaultSecurityFilterChain - Will secure any request with [org.springframework.security.web.session.DisableEncodeUrlFilter@1f4f9dbe, org.springframework.security.web.context.request.async.WebAsyncManagerIntegrationFilter@55a843b3, org.springframework.security.web.context.SecurityContextHolderFilter@4e36967f, org.springframework.security.web.header.HeaderWriterFilter@35a54214, org.springframework.web.filter.CorsFilter@3bfa5bba, org.springframework.security.web.authentication.logout.LogoutFilter@4e957abf, org.springframework.security.web.savedrequest.RequestCacheAwareFilter@31d2b5de, org.springframework.security.web.servletapi.SecurityContextHolderAwareRequestFilter@2bc0d5bd, org.springframework.security.web.authentication.AnonymousAuthenticationFilter@2789a4a7, org.springframework.security.web.access.ExceptionTranslationFilter@54b9d637, org.springframework.security.web.access.intercept.AuthorizationFilter@1910afe5]
2024-07-18 09:19:45.460 [restartedMain] INFO  o.s.b.w.e.tomcat.TomcatWebServer - Tomcat started on port 8081 (http) with context path '/'
2024-07-18 09:19:45.481 [restartedMain] INFO  c.n.b.BookStoreFrontApplication - Started BookStoreFrontApplication in 3.845 seconds (process running for 378.677)
2024-07-18 09:19:45.481 [scheduling-1] INFO  c.n.b.global.config.CacheConfig - Refresh categoriesCache completed.
2024-07-18 09:19:45.483 [restartedMain] INFO  o.s.b.d.a.ConditionEvaluationDeltaLoggingListener - Condition evaluation unchanged
2024-07-18 09:19:46.885 [File Watcher] INFO  o.s.b.d.a.LocalDevToolsAutoConfiguration$RestartingClassPathChangeChangedEventListener - Restarting due to 4 class path changes (4 additions, 0 deletions, 0 modifications)
2024-07-18 09:19:48.331 [restartedMain] INFO  c.n.b.BookStoreFrontApplication - Starting BookStoreFrontApplication using Java 21.0.3 with PID 51571 (/Users/dlrudgjs/Desktop/GitHub/book-store-front/target/classes started by dlrudgjs in /Users/dlrudgjs/Desktop/GitHub/book-store-front)
2024-07-18 09:19:48.334 [restartedMain] INFO  c.n.b.BookStoreFrontApplication - The following 1 profile is active: "dev"
2024-07-18 09:19:48.604 [restartedMain] INFO  o.s.d.r.c.RepositoryConfigurationDelegate - Multiple Spring Data modules found, entering strict repository configuration mode
2024-07-18 09:19:48.604 [restartedMain] INFO  o.s.d.r.c.RepositoryConfigurationDelegate - Bootstrapping Spring Data Redis repositories in DEFAULT mode.
2024-07-18 09:19:48.618 [restartedMain] INFO  o.s.d.r.c.RepositoryConfigurationDelegate - Finished Spring Data repository scanning in 13 ms. Found 0 Redis repository interfaces.
2024-07-18 09:19:48.697 [restartedMain] INFO  o.s.cloud.context.scope.GenericScope - BeanFactory id=11ce2f20-bcd0-3162-aa01-700bd90e3755
2024-07-18 09:19:49.185 [restartedMain] INFO  o.s.b.w.e.tomcat.TomcatWebServer - Tomcat initialized with port 8081 (http)
2024-07-18 09:19:49.204 [restartedMain] INFO  o.a.catalina.core.StandardService - Starting service [Tomcat]
2024-07-18 09:19:49.205 [restartedMain] INFO  o.a.catalina.core.StandardEngine - Starting Servlet engine: [Apache Tomcat/10.1.24]
2024-07-18 09:19:49.241 [restartedMain] INFO  o.a.c.c.C.[Tomcat].[localhost].[/] - Initializing Spring embedded WebApplicationContext
2024-07-18 09:19:49.242 [restartedMain] INFO  o.s.b.w.s.c.ServletWebServerApplicationContext - Root WebApplicationContext: initialization completed in 888 ms
2024-07-18 09:19:49.505 [restartedMain] INFO  o.s.b.d.a.OptionalLiveReloadServer - LiveReload server is running on port 35729
2024-07-18 09:19:49.977 [restartedMain] INFO  o.s.b.a.w.s.WelcomePageHandlerMapping - Adding welcome page template: index
2024-07-18 09:19:50.325 [restartedMain] INFO  o.s.s.web.DefaultSecurityFilterChain - Will secure any request with [org.springframework.security.web.session.DisableEncodeUrlFilter@67877564, org.springframework.security.web.context.request.async.WebAsyncManagerIntegrationFilter@767003f6, org.springframework.security.web.context.SecurityContextHolderFilter@2f016ab4, org.springframework.security.web.header.HeaderWriterFilter@3a304e0f, org.springframework.web.filter.CorsFilter@3d39182a, org.springframework.security.web.authentication.logout.LogoutFilter@2a49d5d5, org.springframework.security.web.savedrequest.RequestCacheAwareFilter@6544ccc1, org.springframework.security.web.servletapi.SecurityContextHolderAwareRequestFilter@36c12a8d, org.springframework.security.web.authentication.AnonymousAuthenticationFilter@166bc3db, org.springframework.security.web.access.ExceptionTranslationFilter@70b47c58, org.springframework.security.web.access.intercept.AuthorizationFilter@1e16ade3]
2024-07-18 09:19:50.687 [restartedMain] INFO  o.s.b.w.e.tomcat.TomcatWebServer - Tomcat started on port 8081 (http) with context path '/'
2024-07-18 09:19:50.699 [restartedMain] INFO  c.n.b.BookStoreFrontApplication - Started BookStoreFrontApplication in 3.645 seconds (process running for 383.895)
2024-07-18 09:19:50.704 [restartedMain] INFO  o.s.b.d.a.ConditionEvaluationDeltaLoggingListener - Condition evaluation unchanged
2024-07-18 09:19:50.712 [scheduling-1] INFO  c.n.b.global.config.CacheConfig - Refresh categoriesCache completed.
2024-07-18 09:21:00.303 [restartedMain] INFO  c.n.b.BookStoreFrontApplication - Starting BookStoreFrontApplication using Java 21.0.3 with PID 51745 (/Users/dlrudgjs/Desktop/GitHub/book-store-front/target/classes started by dlrudgjs in /Users/dlrudgjs/Desktop/GitHub/book-store-front)
2024-07-18 09:21:00.307 [restartedMain] INFO  c.n.b.BookStoreFrontApplication - The following 1 profile is active: "dev"
2024-07-18 09:21:00.372 [restartedMain] INFO  o.s.b.d.e.DevToolsPropertyDefaultsPostProcessor - Devtools property defaults active! Set 'spring.devtools.add-properties' to 'false' to disable
2024-07-18 09:21:00.372 [restartedMain] INFO  o.s.b.d.e.DevToolsPropertyDefaultsPostProcessor - For additional web related logging consider setting the 'logging.level.web' property to 'DEBUG'
2024-07-18 09:21:01.467 [restartedMain] INFO  o.s.d.r.c.RepositoryConfigurationDelegate - Multiple Spring Data modules found, entering strict repository configuration mode
2024-07-18 09:21:01.470 [restartedMain] INFO  o.s.d.r.c.RepositoryConfigurationDelegate - Bootstrapping Spring Data Redis repositories in DEFAULT mode.
2024-07-18 09:21:01.509 [restartedMain] INFO  o.s.d.r.c.RepositoryConfigurationDelegate - Finished Spring Data repository scanning in 32 ms. Found 0 Redis repository interfaces.
2024-07-18 09:21:01.729 [restartedMain] INFO  o.s.cloud.context.scope.GenericScope - BeanFactory id=11ce2f20-bcd0-3162-aa01-700bd90e3755
2024-07-18 09:21:02.330 [restartedMain] INFO  o.s.b.w.e.tomcat.TomcatWebServer - Tomcat initialized with port 8081 (http)
2024-07-18 09:21:02.340 [restartedMain] INFO  o.a.catalina.core.StandardService - Starting service [Tomcat]
2024-07-18 09:21:02.341 [restartedMain] INFO  o.a.catalina.core.StandardEngine - Starting Servlet engine: [Apache Tomcat/10.1.24]
2024-07-18 09:21:02.374 [restartedMain] INFO  o.a.c.c.C.[Tomcat].[localhost].[/] - Initializing Spring embedded WebApplicationContext
2024-07-18 09:21:02.374 [restartedMain] INFO  o.s.b.w.s.c.ServletWebServerApplicationContext - Root WebApplicationContext: initialization completed in 2002 ms
2024-07-18 09:21:02.694 [restartedMain] INFO  o.s.b.d.a.OptionalLiveReloadServer - LiveReload server is running on port 35729
2024-07-18 09:21:03.960 [restartedMain] INFO  o.s.b.a.w.s.WelcomePageHandlerMapping - Adding welcome page template: index
2024-07-18 09:21:04.105 [restartedMain] INFO  o.s.s.web.DefaultSecurityFilterChain - Will secure any request with [org.springframework.security.web.session.DisableEncodeUrlFilter@740fa2e8, org.springframework.security.web.context.request.async.WebAsyncManagerIntegrationFilter@76b3ce78, org.springframework.security.web.context.SecurityContextHolderFilter@4070b93a, org.springframework.security.web.header.HeaderWriterFilter@46b36f78, org.springframework.web.filter.CorsFilter@6c42a0e, org.springframework.security.web.authentication.logout.LogoutFilter@26520bf2, org.springframework.security.web.savedrequest.RequestCacheAwareFilter@52e2056, org.springframework.security.web.servletapi.SecurityContextHolderAwareRequestFilter@6d19d9aa, org.springframework.security.web.authentication.AnonymousAuthenticationFilter@3cf92173, org.springframework.security.web.access.ExceptionTranslationFilter@1abadcf5, org.springframework.security.web.access.intercept.AuthorizationFilter@38a905cd]
2024-07-18 09:21:05.090 [restartedMain] INFO  o.s.b.w.e.tomcat.TomcatWebServer - Tomcat started on port 8081 (http) with context path '/'
2024-07-18 09:21:05.107 [restartedMain] INFO  c.n.b.BookStoreFrontApplication - Started BookStoreFrontApplication in 5.527 seconds (process running for 11.387)
2024-07-18 09:21:05.111 [scheduling-1] INFO  c.n.b.global.config.CacheConfig - Refresh categoriesCache completed.
2024-07-18 09:21:06.267 [http-nio-8081-exec-2] INFO  o.a.c.c.C.[Tomcat].[localhost].[/] - Initializing Spring DispatcherServlet 'dispatcherServlet'
2024-07-18 09:21:06.268 [http-nio-8081-exec-2] INFO  o.s.web.servlet.DispatcherServlet - Initializing Servlet 'dispatcherServlet'
2024-07-18 09:21:06.269 [http-nio-8081-exec-2] INFO  o.s.web.servlet.DispatcherServlet - Completed initialization in 1 ms
2024-07-18 09:26:05.134 [scheduling-1] INFO  c.n.b.global.config.CacheConfig - Refresh categoriesCache completed.
2024-07-18 09:31:05.122 [scheduling-1] INFO  c.n.b.global.config.CacheConfig - Refresh categoriesCache completed.
2024-07-18 09:36:05.138 [scheduling-1] INFO  c.n.b.global.config.CacheConfig - Refresh categoriesCache completed.
2024-07-18 09:37:06.990 [File Watcher] INFO  o.s.b.d.a.LocalDevToolsAutoConfiguration$RestartingClassPathChangeChangedEventListener - Restarting due to 1 class path change (0 additions, 1 deletion, 0 modifications)
2024-07-18 09:37:08.541 [restartedMain] INFO  c.n.b.BookStoreFrontApplication - Starting BookStoreFrontApplication using Java 21.0.3 with PID 51745 (/Users/dlrudgjs/Desktop/GitHub/book-store-front/target/classes started by dlrudgjs in /Users/dlrudgjs/Desktop/GitHub/book-store-front)
2024-07-18 09:37:08.545 [restartedMain] INFO  c.n.b.BookStoreFrontApplication - The following 1 profile is active: "dev"
2024-07-18 09:37:09.107 [restartedMain] INFO  o.s.d.r.c.RepositoryConfigurationDelegate - Multiple Spring Data modules found, entering strict repository configuration mode
2024-07-18 09:37:09.107 [restartedMain] INFO  o.s.d.r.c.RepositoryConfigurationDelegate - Bootstrapping Spring Data Redis repositories in DEFAULT mode.
2024-07-18 09:37:09.123 [restartedMain] INFO  o.s.d.r.c.RepositoryConfigurationDelegate - Finished Spring Data repository scanning in 15 ms. Found 0 Redis repository interfaces.
2024-07-18 09:37:09.295 [restartedMain] INFO  o.s.cloud.context.scope.GenericScope - BeanFactory id=11ce2f20-bcd0-3162-aa01-700bd90e3755
2024-07-18 09:37:09.892 [restartedMain] INFO  o.s.b.w.e.tomcat.TomcatWebServer - Tomcat initialized with port 8081 (http)
2024-07-18 09:37:09.905 [restartedMain] INFO  o.a.catalina.core.StandardService - Starting service [Tomcat]
2024-07-18 09:37:09.905 [restartedMain] INFO  o.a.catalina.core.StandardEngine - Starting Servlet engine: [Apache Tomcat/10.1.24]
2024-07-18 09:37:09.930 [restartedMain] INFO  o.a.c.c.C.[Tomcat].[localhost].[/] - Initializing Spring embedded WebApplicationContext
2024-07-18 09:37:09.931 [restartedMain] INFO  o.s.b.w.s.c.ServletWebServerApplicationContext - Root WebApplicationContext: initialization completed in 1375 ms
2024-07-18 09:37:10.236 [restartedMain] INFO  o.s.b.d.a.OptionalLiveReloadServer - LiveReload server is running on port 35729
2024-07-18 09:37:11.329 [restartedMain] INFO  o.s.b.a.w.s.WelcomePageHandlerMapping - Adding welcome page template: index
2024-07-18 09:37:11.486 [restartedMain] INFO  o.s.s.web.DefaultSecurityFilterChain - Will secure any request with [org.springframework.security.web.session.DisableEncodeUrlFilter@1fce41f4, org.springframework.security.web.context.request.async.WebAsyncManagerIntegrationFilter@15f01c5a, org.springframework.security.web.context.SecurityContextHolderFilter@47d65b2b, org.springframework.security.web.header.HeaderWriterFilter@1bea5869, org.springframework.web.filter.CorsFilter@2ebb5345, org.springframework.security.web.authentication.logout.LogoutFilter@50f23194, org.springframework.security.web.savedrequest.RequestCacheAwareFilter@5d8f9da2, org.springframework.security.web.servletapi.SecurityContextHolderAwareRequestFilter@6ce81df9, org.springframework.security.web.authentication.AnonymousAuthenticationFilter@a67e14f, org.springframework.security.web.access.ExceptionTranslationFilter@4a7f6537, org.springframework.security.web.access.intercept.AuthorizationFilter@6844f82]
2024-07-18 09:37:11.761 [restartedMain] INFO  o.s.b.w.e.tomcat.TomcatWebServer - Tomcat started on port 8081 (http) with context path '/'
2024-07-18 09:37:11.772 [restartedMain] INFO  c.n.b.BookStoreFrontApplication - Started BookStoreFrontApplication in 4.522 seconds (process running for 978.049)
2024-07-18 09:37:11.773 [scheduling-1] INFO  c.n.b.global.config.CacheConfig - Refresh categoriesCache completed.
2024-07-18 09:37:11.778 [restartedMain] INFO  o.s.b.d.a.ConditionEvaluationDeltaLoggingListener - Condition evaluation unchanged
2024-07-18 09:42:09.690 [scheduling-1] INFO  c.n.b.global.config.CacheConfig - Refresh categoriesCache completed.
2024-07-18 09:42:59.588 [restartedMain] INFO  c.n.b.BookStoreFrontApplication - Starting BookStoreFrontApplication using Java 21.0.3 with PID 51920 (/Users/dlrudgjs/Desktop/GitHub/book-store-front/target/classes started by dlrudgjs in /Users/dlrudgjs/Desktop/GitHub/book-store-front)
2024-07-18 09:42:59.594 [restartedMain] INFO  c.n.b.BookStoreFrontApplication - The following 1 profile is active: "dev"
2024-07-18 09:42:59.653 [restartedMain] INFO  o.s.b.d.e.DevToolsPropertyDefaultsPostProcessor - Devtools property defaults active! Set 'spring.devtools.add-properties' to 'false' to disable
2024-07-18 09:42:59.653 [restartedMain] INFO  o.s.b.d.e.DevToolsPropertyDefaultsPostProcessor - For additional web related logging consider setting the 'logging.level.web' property to 'DEBUG'
2024-07-18 09:43:00.737 [restartedMain] INFO  o.s.d.r.c.RepositoryConfigurationDelegate - Multiple Spring Data modules found, entering strict repository configuration mode
2024-07-18 09:43:00.741 [restartedMain] INFO  o.s.d.r.c.RepositoryConfigurationDelegate - Bootstrapping Spring Data Redis repositories in DEFAULT mode.
2024-07-18 09:43:00.780 [restartedMain] INFO  o.s.d.r.c.RepositoryConfigurationDelegate - Finished Spring Data repository scanning in 32 ms. Found 0 Redis repository interfaces.
2024-07-18 09:43:01.003 [restartedMain] INFO  o.s.cloud.context.scope.GenericScope - BeanFactory id=11ce2f20-bcd0-3162-aa01-700bd90e3755
2024-07-18 09:43:01.638 [restartedMain] INFO  o.s.b.w.e.tomcat.TomcatWebServer - Tomcat initialized with port 8081 (http)
2024-07-18 09:43:01.648 [restartedMain] INFO  o.a.catalina.core.StandardService - Starting service [Tomcat]
2024-07-18 09:43:01.649 [restartedMain] INFO  o.a.catalina.core.StandardEngine - Starting Servlet engine: [Apache Tomcat/10.1.24]
2024-07-18 09:43:01.677 [restartedMain] INFO  o.a.c.c.C.[Tomcat].[localhost].[/] - Initializing Spring embedded WebApplicationContext
2024-07-18 09:43:01.678 [restartedMain] INFO  o.s.b.w.s.c.ServletWebServerApplicationContext - Root WebApplicationContext: initialization completed in 2024 ms
2024-07-18 09:43:02.008 [restartedMain] INFO  o.s.b.d.a.OptionalLiveReloadServer - LiveReload server is running on port 35729
2024-07-18 09:43:03.293 [restartedMain] INFO  o.s.b.a.w.s.WelcomePageHandlerMapping - Adding welcome page template: index
2024-07-18 09:43:03.441 [restartedMain] INFO  o.s.s.web.DefaultSecurityFilterChain - Will secure any request with [org.springframework.security.web.session.DisableEncodeUrlFilter@9fe37d0, org.springframework.security.web.context.request.async.WebAsyncManagerIntegrationFilter@23b34c9b, org.springframework.security.web.context.SecurityContextHolderFilter@29a53d96, org.springframework.security.web.header.HeaderWriterFilter@5c60a46f, org.springframework.web.filter.CorsFilter@2c3d66d0, org.springframework.security.web.authentication.logout.LogoutFilter@d23cded, org.springframework.security.web.savedrequest.RequestCacheAwareFilter@2fa29723, org.springframework.security.web.servletapi.SecurityContextHolderAwareRequestFilter@2c56349e, org.springframework.security.web.authentication.AnonymousAuthenticationFilter@3847e497, org.springframework.security.web.access.ExceptionTranslationFilter@7bafa527, org.springframework.security.web.access.intercept.AuthorizationFilter@42f9bf12]
2024-07-18 09:43:04.463 [restartedMain] INFO  o.s.b.w.e.tomcat.TomcatWebServer - Tomcat started on port 8081 (http) with context path '/'
2024-07-18 09:43:04.481 [restartedMain] INFO  c.n.b.BookStoreFrontApplication - Started BookStoreFrontApplication in 5.606 seconds (process running for 11.451)
2024-07-18 09:43:04.485 [scheduling-1] INFO  c.n.b.global.config.CacheConfig - Refresh categoriesCache completed.
2024-07-18 09:43:20.277 [restartedMain] INFO  c.n.b.BookStoreFrontApplication - Starting BookStoreFrontApplication using Java 21.0.3 with PID 51928 (/Users/dlrudgjs/Desktop/GitHub/book-store-front/target/classes started by dlrudgjs in /Users/dlrudgjs/Desktop/GitHub/book-store-front)
2024-07-18 09:43:20.279 [restartedMain] INFO  c.n.b.BookStoreFrontApplication - The following 1 profile is active: "dev"
2024-07-18 09:43:20.325 [restartedMain] INFO  o.s.b.d.e.DevToolsPropertyDefaultsPostProcessor - Devtools property defaults active! Set 'spring.devtools.add-properties' to 'false' to disable
2024-07-18 09:43:20.326 [restartedMain] INFO  o.s.b.d.e.DevToolsPropertyDefaultsPostProcessor - For additional web related logging consider setting the 'logging.level.web' property to 'DEBUG'
2024-07-18 09:43:21.359 [restartedMain] INFO  o.s.d.r.c.RepositoryConfigurationDelegate - Multiple Spring Data modules found, entering strict repository configuration mode
2024-07-18 09:43:21.369 [restartedMain] INFO  o.s.d.r.c.RepositoryConfigurationDelegate - Bootstrapping Spring Data Redis repositories in DEFAULT mode.
2024-07-18 09:43:21.408 [restartedMain] INFO  o.s.d.r.c.RepositoryConfigurationDelegate - Finished Spring Data repository scanning in 29 ms. Found 0 Redis repository interfaces.
2024-07-18 09:43:21.625 [restartedMain] INFO  o.s.cloud.context.scope.GenericScope - BeanFactory id=11ce2f20-bcd0-3162-aa01-700bd90e3755
2024-07-18 09:43:22.261 [restartedMain] INFO  o.s.b.w.e.tomcat.TomcatWebServer - Tomcat initialized with port 8081 (http)
2024-07-18 09:43:22.269 [restartedMain] INFO  o.a.catalina.core.StandardService - Starting service [Tomcat]
2024-07-18 09:43:22.271 [restartedMain] INFO  o.a.catalina.core.StandardEngine - Starting Servlet engine: [Apache Tomcat/10.1.24]
2024-07-18 09:43:22.298 [restartedMain] INFO  o.a.c.c.C.[Tomcat].[localhost].[/] - Initializing Spring embedded WebApplicationContext
2024-07-18 09:43:22.298 [restartedMain] INFO  o.s.b.w.s.c.ServletWebServerApplicationContext - Root WebApplicationContext: initialization completed in 1972 ms
2024-07-18 09:43:22.704 [restartedMain] INFO  o.s.b.d.a.OptionalLiveReloadServer - LiveReload server is running on port 35729
2024-07-18 09:43:23.567 [restartedMain] INFO  o.s.b.a.w.s.WelcomePageHandlerMapping - Adding welcome page template: index
2024-07-18 09:43:23.975 [restartedMain] INFO  o.s.s.web.DefaultSecurityFilterChain - Will secure any request with [org.springframework.security.web.session.DisableEncodeUrlFilter@24b0f4be, org.springframework.security.web.context.request.async.WebAsyncManagerIntegrationFilter@720c0aee, org.springframework.security.web.context.SecurityContextHolderFilter@2f905f06, org.springframework.security.web.header.HeaderWriterFilter@15bb8d51, org.springframework.web.filter.CorsFilter@45e5e125, org.springframework.security.web.authentication.logout.LogoutFilter@16169cf, org.springframework.security.web.savedrequest.RequestCacheAwareFilter@21ceb42e, org.springframework.security.web.servletapi.SecurityContextHolderAwareRequestFilter@533271ec, org.springframework.security.web.authentication.AnonymousAuthenticationFilter@398be3cf, org.springframework.security.web.access.ExceptionTranslationFilter@33c25cd2, org.springframework.security.web.access.intercept.AuthorizationFilter@2a43b3b1]
2024-07-18 09:43:24.981 [restartedMain] INFO  o.s.b.w.e.tomcat.TomcatWebServer - Tomcat started on port 8081 (http) with context path '/'
2024-07-18 09:43:24.998 [restartedMain] INFO  c.n.b.BookStoreFrontApplication - Started BookStoreFrontApplication in 5.445 seconds (process running for 11.3)
2024-07-18 09:43:25.002 [scheduling-1] INFO  c.n.b.global.config.CacheConfig - Refresh categoriesCache completed.
2024-07-18 09:48:25.027 [scheduling-1] INFO  c.n.b.global.config.CacheConfig - Refresh categoriesCache completed.
2024-07-18 09:50:19.709 [http-nio-8081-exec-2] INFO  o.a.c.c.C.[Tomcat].[localhost].[/] - Initializing Spring DispatcherServlet 'dispatcherServlet'
2024-07-18 09:50:19.711 [http-nio-8081-exec-2] INFO  o.s.web.servlet.DispatcherServlet - Initializing Servlet 'dispatcherServlet'
2024-07-18 09:50:19.726 [http-nio-8081-exec-2] INFO  o.s.web.servlet.DispatcherServlet - Completed initialization in 14 ms
2024-07-18 09:50:20.423 [http-nio-8081-exec-2] INFO  user-logger - test
2024-07-18 09:53:25.012 [scheduling-1] INFO  c.n.b.global.config.CacheConfig - Refresh categoriesCache completed.
2024-07-18 09:55:23.856 [restartedMain] INFO  c.n.b.BookStoreFrontApplication - Starting BookStoreFrontApplication using Java 21.0.3 with PID 52018 (/Users/dlrudgjs/Desktop/GitHub/book-store-front/target/classes started by dlrudgjs in /Users/dlrudgjs/Desktop/GitHub/book-store-front)
2024-07-18 09:55:23.860 [restartedMain] INFO  c.n.b.BookStoreFrontApplication - The following 1 profile is active: "dev"
2024-07-18 09:55:23.917 [restartedMain] INFO  o.s.b.d.e.DevToolsPropertyDefaultsPostProcessor - Devtools property defaults active! Set 'spring.devtools.add-properties' to 'false' to disable
2024-07-18 09:55:23.917 [restartedMain] INFO  o.s.b.d.e.DevToolsPropertyDefaultsPostProcessor - For additional web related logging consider setting the 'logging.level.web' property to 'DEBUG'
2024-07-18 09:55:24.148 [restartedMain] INFO  c.n.b.BookStoreFrontApplication - Starting BookStoreFrontApplication using Java 21.0.3 with PID 52020 (/Users/dlrudgjs/Desktop/GitHub/book-store-front/target/classes started by dlrudgjs in /Users/dlrudgjs/Desktop/GitHub/book-store-front)
2024-07-18 09:55:24.150 [restartedMain] INFO  c.n.b.BookStoreFrontApplication - The following 1 profile is active: "dev"
2024-07-18 09:55:24.219 [restartedMain] INFO  o.s.b.d.e.DevToolsPropertyDefaultsPostProcessor - Devtools property defaults active! Set 'spring.devtools.add-properties' to 'false' to disable
2024-07-18 09:55:24.220 [restartedMain] INFO  o.s.b.d.e.DevToolsPropertyDefaultsPostProcessor - For additional web related logging consider setting the 'logging.level.web' property to 'DEBUG'
2024-07-18 09:55:25.120 [restartedMain] INFO  o.s.d.r.c.RepositoryConfigurationDelegate - Multiple Spring Data modules found, entering strict repository configuration mode
2024-07-18 09:55:25.124 [restartedMain] INFO  o.s.d.r.c.RepositoryConfigurationDelegate - Bootstrapping Spring Data Redis repositories in DEFAULT mode.
2024-07-18 09:55:25.163 [restartedMain] INFO  o.s.d.r.c.RepositoryConfigurationDelegate - Finished Spring Data repository scanning in 27 ms. Found 0 Redis repository interfaces.
2024-07-18 09:55:25.332 [restartedMain] INFO  o.s.d.r.c.RepositoryConfigurationDelegate - Multiple Spring Data modules found, entering strict repository configuration mode
2024-07-18 09:55:25.336 [restartedMain] INFO  o.s.d.r.c.RepositoryConfigurationDelegate - Bootstrapping Spring Data Redis repositories in DEFAULT mode.
2024-07-18 09:55:25.374 [restartedMain] INFO  o.s.d.r.c.RepositoryConfigurationDelegate - Finished Spring Data repository scanning in 27 ms. Found 0 Redis repository interfaces.
2024-07-18 09:55:25.423 [restartedMain] INFO  o.s.cloud.context.scope.GenericScope - BeanFactory id=11ce2f20-bcd0-3162-aa01-700bd90e3755
2024-07-18 09:55:25.644 [restartedMain] INFO  o.s.cloud.context.scope.GenericScope - BeanFactory id=11ce2f20-bcd0-3162-aa01-700bd90e3755
2024-07-18 09:55:26.172 [restartedMain] INFO  o.s.b.w.e.tomcat.TomcatWebServer - Tomcat initialized with port 8081 (http)
2024-07-18 09:55:28.239 [restartedMain] INFO  o.a.catalina.core.StandardService - Starting service [Tomcat]
2024-07-18 09:55:28.241 [restartedMain] INFO  o.a.catalina.core.StandardEngine - Starting Servlet engine: [Apache Tomcat/10.1.24]
2024-07-18 09:55:28.277 [restartedMain] INFO  o.a.c.c.C.[Tomcat].[localhost].[/] - Initializing Spring embedded WebApplicationContext
2024-07-18 09:55:28.277 [restartedMain] INFO  o.s.b.w.s.c.ServletWebServerApplicationContext - Root WebApplicationContext: initialization completed in 4359 ms
2024-07-18 09:55:28.448 [restartedMain] INFO  o.s.b.w.e.tomcat.TomcatWebServer - Tomcat initialized with port 8081 (http)
2024-07-18 09:55:28.458 [restartedMain] INFO  o.a.catalina.core.StandardService - Starting service [Tomcat]
2024-07-18 09:55:28.460 [restartedMain] INFO  o.a.catalina.core.StandardEngine - Starting Servlet engine: [Apache Tomcat/10.1.24]
2024-07-18 09:55:28.493 [restartedMain] INFO  o.a.c.c.C.[Tomcat].[localhost].[/] - Initializing Spring embedded WebApplicationContext
2024-07-18 09:55:28.493 [restartedMain] INFO  o.s.b.w.s.c.ServletWebServerApplicationContext - Root WebApplicationContext: initialization completed in 4273 ms
2024-07-18 09:55:28.754 [restartedMain] INFO  o.s.b.d.a.OptionalLiveReloadServer - LiveReload server is running on port 35729
2024-07-18 09:55:30.246 [restartedMain] INFO  o.s.b.a.w.s.WelcomePageHandlerMapping - Adding welcome page template: index
2024-07-18 09:55:30.399 [restartedMain] INFO  o.s.s.web.DefaultSecurityFilterChain - Will secure any request with [org.springframework.security.web.session.DisableEncodeUrlFilter@58d7ff8f, org.springframework.security.web.context.request.async.WebAsyncManagerIntegrationFilter@726ee07, org.springframework.security.web.context.SecurityContextHolderFilter@7e24ec40, org.springframework.security.web.header.HeaderWriterFilter@3d36b752, org.springframework.web.filter.CorsFilter@30f7e096, org.springframework.security.web.authentication.logout.LogoutFilter@104c1e81, org.springframework.security.web.savedrequest.RequestCacheAwareFilter@41a88a20, org.springframework.security.web.servletapi.SecurityContextHolderAwareRequestFilter@5512523d, org.springframework.security.web.authentication.AnonymousAuthenticationFilter@234a6e76, org.springframework.security.web.access.ExceptionTranslationFilter@24b5857f, org.springframework.security.web.access.intercept.AuthorizationFilter@7e6100d]
2024-07-18 09:55:30.438 [restartedMain] INFO  o.s.b.a.w.s.WelcomePageHandlerMapping - Adding welcome page template: index
2024-07-18 09:55:30.614 [restartedMain] INFO  o.s.s.web.DefaultSecurityFilterChain - Will secure any request with [org.springframework.security.web.session.DisableEncodeUrlFilter@4486c617, org.springframework.security.web.context.request.async.WebAsyncManagerIntegrationFilter@74605e56, org.springframework.security.web.context.SecurityContextHolderFilter@175639d0, org.springframework.security.web.header.HeaderWriterFilter@3f26ce91, org.springframework.web.filter.CorsFilter@7b1cf31c, org.springframework.security.web.authentication.logout.LogoutFilter@3aa71808, org.springframework.security.web.savedrequest.RequestCacheAwareFilter@3387a05e, org.springframework.security.web.servletapi.SecurityContextHolderAwareRequestFilter@2bdc14f1, org.springframework.security.web.authentication.AnonymousAuthenticationFilter@b550bd7, org.springframework.security.web.access.ExceptionTranslationFilter@7e24ec40, org.springframework.security.web.access.intercept.AuthorizationFilter@30f7e096]
2024-07-18 09:55:31.263 [restartedMain] INFO  o.s.b.w.e.tomcat.TomcatWebServer - Tomcat started on port 8081 (http) with context path '/'
2024-07-18 09:55:31.277 [restartedMain] INFO  c.n.b.BookStoreFrontApplication - Started BookStoreFrontApplication in 7.953 seconds (process running for 12.03)
2024-07-18 09:55:31.280 [scheduling-1] INFO  c.n.b.global.config.CacheConfig - Refresh categoriesCache completed.
2024-07-18 09:55:31.561 [restartedMain] INFO  o.s.b.a.l.ConditionEvaluationReportLogger - 

Error starting ApplicationContext. To display the condition evaluation report re-run your application with 'debug' enabled.
2024-07-18 09:55:37.110 [http-nio-8081-exec-2] INFO  o.a.c.c.C.[Tomcat].[localhost].[/] - Initializing Spring DispatcherServlet 'dispatcherServlet'
2024-07-18 09:55:37.111 [http-nio-8081-exec-2] INFO  o.s.web.servlet.DispatcherServlet - Initializing Servlet 'dispatcherServlet'
2024-07-18 09:55:37.114 [http-nio-8081-exec-2] INFO  o.s.web.servlet.DispatcherServlet - Completed initialization in 2 ms
2024-07-18 09:55:37.441 [http-nio-8081-exec-2] INFO  user-logger - test
2024-07-18 09:57:00.734 [restartedMain] INFO  c.n.b.BookStoreFrontApplication - Starting BookStoreFrontApplication using Java 21.0.3 with PID 52052 (/Users/dlrudgjs/Desktop/GitHub/book-store-front/target/classes started by dlrudgjs in /Users/dlrudgjs/Desktop/GitHub/book-store-front)
2024-07-18 09:57:00.737 [restartedMain] INFO  c.n.b.BookStoreFrontApplication - The following 1 profile is active: "dev"
2024-07-18 09:57:00.785 [restartedMain] INFO  o.s.b.d.e.DevToolsPropertyDefaultsPostProcessor - Devtools property defaults active! Set 'spring.devtools.add-properties' to 'false' to disable
2024-07-18 09:57:00.786 [restartedMain] INFO  o.s.b.d.e.DevToolsPropertyDefaultsPostProcessor - For additional web related logging consider setting the 'logging.level.web' property to 'DEBUG'
2024-07-18 09:57:01.836 [restartedMain] INFO  o.s.d.r.c.RepositoryConfigurationDelegate - Multiple Spring Data modules found, entering strict repository configuration mode
2024-07-18 09:57:01.840 [restartedMain] INFO  o.s.d.r.c.RepositoryConfigurationDelegate - Bootstrapping Spring Data Redis repositories in DEFAULT mode.
2024-07-18 09:57:01.875 [restartedMain] INFO  o.s.d.r.c.RepositoryConfigurationDelegate - Finished Spring Data repository scanning in 25 ms. Found 0 Redis repository interfaces.
2024-07-18 09:57:02.122 [restartedMain] INFO  o.s.cloud.context.scope.GenericScope - BeanFactory id=11ce2f20-bcd0-3162-aa01-700bd90e3755
2024-07-18 09:57:02.798 [restartedMain] INFO  o.s.b.w.e.tomcat.TomcatWebServer - Tomcat initialized with port 8081 (http)
2024-07-18 09:57:02.807 [restartedMain] INFO  o.a.catalina.core.StandardService - Starting service [Tomcat]
2024-07-18 09:57:02.808 [restartedMain] INFO  o.a.catalina.core.StandardEngine - Starting Servlet engine: [Apache Tomcat/10.1.24]
2024-07-18 09:57:02.843 [restartedMain] INFO  o.a.c.c.C.[Tomcat].[localhost].[/] - Initializing Spring embedded WebApplicationContext
2024-07-18 09:57:02.844 [restartedMain] INFO  o.s.b.w.s.c.ServletWebServerApplicationContext - Root WebApplicationContext: initialization completed in 2057 ms
2024-07-18 09:57:03.264 [restartedMain] INFO  o.s.b.d.a.OptionalLiveReloadServer - LiveReload server is running on port 35729
2024-07-18 09:57:04.590 [restartedMain] INFO  o.s.b.a.w.s.WelcomePageHandlerMapping - Adding welcome page template: index
2024-07-18 09:57:04.734 [restartedMain] INFO  o.s.s.web.DefaultSecurityFilterChain - Will secure any request with [org.springframework.security.web.session.DisableEncodeUrlFilter@6b47a41c, org.springframework.security.web.context.request.async.WebAsyncManagerIntegrationFilter@498baaf0, org.springframework.security.web.context.SecurityContextHolderFilter@289abd02, org.springframework.security.web.header.HeaderWriterFilter@8d09e70, org.springframework.web.filter.CorsFilter@760f1a3, org.springframework.security.web.authentication.logout.LogoutFilter@28fb91a8, org.springframework.security.web.savedrequest.RequestCacheAwareFilter@6634d8a2, org.springframework.security.web.servletapi.SecurityContextHolderAwareRequestFilter@3f26ce91, org.springframework.security.web.authentication.AnonymousAuthenticationFilter@45f2dbe2, org.springframework.security.web.access.ExceptionTranslationFilter@697172c1, org.springframework.security.web.access.intercept.AuthorizationFilter@4595f95]
2024-07-18 09:57:05.320 [restartedMain] INFO  o.s.b.w.e.tomcat.TomcatWebServer - Tomcat started on port 8081 (http) with context path '/'
2024-07-18 09:57:05.331 [restartedMain] INFO  c.n.b.BookStoreFrontApplication - Started BookStoreFrontApplication in 5.355 seconds (process running for 11.315)
2024-07-18 09:57:05.335 [scheduling-1] INFO  c.n.b.global.config.CacheConfig - Refresh categoriesCache completed.
2024-07-18 09:57:42.471 [http-nio-8081-exec-1] INFO  o.a.c.c.C.[Tomcat].[localhost].[/] - Initializing Spring DispatcherServlet 'dispatcherServlet'
2024-07-18 09:57:42.472 [http-nio-8081-exec-1] INFO  o.s.web.servlet.DispatcherServlet - Initializing Servlet 'dispatcherServlet'
2024-07-18 09:57:42.474 [http-nio-8081-exec-1] INFO  o.s.web.servlet.DispatcherServlet - Completed initialization in 1 ms
2024-07-18 09:57:42.742 [http-nio-8081-exec-1] INFO  user-logger - test
2024-07-18 10:00:00.076 [scheduling-1] INFO  c.n.b.global.config.CacheConfig - Main Page Refresh cache completed.
2024-07-18 10:01:14.897 [restartedMain] INFO  c.n.b.BookStoreFrontApplication - Starting BookStoreFrontApplication using Java 21.0.3 with PID 52126 (/Users/dlrudgjs/Desktop/GitHub/book-store-front/target/classes started by dlrudgjs in /Users/dlrudgjs/Desktop/GitHub/book-store-front)
2024-07-18 10:01:14.900 [restartedMain] INFO  c.n.b.BookStoreFrontApplication - The following 1 profile is active: "dev"
2024-07-18 10:01:14.963 [restartedMain] INFO  o.s.b.d.e.DevToolsPropertyDefaultsPostProcessor - Devtools property defaults active! Set 'spring.devtools.add-properties' to 'false' to disable
2024-07-18 10:01:14.964 [restartedMain] INFO  o.s.b.d.e.DevToolsPropertyDefaultsPostProcessor - For additional web related logging consider setting the 'logging.level.web' property to 'DEBUG'
2024-07-18 10:01:15.974 [restartedMain] INFO  o.s.d.r.c.RepositoryConfigurationDelegate - Multiple Spring Data modules found, entering strict repository configuration mode
2024-07-18 10:01:15.978 [restartedMain] INFO  o.s.d.r.c.RepositoryConfigurationDelegate - Bootstrapping Spring Data Redis repositories in DEFAULT mode.
2024-07-18 10:01:16.011 [restartedMain] INFO  o.s.d.r.c.RepositoryConfigurationDelegate - Finished Spring Data repository scanning in 23 ms. Found 0 Redis repository interfaces.
2024-07-18 10:01:16.286 [restartedMain] INFO  o.s.cloud.context.scope.GenericScope - BeanFactory id=11ce2f20-bcd0-3162-aa01-700bd90e3755
2024-07-18 10:01:16.963 [restartedMain] INFO  o.s.b.w.e.tomcat.TomcatWebServer - Tomcat initialized with port 8081 (http)
2024-07-18 10:01:16.972 [restartedMain] INFO  o.a.catalina.core.StandardService - Starting service [Tomcat]
2024-07-18 10:01:16.973 [restartedMain] INFO  o.a.catalina.core.StandardEngine - Starting Servlet engine: [Apache Tomcat/10.1.24]
2024-07-18 10:01:17.003 [restartedMain] INFO  o.a.c.c.C.[Tomcat].[localhost].[/] - Initializing Spring embedded WebApplicationContext
2024-07-18 10:01:17.003 [restartedMain] INFO  o.s.b.w.s.c.ServletWebServerApplicationContext - Root WebApplicationContext: initialization completed in 2038 ms
2024-07-18 10:01:17.397 [restartedMain] INFO  o.s.b.d.a.OptionalLiveReloadServer - LiveReload server is running on port 35729
2024-07-18 10:01:18.284 [restartedMain] INFO  o.s.b.a.w.s.WelcomePageHandlerMapping - Adding welcome page template: index
2024-07-18 10:01:18.702 [restartedMain] INFO  o.s.s.web.DefaultSecurityFilterChain - Will secure any request with [org.springframework.security.web.session.DisableEncodeUrlFilter@8f4d787, org.springframework.security.web.context.request.async.WebAsyncManagerIntegrationFilter@6272e375, org.springframework.security.web.context.SecurityContextHolderFilter@5fab5238, org.springframework.security.web.header.HeaderWriterFilter@40a194f, org.springframework.web.filter.CorsFilter@401f16f, org.springframework.security.web.authentication.logout.LogoutFilter@6babf6d9, org.springframework.security.web.savedrequest.RequestCacheAwareFilter@5ad46505, org.springframework.security.web.servletapi.SecurityContextHolderAwareRequestFilter@7293e84e, org.springframework.security.web.authentication.AnonymousAuthenticationFilter@71e3a36e, org.springframework.security.web.access.ExceptionTranslationFilter@2f905f06, org.springframework.security.web.access.intercept.AuthorizationFilter@398be3cf]
2024-07-18 10:01:19.359 [restartedMain] INFO  o.s.b.w.e.tomcat.TomcatWebServer - Tomcat started on port 8081 (http) with context path '/'
2024-07-18 10:01:19.373 [restartedMain] INFO  c.n.b.BookStoreFrontApplication - Started BookStoreFrontApplication in 5.175 seconds (process running for 11.012)
2024-07-18 10:01:19.376 [scheduling-1] INFO  c.n.b.global.config.CacheConfig - Refresh categoriesCache completed.
2024-07-18 10:01:28.369 [http-nio-8081-exec-1] INFO  o.a.c.c.C.[Tomcat].[localhost].[/] - Initializing Spring DispatcherServlet 'dispatcherServlet'
2024-07-18 10:01:28.371 [http-nio-8081-exec-1] INFO  o.s.web.servlet.DispatcherServlet - Initializing Servlet 'dispatcherServlet'
2024-07-18 10:01:28.373 [http-nio-8081-exec-1] INFO  o.s.web.servlet.DispatcherServlet - Completed initialization in 1 ms
2024-07-18 10:01:28.613 [http-nio-8081-exec-1] INFO  user-logger - test
2024-07-18 10:03:14.253 [File Watcher] INFO  o.s.b.d.a.LocalDevToolsAutoConfiguration$RestartingClassPathChangeChangedEventListener - Restarting due to 1 class path change (0 additions, 1 deletion, 0 modifications)
2024-07-18 10:03:14.693 [restartedMain] INFO  c.n.b.BookStoreFrontApplication - Starting BookStoreFrontApplication using Java 21.0.3 with PID 52126 (/Users/dlrudgjs/Desktop/GitHub/book-store-front/target/classes started by dlrudgjs in /Users/dlrudgjs/Desktop/GitHub/book-store-front)
2024-07-18 10:03:14.694 [restartedMain] INFO  c.n.b.BookStoreFrontApplication - The following 1 profile is active: "dev"
2024-07-18 10:03:15.163 [restartedMain] INFO  o.s.d.r.c.RepositoryConfigurationDelegate - Multiple Spring Data modules found, entering strict repository configuration mode
2024-07-18 10:03:15.164 [restartedMain] INFO  o.s.d.r.c.RepositoryConfigurationDelegate - Bootstrapping Spring Data Redis repositories in DEFAULT mode.
2024-07-18 10:03:15.179 [restartedMain] INFO  o.s.d.r.c.RepositoryConfigurationDelegate - Finished Spring Data repository scanning in 14 ms. Found 0 Redis repository interfaces.
2024-07-18 10:03:15.270 [restartedMain] INFO  o.s.cloud.context.scope.GenericScope - BeanFactory id=11ce2f20-bcd0-3162-aa01-700bd90e3755
2024-07-18 10:03:15.455 [restartedMain] INFO  o.s.b.w.e.tomcat.TomcatWebServer - Tomcat initialized with port 8081 (http)
2024-07-18 10:03:15.458 [restartedMain] INFO  o.a.catalina.core.StandardService - Starting service [Tomcat]
2024-07-18 10:03:15.458 [restartedMain] INFO  o.a.catalina.core.StandardEngine - Starting Servlet engine: [Apache Tomcat/10.1.24]
2024-07-18 10:03:15.587 [restartedMain] INFO  o.a.c.c.C.[Tomcat].[localhost].[/] - Initializing Spring embedded WebApplicationContext
2024-07-18 10:03:15.594 [restartedMain] INFO  o.s.b.w.s.c.ServletWebServerApplicationContext - Root WebApplicationContext: initialization completed in 886 ms
2024-07-18 10:03:16.104 [restartedMain] INFO  o.s.b.d.a.OptionalLiveReloadServer - LiveReload server is running on port 35729
2024-07-18 10:03:17.249 [restartedMain] INFO  o.s.b.a.w.s.WelcomePageHandlerMapping - Adding welcome page template: index
2024-07-18 10:03:17.363 [restartedMain] INFO  o.s.s.web.DefaultSecurityFilterChain - Will secure any request with [org.springframework.security.web.session.DisableEncodeUrlFilter@1e5e0113, org.springframework.security.web.context.request.async.WebAsyncManagerIntegrationFilter@600efdc, org.springframework.security.web.context.SecurityContextHolderFilter@c55f0bd, org.springframework.security.web.header.HeaderWriterFilter@22edc961, org.springframework.web.filter.CorsFilter@6335676c, org.springframework.security.web.authentication.logout.LogoutFilter@67e5c84d, org.springframework.security.web.savedrequest.RequestCacheAwareFilter@30728a77, org.springframework.security.web.servletapi.SecurityContextHolderAwareRequestFilter@8fc6ed5, org.springframework.security.web.authentication.AnonymousAuthenticationFilter@352e8e9f, org.springframework.security.web.access.ExceptionTranslationFilter@10951478, org.springframework.security.web.access.intercept.AuthorizationFilter@10c8c0bd]
2024-07-18 10:03:17.978 [restartedMain] INFO  o.s.b.w.e.tomcat.TomcatWebServer - Tomcat started on port 8081 (http) with context path '/'
2024-07-18 10:03:17.995 [restartedMain] INFO  c.n.b.BookStoreFrontApplication - Started BookStoreFrontApplication in 3.511 seconds (process running for 129.634)
2024-07-18 10:03:17.997 [scheduling-1] INFO  c.n.b.global.config.CacheConfig - Refresh categoriesCache completed.
2024-07-18 10:03:18.009 [restartedMain] INFO  o.s.b.d.a.ConditionEvaluationDeltaLoggingListener - Condition evaluation unchanged
2024-07-18 10:03:19.411 [File Watcher] INFO  o.s.b.d.a.LocalDevToolsAutoConfiguration$RestartingClassPathChangeChangedEventListener - Restarting due to 1 class path change (1 addition, 0 deletions, 0 modifications)
2024-07-18 10:03:19.792 [restartedMain] INFO  c.n.b.BookStoreFrontApplication - Starting BookStoreFrontApplication using Java 21.0.3 with PID 52126 (/Users/dlrudgjs/Desktop/GitHub/book-store-front/target/classes started by dlrudgjs in /Users/dlrudgjs/Desktop/GitHub/book-store-front)
2024-07-18 10:03:19.794 [restartedMain] INFO  c.n.b.BookStoreFrontApplication - The following 1 profile is active: "dev"
2024-07-18 10:03:20.048 [restartedMain] INFO  o.s.d.r.c.RepositoryConfigurationDelegate - Multiple Spring Data modules found, entering strict repository configuration mode
2024-07-18 10:03:20.049 [restartedMain] INFO  o.s.d.r.c.RepositoryConfigurationDelegate - Bootstrapping Spring Data Redis repositories in DEFAULT mode.
2024-07-18 10:03:20.062 [restartedMain] INFO  o.s.d.r.c.RepositoryConfigurationDelegate - Finished Spring Data repository scanning in 12 ms. Found 0 Redis repository interfaces.
2024-07-18 10:03:20.137 [restartedMain] INFO  o.s.cloud.context.scope.GenericScope - BeanFactory id=11ce2f20-bcd0-3162-aa01-700bd90e3755
2024-07-18 10:03:20.375 [restartedMain] INFO  o.s.b.w.e.tomcat.TomcatWebServer - Tomcat initialized with port 8081 (http)
2024-07-18 10:03:20.395 [restartedMain] INFO  o.a.catalina.core.StandardService - Starting service [Tomcat]
2024-07-18 10:03:20.396 [restartedMain] INFO  o.a.catalina.core.StandardEngine - Starting Servlet engine: [Apache Tomcat/10.1.24]
2024-07-18 10:03:20.434 [restartedMain] INFO  o.a.c.c.C.[Tomcat].[localhost].[/] - Initializing Spring embedded WebApplicationContext
2024-07-18 10:03:20.436 [restartedMain] INFO  o.s.b.w.s.c.ServletWebServerApplicationContext - Root WebApplicationContext: initialization completed in 628 ms
2024-07-18 10:03:20.814 [restartedMain] INFO  o.s.b.d.a.OptionalLiveReloadServer - LiveReload server is running on port 35729
2024-07-18 10:03:21.313 [restartedMain] INFO  o.s.b.a.w.s.WelcomePageHandlerMapping - Adding welcome page template: index
2024-07-18 10:03:21.386 [restartedMain] INFO  o.s.s.web.DefaultSecurityFilterChain - Will secure any request with [org.springframework.security.web.session.DisableEncodeUrlFilter@c152a91, org.springframework.security.web.context.request.async.WebAsyncManagerIntegrationFilter@6789f401, org.springframework.security.web.context.SecurityContextHolderFilter@3f73402c, org.springframework.security.web.header.HeaderWriterFilter@74c9bf84, org.springframework.web.filter.CorsFilter@7ce75c72, org.springframework.security.web.authentication.logout.LogoutFilter@7c5a11a1, org.springframework.security.web.savedrequest.RequestCacheAwareFilter@5c4e24fd, org.springframework.security.web.servletapi.SecurityContextHolderAwareRequestFilter@6081ee97, org.springframework.security.web.authentication.AnonymousAuthenticationFilter@452d9ee1, org.springframework.security.web.access.ExceptionTranslationFilter@1125bad1, org.springframework.security.web.access.intercept.AuthorizationFilter@2c42b631]
2024-07-18 10:03:21.581 [restartedMain] INFO  o.s.b.w.e.tomcat.TomcatWebServer - Tomcat started on port 8081 (http) with context path '/'
2024-07-18 10:03:21.588 [restartedMain] INFO  c.n.b.BookStoreFrontApplication - Started BookStoreFrontApplication in 2.003 seconds (process running for 133.227)
2024-07-18 10:03:21.588 [scheduling-1] INFO  c.n.b.global.config.CacheConfig - Refresh categoriesCache completed.
2024-07-18 10:03:21.589 [restartedMain] INFO  o.s.b.d.a.ConditionEvaluationDeltaLoggingListener - Condition evaluation unchanged
2024-07-18 10:05:01.869 [restartedMain] INFO  c.n.b.BookStoreFrontApplication - Starting BookStoreFrontApplication using Java 21.0.3 with PID 52199 (/Users/dlrudgjs/Desktop/GitHub/book-store-front/target/classes started by dlrudgjs in /Users/dlrudgjs/Desktop/GitHub/book-store-front)
2024-07-18 10:05:01.871 [restartedMain] INFO  c.n.b.BookStoreFrontApplication - The following 1 profile is active: "dev"
2024-07-18 10:05:01.917 [restartedMain] INFO  o.s.b.d.e.DevToolsPropertyDefaultsPostProcessor - Devtools property defaults active! Set 'spring.devtools.add-properties' to 'false' to disable
2024-07-18 10:05:01.918 [restartedMain] INFO  o.s.b.d.e.DevToolsPropertyDefaultsPostProcessor - For additional web related logging consider setting the 'logging.level.web' property to 'DEBUG'
2024-07-18 10:05:03.020 [restartedMain] INFO  o.s.d.r.c.RepositoryConfigurationDelegate - Multiple Spring Data modules found, entering strict repository configuration mode
2024-07-18 10:05:03.030 [restartedMain] INFO  o.s.d.r.c.RepositoryConfigurationDelegate - Bootstrapping Spring Data Redis repositories in DEFAULT mode.
2024-07-18 10:05:03.069 [restartedMain] INFO  o.s.d.r.c.RepositoryConfigurationDelegate - Finished Spring Data repository scanning in 29 ms. Found 0 Redis repository interfaces.
2024-07-18 10:05:03.283 [restartedMain] INFO  o.s.cloud.context.scope.GenericScope - BeanFactory id=11ce2f20-bcd0-3162-aa01-700bd90e3755
2024-07-18 10:05:03.950 [restartedMain] INFO  o.s.b.w.e.tomcat.TomcatWebServer - Tomcat initialized with port 8081 (http)
2024-07-18 10:05:03.958 [restartedMain] INFO  o.a.catalina.core.StandardService - Starting service [Tomcat]
2024-07-18 10:05:03.960 [restartedMain] INFO  o.a.catalina.core.StandardEngine - Starting Servlet engine: [Apache Tomcat/10.1.24]
2024-07-18 10:05:03.987 [restartedMain] INFO  o.a.c.c.C.[Tomcat].[localhost].[/] - Initializing Spring embedded WebApplicationContext
2024-07-18 10:05:03.987 [restartedMain] INFO  o.s.b.w.s.c.ServletWebServerApplicationContext - Root WebApplicationContext: initialization completed in 2069 ms
2024-07-18 10:05:04.395 [restartedMain] INFO  o.s.b.d.a.OptionalLiveReloadServer - LiveReload server is running on port 35729
2024-07-18 10:05:05.259 [restartedMain] INFO  o.s.b.a.w.s.WelcomePageHandlerMapping - Adding welcome page template: index
2024-07-18 10:05:05.666 [restartedMain] INFO  o.s.s.web.DefaultSecurityFilterChain - Will secure any request with [org.springframework.security.web.session.DisableEncodeUrlFilter@1abde544, org.springframework.security.web.context.request.async.WebAsyncManagerIntegrationFilter@8f4d787, org.springframework.security.web.context.SecurityContextHolderFilter@b3fe8e3, org.springframework.security.web.header.HeaderWriterFilter@294f1ea7, org.springframework.web.filter.CorsFilter@6272e375, org.springframework.security.web.authentication.logout.LogoutFilter@6689b90d, org.springframework.security.web.savedrequest.RequestCacheAwareFilter@568dd397, org.springframework.security.web.servletapi.SecurityContextHolderAwareRequestFilter@54e93ce, org.springframework.security.web.authentication.AnonymousAuthenticationFilter@401f16f, org.springframework.security.web.access.ExceptionTranslationFilter@66889ea0, org.springframework.security.web.access.intercept.AuthorizationFilter@45e5e125]
2024-07-18 10:05:06.652 [restartedMain] INFO  o.s.b.w.e.tomcat.TomcatWebServer - Tomcat started on port 8081 (http) with context path '/'
2024-07-18 10:05:06.669 [restartedMain] INFO  c.n.b.BookStoreFrontApplication - Started BookStoreFrontApplication in 5.515 seconds (process running for 11.336)
2024-07-18 10:05:06.673 [scheduling-1] INFO  c.n.b.global.config.CacheConfig - Refresh categoriesCache completed.
2024-07-18 10:05:27.610 [http-nio-8081-exec-2] INFO  o.a.c.c.C.[Tomcat].[localhost].[/] - Initializing Spring DispatcherServlet 'dispatcherServlet'
2024-07-18 10:05:27.611 [http-nio-8081-exec-2] INFO  o.s.web.servlet.DispatcherServlet - Initializing Servlet 'dispatcherServlet'
2024-07-18 10:05:27.613 [http-nio-8081-exec-2] INFO  o.s.web.servlet.DispatcherServlet - Completed initialization in 1 ms
2024-07-18 10:05:27.867 [http-nio-8081-exec-2] INFO  user-logger - test
2024-07-18 10:07:11.837 [File Watcher] INFO  o.s.b.d.a.LocalDevToolsAutoConfiguration$RestartingClassPathChangeChangedEventListener - Restarting due to 1 class path change (0 additions, 0 deletions, 1 modification)
2024-07-18 10:07:12.330 [restartedMain] INFO  c.n.b.BookStoreFrontApplication - Starting BookStoreFrontApplication using Java 21.0.3 with PID 52199 (/Users/dlrudgjs/Desktop/GitHub/book-store-front/target/classes started by dlrudgjs in /Users/dlrudgjs/Desktop/GitHub/book-store-front)
2024-07-18 10:07:12.331 [restartedMain] INFO  c.n.b.BookStoreFrontApplication - The following 1 profile is active: "dev"
2024-07-18 10:07:12.710 [restartedMain] INFO  o.s.d.r.c.RepositoryConfigurationDelegate - Multiple Spring Data modules found, entering strict repository configuration mode
2024-07-18 10:07:12.711 [restartedMain] INFO  o.s.d.r.c.RepositoryConfigurationDelegate - Bootstrapping Spring Data Redis repositories in DEFAULT mode.
2024-07-18 10:07:12.725 [restartedMain] INFO  o.s.d.r.c.RepositoryConfigurationDelegate - Finished Spring Data repository scanning in 13 ms. Found 0 Redis repository interfaces.
2024-07-18 10:07:12.806 [restartedMain] INFO  o.s.cloud.context.scope.GenericScope - BeanFactory id=11ce2f20-bcd0-3162-aa01-700bd90e3755
2024-07-18 10:07:13.300 [restartedMain] INFO  o.s.b.w.e.tomcat.TomcatWebServer - Tomcat initialized with port 8081 (http)
2024-07-18 10:07:13.310 [restartedMain] INFO  o.a.catalina.core.StandardService - Starting service [Tomcat]
2024-07-18 10:07:13.310 [restartedMain] INFO  o.a.catalina.core.StandardEngine - Starting Servlet engine: [Apache Tomcat/10.1.24]
2024-07-18 10:07:13.333 [restartedMain] INFO  o.a.c.c.C.[Tomcat].[localhost].[/] - Initializing Spring embedded WebApplicationContext
2024-07-18 10:07:13.334 [restartedMain] INFO  o.s.b.w.s.c.ServletWebServerApplicationContext - Root WebApplicationContext: initialization completed in 988 ms
2024-07-18 10:07:13.553 [restartedMain] INFO  o.s.b.d.a.OptionalLiveReloadServer - LiveReload server is running on port 35729
2024-07-18 10:07:14.703 [restartedMain] INFO  o.s.b.a.w.s.WelcomePageHandlerMapping - Adding welcome page template: index
2024-07-18 10:07:14.799 [restartedMain] INFO  o.s.s.web.DefaultSecurityFilterChain - Will secure any request with [org.springframework.security.web.session.DisableEncodeUrlFilter@7a2d9837, org.springframework.security.web.context.request.async.WebAsyncManagerIntegrationFilter@9b1893, org.springframework.security.web.context.SecurityContextHolderFilter@67173abe, org.springframework.security.web.header.HeaderWriterFilter@762837f3, org.springframework.web.filter.CorsFilter@6d54ccf9, org.springframework.security.web.authentication.logout.LogoutFilter@2fe76541, org.springframework.security.web.savedrequest.RequestCacheAwareFilter@775b871c, org.springframework.security.web.servletapi.SecurityContextHolderAwareRequestFilter@465b539d, org.springframework.security.web.authentication.AnonymousAuthenticationFilter@2e545b1a, org.springframework.security.web.access.ExceptionTranslationFilter@7aa96301, org.springframework.security.web.access.intercept.AuthorizationFilter@398f5990]
2024-07-18 10:07:15.074 [restartedMain] INFO  o.s.b.w.e.tomcat.TomcatWebServer - Tomcat started on port 8081 (http) with context path '/'
2024-07-18 10:07:15.084 [restartedMain] INFO  c.n.b.BookStoreFrontApplication - Started BookStoreFrontApplication in 2.995 seconds (process running for 139.751)
2024-07-18 10:07:15.084 [scheduling-1] INFO  c.n.b.global.config.CacheConfig - Refresh categoriesCache completed.
2024-07-18 10:07:15.123 [restartedMain] INFO  o.s.b.d.a.ConditionEvaluationDeltaLoggingListener - Condition evaluation unchanged
2024-07-18 10:07:22.678 [File Watcher] INFO  o.s.b.d.a.LocalDevToolsAutoConfiguration$RestartingClassPathChangeChangedEventListener - Restarting due to 1 class path change (0 additions, 0 deletions, 1 modification)
2024-07-18 10:07:23.107 [restartedMain] INFO  c.n.b.BookStoreFrontApplication - Starting BookStoreFrontApplication using Java 21.0.3 with PID 52199 (/Users/dlrudgjs/Desktop/GitHub/book-store-front/target/classes started by dlrudgjs in /Users/dlrudgjs/Desktop/GitHub/book-store-front)
2024-07-18 10:07:23.544 [restartedMain] INFO  c.n.b.BookStoreFrontApplication - The following 1 profile is active: "dev"
2024-07-18 10:07:23.893 [restartedMain] INFO  o.s.d.r.c.RepositoryConfigurationDelegate - Multiple Spring Data modules found, entering strict repository configuration mode
2024-07-18 10:07:23.927 [restartedMain] INFO  o.s.d.r.c.RepositoryConfigurationDelegate - Bootstrapping Spring Data Redis repositories in DEFAULT mode.
2024-07-18 10:07:24.058 [restartedMain] INFO  o.s.d.r.c.RepositoryConfigurationDelegate - Finished Spring Data repository scanning in 80 ms. Found 0 Redis repository interfaces.
2024-07-18 10:07:24.377 [restartedMain] INFO  o.s.cloud.context.scope.GenericScope - BeanFactory id=11ce2f20-bcd0-3162-aa01-700bd90e3755
2024-07-18 10:07:24.651 [restartedMain] INFO  o.s.b.w.e.tomcat.TomcatWebServer - Tomcat initialized with port 8081 (http)
2024-07-18 10:07:24.683 [restartedMain] INFO  o.a.catalina.core.StandardService - Starting service [Tomcat]
2024-07-18 10:07:24.723 [restartedMain] INFO  o.a.catalina.core.StandardEngine - Starting Servlet engine: [Apache Tomcat/10.1.24]
2024-07-18 10:07:24.774 [restartedMain] INFO  o.a.c.c.C.[Tomcat].[localhost].[/] - Initializing Spring embedded WebApplicationContext
2024-07-18 10:07:24.805 [restartedMain] INFO  o.s.b.w.s.c.ServletWebServerApplicationContext - Root WebApplicationContext: initialization completed in 1211 ms
2024-07-18 10:07:24.977 [restartedMain] INFO  o.s.b.d.a.OptionalLiveReloadServer - LiveReload server is running on port 35729
2024-07-18 10:07:25.881 [restartedMain] INFO  o.s.b.a.w.s.WelcomePageHandlerMapping - Adding welcome page template: index
2024-07-18 10:07:26.077 [restartedMain] INFO  o.s.s.web.DefaultSecurityFilterChain - Will secure any request with [org.springframework.security.web.session.DisableEncodeUrlFilter@74e7547, org.springframework.security.web.context.request.async.WebAsyncManagerIntegrationFilter@28b7ec56, org.springframework.security.web.context.SecurityContextHolderFilter@3f67e42, org.springframework.security.web.header.HeaderWriterFilter@27cbebe8, org.springframework.web.filter.CorsFilter@a153247, org.springframework.security.web.authentication.logout.LogoutFilter@2adc6d30, org.springframework.security.web.savedrequest.RequestCacheAwareFilter@14d52855, org.springframework.security.web.servletapi.SecurityContextHolderAwareRequestFilter@62843742, org.springframework.security.web.authentication.AnonymousAuthenticationFilter@2cd7d6d7, org.springframework.security.web.access.ExceptionTranslationFilter@46b60237, org.springframework.security.web.access.intercept.AuthorizationFilter@56ae1953]
2024-07-18 10:07:26.655 [restartedMain] INFO  o.s.b.w.e.tomcat.TomcatWebServer - Tomcat started on port 8081 (http) with context path '/'
2024-07-18 10:07:26.766 [restartedMain] INFO  c.n.b.BookStoreFrontApplication - Started BookStoreFrontApplication in 3.89 seconds (process running for 151.433)
2024-07-18 10:07:26.778 [scheduling-1] INFO  c.n.b.global.config.CacheConfig - Refresh categoriesCache completed.
2024-07-18 10:07:26.801 [restartedMain] INFO  o.s.b.d.a.ConditionEvaluationDeltaLoggingListener - Condition evaluation unchanged
2024-07-18 10:08:25.788 [File Watcher] INFO  o.s.b.d.a.LocalDevToolsAutoConfiguration$RestartingClassPathChangeChangedEventListener - Restarting due to 1 class path change (1 addition, 0 deletions, 0 modifications)
2024-07-18 10:08:26.319 [restartedMain] INFO  c.n.b.BookStoreFrontApplication - Starting BookStoreFrontApplication using Java 21.0.3 with PID 52199 (/Users/dlrudgjs/Desktop/GitHub/book-store-front/target/classes started by dlrudgjs in /Users/dlrudgjs/Desktop/GitHub/book-store-front)
2024-07-18 10:08:26.393 [restartedMain] INFO  c.n.b.BookStoreFrontApplication - The following 1 profile is active: "dev"
2024-07-18 10:08:26.820 [restartedMain] INFO  o.s.b.a.l.ConditionEvaluationReportLogger - 

Error starting ApplicationContext. To display the condition evaluation report re-run your application with 'debug' enabled.
2024-07-18 10:08:44.490 [restartedMain] INFO  c.n.b.BookStoreFrontApplication - Starting BookStoreFrontApplication using Java 21.0.3 with PID 52199 (/Users/dlrudgjs/Desktop/GitHub/book-store-front/target/classes started by dlrudgjs in /Users/dlrudgjs/Desktop/GitHub/book-store-front)
2024-07-18 10:08:44.683 [restartedMain] INFO  c.n.b.BookStoreFrontApplication - The following 1 profile is active: "dev"
2024-07-18 10:08:45.216 [restartedMain] INFO  o.s.b.a.l.ConditionEvaluationReportLogger - 

Error starting ApplicationContext. To display the condition evaluation report re-run your application with 'debug' enabled.
2024-07-18 10:08:47.911 [restartedMain] INFO  c.n.b.BookStoreFrontApplication - Starting BookStoreFrontApplication using Java 21.0.3 with PID 52199 (/Users/dlrudgjs/Desktop/GitHub/book-store-front/target/classes started by dlrudgjs in /Users/dlrudgjs/Desktop/GitHub/book-store-front)
2024-07-18 10:08:47.957 [restartedMain] INFO  c.n.b.BookStoreFrontApplication - The following 1 profile is active: "dev"
2024-07-18 10:08:48.152 [restartedMain] INFO  o.s.b.a.l.ConditionEvaluationReportLogger - 

Error starting ApplicationContext. To display the condition evaluation report re-run your application with 'debug' enabled.
2024-07-18 10:08:56.901 [restartedMain] INFO  c.n.b.BookStoreFrontApplication - Starting BookStoreFrontApplication using Java 21.0.3 with PID 52199 (/Users/dlrudgjs/Desktop/GitHub/book-store-front/target/classes started by dlrudgjs in /Users/dlrudgjs/Desktop/GitHub/book-store-front)
2024-07-18 10:08:56.951 [restartedMain] INFO  c.n.b.BookStoreFrontApplication - The following 1 profile is active: "dev"
2024-07-18 10:08:57.144 [restartedMain] INFO  o.s.b.a.l.ConditionEvaluationReportLogger - 

Error starting ApplicationContext. To display the condition evaluation report re-run your application with 'debug' enabled.
2024-07-18 10:23:14.822 [restartedMain] INFO  c.n.b.BookStoreFrontApplication - Starting BookStoreFrontApplication using Java 21.0.3 with PID 52501 (/Users/dlrudgjs/Desktop/GitHub/book-store-front/target/classes started by dlrudgjs in /Users/dlrudgjs/Desktop/GitHub/book-store-front)
2024-07-18 10:23:14.827 [restartedMain] INFO  c.n.b.BookStoreFrontApplication - The following 1 profile is active: "dev"
2024-07-18 10:23:14.871 [restartedMain] INFO  o.s.b.d.e.DevToolsPropertyDefaultsPostProcessor - Devtools property defaults active! Set 'spring.devtools.add-properties' to 'false' to disable
2024-07-18 10:23:14.872 [restartedMain] INFO  o.s.b.d.e.DevToolsPropertyDefaultsPostProcessor - For additional web related logging consider setting the 'logging.level.web' property to 'DEBUG'
2024-07-18 10:23:15.708 [restartedMain] INFO  o.s.b.a.l.ConditionEvaluationReportLogger - 

Error starting ApplicationContext. To display the condition evaluation report re-run your application with 'debug' enabled.
2024-07-18 10:24:17.505 [restartedMain] INFO  c.n.b.BookStoreFrontApplication - Starting BookStoreFrontApplication using Java 21.0.3 with PID 52528 (/Users/dlrudgjs/Desktop/GitHub/book-store-front/target/classes started by dlrudgjs in /Users/dlrudgjs/Desktop/GitHub/book-store-front)
2024-07-18 10:24:17.508 [restartedMain] INFO  c.n.b.BookStoreFrontApplication - The following 1 profile is active: "dev"
2024-07-18 10:24:17.555 [restartedMain] INFO  o.s.b.d.e.DevToolsPropertyDefaultsPostProcessor - Devtools property defaults active! Set 'spring.devtools.add-properties' to 'false' to disable
2024-07-18 10:24:17.556 [restartedMain] INFO  o.s.b.d.e.DevToolsPropertyDefaultsPostProcessor - For additional web related logging consider setting the 'logging.level.web' property to 'DEBUG'
2024-07-18 10:24:18.390 [restartedMain] INFO  o.s.b.a.l.ConditionEvaluationReportLogger - 

Error starting ApplicationContext. To display the condition evaluation report re-run your application with 'debug' enabled.
2024-07-18 10:24:32.886 [restartedMain] INFO  c.n.b.BookStoreFrontApplication - Starting BookStoreFrontApplication using Java 21.0.3 with PID 52538 (/Users/dlrudgjs/Desktop/GitHub/book-store-front/target/classes started by dlrudgjs in /Users/dlrudgjs/Desktop/GitHub/book-store-front)
2024-07-18 10:24:32.888 [restartedMain] INFO  c.n.b.BookStoreFrontApplication - The following 1 profile is active: "dev"
2024-07-18 10:24:32.954 [restartedMain] INFO  o.s.b.d.e.DevToolsPropertyDefaultsPostProcessor - Devtools property defaults active! Set 'spring.devtools.add-properties' to 'false' to disable
2024-07-18 10:24:32.955 [restartedMain] INFO  o.s.b.d.e.DevToolsPropertyDefaultsPostProcessor - For additional web related logging consider setting the 'logging.level.web' property to 'DEBUG'
2024-07-18 10:24:33.762 [restartedMain] INFO  o.s.b.a.l.ConditionEvaluationReportLogger - 

Error starting ApplicationContext. To display the condition evaluation report re-run your application with 'debug' enabled.
2024-07-18 10:24:45.341 [restartedMain] INFO  c.n.b.BookStoreFrontApplication - Starting BookStoreFrontApplication using Java 21.0.3 with PID 52548 (/Users/dlrudgjs/Desktop/GitHub/book-store-front/target/classes started by dlrudgjs in /Users/dlrudgjs/Desktop/GitHub/book-store-front)
2024-07-18 10:24:45.344 [restartedMain] INFO  c.n.b.BookStoreFrontApplication - The following 1 profile is active: "dev"
2024-07-18 10:24:45.396 [restartedMain] INFO  o.s.b.d.e.DevToolsPropertyDefaultsPostProcessor - Devtools property defaults active! Set 'spring.devtools.add-properties' to 'false' to disable
2024-07-18 10:24:45.397 [restartedMain] INFO  o.s.b.d.e.DevToolsPropertyDefaultsPostProcessor - For additional web related logging consider setting the 'logging.level.web' property to 'DEBUG'
2024-07-18 10:24:46.261 [restartedMain] INFO  o.s.b.a.l.ConditionEvaluationReportLogger - 

Error starting ApplicationContext. To display the condition evaluation report re-run your application with 'debug' enabled.
2024-07-18 10:28:50.105 [restartedMain] INFO  c.n.b.BookStoreFrontApplication - Starting BookStoreFrontApplication using Java 21.0.3 with PID 52608 (/Users/dlrudgjs/Desktop/GitHub/book-store-front/target/classes started by dlrudgjs in /Users/dlrudgjs/Desktop/GitHub/book-store-front)
2024-07-18 10:28:50.109 [restartedMain] INFO  c.n.b.BookStoreFrontApplication - The following 1 profile is active: "dev"
2024-07-18 10:28:50.157 [restartedMain] INFO  o.s.b.d.e.DevToolsPropertyDefaultsPostProcessor - Devtools property defaults active! Set 'spring.devtools.add-properties' to 'false' to disable
2024-07-18 10:28:50.158 [restartedMain] INFO  o.s.b.d.e.DevToolsPropertyDefaultsPostProcessor - For additional web related logging consider setting the 'logging.level.web' property to 'DEBUG'
2024-07-18 10:28:51.188 [restartedMain] INFO  o.s.d.r.c.RepositoryConfigurationDelegate - Multiple Spring Data modules found, entering strict repository configuration mode
2024-07-18 10:28:51.193 [restartedMain] INFO  o.s.d.r.c.RepositoryConfigurationDelegate - Bootstrapping Spring Data Redis repositories in DEFAULT mode.
2024-07-18 10:28:51.238 [restartedMain] INFO  o.s.d.r.c.RepositoryConfigurationDelegate - Finished Spring Data repository scanning in 35 ms. Found 0 Redis repository interfaces.
2024-07-18 10:28:51.471 [restartedMain] INFO  o.s.cloud.context.scope.GenericScope - BeanFactory id=481187a5-0f84-31b8-833f-a7e99a8367d5
2024-07-18 10:28:52.242 [restartedMain] INFO  o.s.b.w.e.tomcat.TomcatWebServer - Tomcat initialized with port 8081 (http)
2024-07-18 10:28:52.252 [restartedMain] INFO  o.a.catalina.core.StandardService - Starting service [Tomcat]
2024-07-18 10:28:52.253 [restartedMain] INFO  o.a.catalina.core.StandardEngine - Starting Servlet engine: [Apache Tomcat/10.1.24]
2024-07-18 10:28:52.296 [restartedMain] INFO  o.a.c.c.C.[Tomcat].[localhost].[/] - Initializing Spring embedded WebApplicationContext
2024-07-18 10:28:52.297 [restartedMain] INFO  o.s.b.w.s.c.ServletWebServerApplicationContext - Root WebApplicationContext: initialization completed in 2139 ms
2024-07-18 10:28:52.857 [restartedMain] INFO  o.s.b.d.a.OptionalLiveReloadServer - LiveReload server is running on port 35729
2024-07-18 10:28:53.719 [restartedMain] INFO  o.s.b.a.w.s.WelcomePageHandlerMapping - Adding welcome page template: index
2024-07-18 10:28:54.189 [restartedMain] INFO  o.s.s.web.DefaultSecurityFilterChain - Will secure any request with [org.springframework.security.web.session.DisableEncodeUrlFilter@648e2235, org.springframework.security.web.context.request.async.WebAsyncManagerIntegrationFilter@737d47c8, org.springframework.security.web.context.SecurityContextHolderFilter@16321b53, org.springframework.security.web.header.HeaderWriterFilter@14178af8, org.springframework.web.filter.CorsFilter@21dec608, org.springframework.security.web.authentication.logout.LogoutFilter@6b95beb6, org.springframework.security.web.savedrequest.RequestCacheAwareFilter@3243c34, org.springframework.security.web.servletapi.SecurityContextHolderAwareRequestFilter@41cc61a2, org.springframework.security.web.authentication.AnonymousAuthenticationFilter@61ccf956, org.springframework.security.web.access.ExceptionTranslationFilter@4517f415, org.springframework.security.web.access.intercept.AuthorizationFilter@6d47f6d1]
2024-07-18 10:28:55.184 [restartedMain] INFO  o.s.b.w.e.tomcat.TomcatWebServer - Tomcat started on port 8081 (http) with context path '/'
2024-07-18 10:28:55.202 [restartedMain] INFO  c.n.b.BookStoreFrontApplication - Started BookStoreFrontApplication in 5.825 seconds (process running for 11.659)
2024-07-18 10:28:55.207 [scheduling-1] INFO  c.n.b.global.config.CacheConfig - Refresh categoriesCache completed.
2024-07-18 10:29:19.590 [restartedMain] INFO  c.n.b.BookStoreFrontApplication - Starting BookStoreFrontApplication using Java 21.0.3 with PID 52624 (/Users/dlrudgjs/Desktop/GitHub/book-store-front/target/classes started by dlrudgjs in /Users/dlrudgjs/Desktop/GitHub/book-store-front)
2024-07-18 10:29:19.594 [restartedMain] INFO  c.n.b.BookStoreFrontApplication - The following 1 profile is active: "dev"
2024-07-18 10:29:19.640 [restartedMain] INFO  o.s.b.d.e.DevToolsPropertyDefaultsPostProcessor - Devtools property defaults active! Set 'spring.devtools.add-properties' to 'false' to disable
2024-07-18 10:29:19.641 [restartedMain] INFO  o.s.b.d.e.DevToolsPropertyDefaultsPostProcessor - For additional web related logging consider setting the 'logging.level.web' property to 'DEBUG'
2024-07-18 10:29:20.661 [restartedMain] INFO  o.s.d.r.c.RepositoryConfigurationDelegate - Multiple Spring Data modules found, entering strict repository configuration mode
2024-07-18 10:29:20.670 [restartedMain] INFO  o.s.d.r.c.RepositoryConfigurationDelegate - Bootstrapping Spring Data Redis repositories in DEFAULT mode.
2024-07-18 10:29:20.716 [restartedMain] INFO  o.s.d.r.c.RepositoryConfigurationDelegate - Finished Spring Data repository scanning in 36 ms. Found 0 Redis repository interfaces.
2024-07-18 10:29:20.945 [restartedMain] INFO  o.s.cloud.context.scope.GenericScope - BeanFactory id=5ebc12fc-035f-3b33-8645-8ed346f1f0dd
2024-07-18 10:29:21.601 [restartedMain] INFO  o.s.b.w.e.tomcat.TomcatWebServer - Tomcat initialized with port 8081 (http)
2024-07-18 10:29:21.610 [restartedMain] INFO  o.a.catalina.core.StandardService - Starting service [Tomcat]
2024-07-18 10:29:21.611 [restartedMain] INFO  o.a.catalina.core.StandardEngine - Starting Servlet engine: [Apache Tomcat/10.1.24]
2024-07-18 10:29:21.638 [restartedMain] INFO  o.a.c.c.C.[Tomcat].[localhost].[/] - Initializing Spring embedded WebApplicationContext
2024-07-18 10:29:21.639 [restartedMain] INFO  o.s.b.w.s.c.ServletWebServerApplicationContext - Root WebApplicationContext: initialization completed in 1998 ms
2024-07-18 10:29:22.078 [restartedMain] INFO  o.s.b.d.a.OptionalLiveReloadServer - LiveReload server is running on port 35729
2024-07-18 10:29:22.944 [restartedMain] INFO  o.s.b.a.w.s.WelcomePageHandlerMapping - Adding welcome page template: index
2024-07-18 10:29:23.349 [restartedMain] INFO  o.s.s.web.DefaultSecurityFilterChain - Will secure any request with [org.springframework.security.web.session.DisableEncodeUrlFilter@3b456fef, org.springframework.security.web.context.request.async.WebAsyncManagerIntegrationFilter@3a02edda, org.springframework.security.web.context.SecurityContextHolderFilter@70a9611c, org.springframework.security.web.header.HeaderWriterFilter@7cae9bc6, org.springframework.web.filter.CorsFilter@6b1caf30, org.springframework.security.web.authentication.logout.LogoutFilter@498e794b, org.springframework.security.web.savedrequest.RequestCacheAwareFilter@7f9bcb9a, org.springframework.security.web.servletapi.SecurityContextHolderAwareRequestFilter@16169cf, org.springframework.security.web.authentication.AnonymousAuthenticationFilter@fc62c4e, org.springframework.security.web.access.ExceptionTranslationFilter@3a6bd842, org.springframework.security.web.access.intercept.AuthorizationFilter@211e1a30]
2024-07-18 10:29:24.343 [restartedMain] INFO  o.s.b.w.e.tomcat.TomcatWebServer - Tomcat started on port 8081 (http) with context path '/'
2024-07-18 10:29:24.361 [restartedMain] INFO  c.n.b.BookStoreFrontApplication - Started BookStoreFrontApplication in 5.482 seconds (process running for 11.31)
2024-07-18 10:29:24.365 [scheduling-1] INFO  c.n.b.global.config.CacheConfig - Refresh categoriesCache completed.
2024-07-18 10:29:29.772 [http-nio-8081-exec-1] INFO  o.a.c.c.C.[Tomcat].[localhost].[/] - Initializing Spring DispatcherServlet 'dispatcherServlet'
2024-07-18 10:29:29.773 [http-nio-8081-exec-1] INFO  o.s.web.servlet.DispatcherServlet - Initializing Servlet 'dispatcherServlet'
2024-07-18 10:29:29.775 [http-nio-8081-exec-1] INFO  o.s.web.servlet.DispatcherServlet - Completed initialization in 1 ms
2024-07-18 10:29:30.059 [http-nio-8081-exec-1] INFO  user-logger - test
2024-07-18 10:30:50.572 [File Watcher] INFO  o.s.b.d.a.LocalDevToolsAutoConfiguration$RestartingClassPathChangeChangedEventListener - Restarting due to 2 class path changes (0 additions, 2 deletions, 0 modifications)
2024-07-18 10:30:51.098 [restartedMain] INFO  c.n.b.BookStoreFrontApplication - Starting BookStoreFrontApplication using Java 21.0.3 with PID 52624 (/Users/dlrudgjs/Desktop/GitHub/book-store-front/target/classes started by dlrudgjs in /Users/dlrudgjs/Desktop/GitHub/book-store-front)
2024-07-18 10:30:51.100 [restartedMain] INFO  c.n.b.BookStoreFrontApplication - The following 1 profile is active: "dev"
2024-07-18 10:30:51.588 [restartedMain] INFO  o.s.d.r.c.RepositoryConfigurationDelegate - Multiple Spring Data modules found, entering strict repository configuration mode
2024-07-18 10:30:51.589 [restartedMain] INFO  o.s.d.r.c.RepositoryConfigurationDelegate - Bootstrapping Spring Data Redis repositories in DEFAULT mode.
2024-07-18 10:30:51.607 [restartedMain] INFO  o.s.d.r.c.RepositoryConfigurationDelegate - Finished Spring Data repository scanning in 17 ms. Found 0 Redis repository interfaces.
2024-07-18 10:30:51.713 [restartedMain] INFO  o.s.cloud.context.scope.GenericScope - BeanFactory id=5ebc12fc-035f-3b33-8645-8ed346f1f0dd
2024-07-18 10:30:52.269 [restartedMain] INFO  o.s.b.w.e.tomcat.TomcatWebServer - Tomcat initialized with port 8081 (http)
2024-07-18 10:30:52.279 [restartedMain] INFO  o.a.catalina.core.StandardService - Starting service [Tomcat]
2024-07-18 10:30:52.280 [restartedMain] INFO  o.a.catalina.core.StandardEngine - Starting Servlet engine: [Apache Tomcat/10.1.24]
2024-07-18 10:30:52.305 [restartedMain] INFO  o.a.c.c.C.[Tomcat].[localhost].[/] - Initializing Spring embedded WebApplicationContext
2024-07-18 10:30:52.306 [restartedMain] INFO  o.s.b.w.s.c.ServletWebServerApplicationContext - Root WebApplicationContext: initialization completed in 1191 ms
2024-07-18 10:30:52.552 [restartedMain] INFO  o.s.b.d.a.OptionalLiveReloadServer - LiveReload server is running on port 35729
2024-07-18 10:30:53.569 [restartedMain] INFO  o.s.b.a.w.s.WelcomePageHandlerMapping - Adding welcome page template: index
2024-07-18 10:30:53.666 [restartedMain] INFO  o.s.s.web.DefaultSecurityFilterChain - Will secure any request with [org.springframework.security.web.session.DisableEncodeUrlFilter@6229da3d, org.springframework.security.web.context.request.async.WebAsyncManagerIntegrationFilter@1f3ea77d, org.springframework.security.web.context.SecurityContextHolderFilter@6031687e, org.springframework.security.web.header.HeaderWriterFilter@47d45ce3, org.springframework.web.filter.CorsFilter@1c7ac2c, org.springframework.security.web.authentication.logout.LogoutFilter@3cd5381b, org.springframework.security.web.savedrequest.RequestCacheAwareFilter@5f6a2261, org.springframework.security.web.servletapi.SecurityContextHolderAwareRequestFilter@329aa9f0, org.springframework.security.web.authentication.AnonymousAuthenticationFilter@35d6ded5, org.springframework.security.web.access.ExceptionTranslationFilter@5d361561, org.springframework.security.web.access.intercept.AuthorizationFilter@7b19e796]
2024-07-18 10:30:54.077 [restartedMain] INFO  o.s.b.w.e.tomcat.TomcatWebServer - Tomcat started on port 8081 (http) with context path '/'
2024-07-18 10:30:54.120 [restartedMain] INFO  c.n.b.BookStoreFrontApplication - Started BookStoreFrontApplication in 3.254 seconds (process running for 101.069)
2024-07-18 10:30:54.126 [scheduling-1] INFO  c.n.b.global.config.CacheConfig - Refresh categoriesCache completed.
2024-07-18 10:30:54.147 [restartedMain] INFO  o.s.b.d.a.ConditionEvaluationDeltaLoggingListener - Condition evaluation unchanged
2024-07-18 10:30:55.392 [File Watcher] INFO  o.s.b.d.a.LocalDevToolsAutoConfiguration$RestartingClassPathChangeChangedEventListener - Restarting due to 2 class path changes (2 additions, 0 deletions, 0 modifications)
2024-07-18 10:30:55.757 [restartedMain] INFO  c.n.b.BookStoreFrontApplication - Starting BookStoreFrontApplication using Java 21.0.3 with PID 52624 (/Users/dlrudgjs/Desktop/GitHub/book-store-front/target/classes started by dlrudgjs in /Users/dlrudgjs/Desktop/GitHub/book-store-front)
2024-07-18 10:30:55.758 [restartedMain] INFO  c.n.b.BookStoreFrontApplication - The following 1 profile is active: "dev"
2024-07-18 10:30:56.002 [restartedMain] INFO  o.s.d.r.c.RepositoryConfigurationDelegate - Multiple Spring Data modules found, entering strict repository configuration mode
2024-07-18 10:30:56.003 [restartedMain] INFO  o.s.d.r.c.RepositoryConfigurationDelegate - Bootstrapping Spring Data Redis repositories in DEFAULT mode.
2024-07-18 10:30:56.017 [restartedMain] INFO  o.s.d.r.c.RepositoryConfigurationDelegate - Finished Spring Data repository scanning in 13 ms. Found 0 Redis repository interfaces.
2024-07-18 10:30:56.093 [restartedMain] INFO  o.s.cloud.context.scope.GenericScope - BeanFactory id=5ebc12fc-035f-3b33-8645-8ed346f1f0dd
2024-07-18 10:30:56.534 [restartedMain] INFO  o.s.b.w.e.tomcat.TomcatWebServer - Tomcat initialized with port 8081 (http)
2024-07-18 10:30:56.561 [restartedMain] INFO  o.a.catalina.core.StandardService - Starting service [Tomcat]
2024-07-18 10:30:56.562 [restartedMain] INFO  o.a.catalina.core.StandardEngine - Starting Servlet engine: [Apache Tomcat/10.1.24]
2024-07-18 10:30:56.663 [restartedMain] INFO  o.a.c.c.C.[Tomcat].[localhost].[/] - Initializing Spring embedded WebApplicationContext
2024-07-18 10:30:56.667 [restartedMain] INFO  o.s.b.w.s.c.ServletWebServerApplicationContext - Root WebApplicationContext: initialization completed in 895 ms
2024-07-18 10:30:56.969 [restartedMain] INFO  o.s.b.d.a.OptionalLiveReloadServer - LiveReload server is running on port 35729
2024-07-18 10:30:57.476 [restartedMain] INFO  o.s.b.a.w.s.WelcomePageHandlerMapping - Adding welcome page template: index
2024-07-18 10:30:57.554 [restartedMain] INFO  o.s.s.web.DefaultSecurityFilterChain - Will secure any request with [org.springframework.security.web.session.DisableEncodeUrlFilter@6df31a0, org.springframework.security.web.context.request.async.WebAsyncManagerIntegrationFilter@7dfaaf9e, org.springframework.security.web.context.SecurityContextHolderFilter@3f0c6314, org.springframework.security.web.header.HeaderWriterFilter@76b25cb0, org.springframework.web.filter.CorsFilter@32e1fcec, org.springframework.security.web.authentication.logout.LogoutFilter@15989389, org.springframework.security.web.savedrequest.RequestCacheAwareFilter@2847f8e1, org.springframework.security.web.servletapi.SecurityContextHolderAwareRequestFilter@2d63d3a4, org.springframework.security.web.authentication.AnonymousAuthenticationFilter@43bac8cf, org.springframework.security.web.access.ExceptionTranslationFilter@7ddf0fd2, org.springframework.security.web.access.intercept.AuthorizationFilter@38292067]
2024-07-18 10:30:57.725 [restartedMain] INFO  o.s.b.w.e.tomcat.TomcatWebServer - Tomcat started on port 8081 (http) with context path '/'
2024-07-18 10:30:57.731 [restartedMain] INFO  c.n.b.BookStoreFrontApplication - Started BookStoreFrontApplication in 2.182 seconds (process running for 104.681)
2024-07-18 10:30:57.731 [scheduling-1] INFO  c.n.b.global.config.CacheConfig - Refresh categoriesCache completed.
2024-07-18 10:30:57.733 [restartedMain] INFO  o.s.b.d.a.ConditionEvaluationDeltaLoggingListener - Condition evaluation unchanged
2024-07-18 10:31:03.288 [File Watcher] INFO  o.s.b.d.a.LocalDevToolsAutoConfiguration$RestartingClassPathChangeChangedEventListener - Restarting due to 1 class path change (0 additions, 1 deletion, 0 modifications)
2024-07-18 10:31:03.684 [restartedMain] INFO  c.n.b.BookStoreFrontApplication - Starting BookStoreFrontApplication using Java 21.0.3 with PID 52624 (/Users/dlrudgjs/Desktop/GitHub/book-store-front/target/classes started by dlrudgjs in /Users/dlrudgjs/Desktop/GitHub/book-store-front)
2024-07-18 10:31:03.686 [restartedMain] INFO  c.n.b.BookStoreFrontApplication - The following 1 profile is active: "dev"
2024-07-18 10:31:03.952 [restartedMain] INFO  o.s.d.r.c.RepositoryConfigurationDelegate - Multiple Spring Data modules found, entering strict repository configuration mode
2024-07-18 10:31:03.953 [restartedMain] INFO  o.s.d.r.c.RepositoryConfigurationDelegate - Bootstrapping Spring Data Redis repositories in DEFAULT mode.
2024-07-18 10:31:03.969 [restartedMain] INFO  o.s.d.r.c.RepositoryConfigurationDelegate - Finished Spring Data repository scanning in 13 ms. Found 0 Redis repository interfaces.
2024-07-18 10:31:04.047 [restartedMain] INFO  o.s.cloud.context.scope.GenericScope - BeanFactory id=747d1206-e36f-3d36-adf0-9aaccd2f7134
2024-07-18 10:31:04.194 [restartedMain] INFO  o.s.b.w.e.tomcat.TomcatWebServer - Tomcat initialized with port 8081 (http)
2024-07-18 10:31:04.196 [restartedMain] INFO  o.a.catalina.core.StandardService - Starting service [Tomcat]
2024-07-18 10:31:04.196 [restartedMain] INFO  o.a.catalina.core.StandardEngine - Starting Servlet engine: [Apache Tomcat/10.1.24]
2024-07-18 10:31:04.209 [restartedMain] INFO  o.a.c.c.C.[Tomcat].[localhost].[/] - Initializing Spring embedded WebApplicationContext
2024-07-18 10:31:04.209 [restartedMain] INFO  o.s.b.w.s.c.ServletWebServerApplicationContext - Root WebApplicationContext: initialization completed in 507 ms
2024-07-18 10:31:04.305 [restartedMain] INFO  o.s.b.d.a.OptionalLiveReloadServer - LiveReload server is running on port 35729
2024-07-18 10:31:05.233 [restartedMain] INFO  o.s.b.a.w.s.WelcomePageHandlerMapping - Adding welcome page template: index
2024-07-18 10:31:05.300 [restartedMain] INFO  o.s.s.web.DefaultSecurityFilterChain - Will secure any request with [org.springframework.security.web.session.DisableEncodeUrlFilter@1cf3dc59, org.springframework.security.web.context.request.async.WebAsyncManagerIntegrationFilter@51ae3f7b, org.springframework.security.web.context.SecurityContextHolderFilter@6922f8df, org.springframework.security.web.header.HeaderWriterFilter@7b878a2a, org.springframework.web.filter.CorsFilter@fb8c6e2, org.springframework.security.web.authentication.logout.LogoutFilter@1eb794fc, org.springframework.security.web.savedrequest.RequestCacheAwareFilter@31f80589, org.springframework.security.web.servletapi.SecurityContextHolderAwareRequestFilter@27bc7421, org.springframework.security.web.authentication.AnonymousAuthenticationFilter@15dcd3bf, org.springframework.security.web.access.ExceptionTranslationFilter@4f7b3532, org.springframework.security.web.access.intercept.AuthorizationFilter@792c7a50]
2024-07-18 10:31:05.507 [restartedMain] INFO  o.s.b.w.e.tomcat.TomcatWebServer - Tomcat started on port 8081 (http) with context path '/'
2024-07-18 10:31:05.514 [scheduling-1] INFO  c.n.b.global.config.CacheConfig - Refresh categoriesCache completed.
2024-07-18 10:31:05.514 [restartedMain] INFO  c.n.b.BookStoreFrontApplication - Started BookStoreFrontApplication in 2.062 seconds (process running for 112.464)
2024-07-18 10:31:05.517 [restartedMain] INFO  o.s.b.d.a.ConditionEvaluationDeltaLoggingListener - Condition evaluation unchanged
2024-07-18 10:33:06.332 [restartedMain] INFO  c.n.b.BookStoreFrontApplication - Starting BookStoreFrontApplication using Java 21.0.3 with PID 52773 (/Users/dlrudgjs/Desktop/GitHub/book-store-front/target/classes started by dlrudgjs in /Users/dlrudgjs/Desktop/GitHub/book-store-front)
2024-07-18 10:33:06.335 [restartedMain] INFO  c.n.b.BookStoreFrontApplication - The following 1 profile is active: "dev"
2024-07-18 10:33:06.386 [restartedMain] INFO  o.s.b.d.e.DevToolsPropertyDefaultsPostProcessor - Devtools property defaults active! Set 'spring.devtools.add-properties' to 'false' to disable
2024-07-18 10:33:06.387 [restartedMain] INFO  o.s.b.d.e.DevToolsPropertyDefaultsPostProcessor - For additional web related logging consider setting the 'logging.level.web' property to 'DEBUG'
2024-07-18 10:33:07.405 [restartedMain] INFO  o.s.d.r.c.RepositoryConfigurationDelegate - Multiple Spring Data modules found, entering strict repository configuration mode
2024-07-18 10:33:07.416 [restartedMain] INFO  o.s.d.r.c.RepositoryConfigurationDelegate - Bootstrapping Spring Data Redis repositories in DEFAULT mode.
2024-07-18 10:33:07.454 [restartedMain] INFO  o.s.d.r.c.RepositoryConfigurationDelegate - Finished Spring Data repository scanning in 28 ms. Found 0 Redis repository interfaces.
2024-07-18 10:33:07.678 [restartedMain] INFO  o.s.cloud.context.scope.GenericScope - BeanFactory id=747d1206-e36f-3d36-adf0-9aaccd2f7134
2024-07-18 10:33:08.306 [restartedMain] INFO  o.s.b.w.e.tomcat.TomcatWebServer - Tomcat initialized with port 8081 (http)
2024-07-18 10:33:08.317 [restartedMain] INFO  o.a.catalina.core.StandardService - Starting service [Tomcat]
2024-07-18 10:33:08.318 [restartedMain] INFO  o.a.catalina.core.StandardEngine - Starting Servlet engine: [Apache Tomcat/10.1.24]
2024-07-18 10:33:08.348 [restartedMain] INFO  o.a.c.c.C.[Tomcat].[localhost].[/] - Initializing Spring embedded WebApplicationContext
2024-07-18 10:33:08.349 [restartedMain] INFO  o.s.b.w.s.c.ServletWebServerApplicationContext - Root WebApplicationContext: initialization completed in 1960 ms
2024-07-18 10:33:08.778 [restartedMain] INFO  o.s.b.d.a.OptionalLiveReloadServer - LiveReload server is running on port 35729
2024-07-18 10:33:09.755 [restartedMain] INFO  o.s.b.a.w.s.WelcomePageHandlerMapping - Adding welcome page template: index
2024-07-18 10:33:10.110 [restartedMain] INFO  o.s.s.web.DefaultSecurityFilterChain - Will secure any request with [org.springframework.security.web.session.DisableEncodeUrlFilter@3d479f12, org.springframework.security.web.context.request.async.WebAsyncManagerIntegrationFilter@745eb31e, org.springframework.security.web.context.SecurityContextHolderFilter@47d572ea, org.springframework.security.web.header.HeaderWriterFilter@5e4d30dc, org.springframework.web.filter.CorsFilter@211e1a30, org.springframework.security.web.authentication.logout.LogoutFilter@3bfe043b, org.springframework.security.web.savedrequest.RequestCacheAwareFilter@7851a464, org.springframework.security.web.servletapi.SecurityContextHolderAwareRequestFilter@832c8b8, org.springframework.security.web.authentication.AnonymousAuthenticationFilter@3afbd8ad, org.springframework.security.web.access.ExceptionTranslationFilter@41cc61a2, org.springframework.security.web.access.intercept.AuthorizationFilter@7d450a17]
2024-07-18 10:33:11.140 [restartedMain] INFO  o.s.b.w.e.tomcat.TomcatWebServer - Tomcat started on port 8081 (http) with context path '/'
2024-07-18 10:33:11.159 [restartedMain] INFO  c.n.b.BookStoreFrontApplication - Started BookStoreFrontApplication in 5.531 seconds (process running for 11.365)
2024-07-18 10:33:11.164 [scheduling-1] INFO  c.n.b.global.config.CacheConfig - Refresh categoriesCache completed.
2024-07-18 10:34:14.544 [http-nio-8081-exec-2] INFO  o.a.c.c.C.[Tomcat].[localhost].[/] - Initializing Spring DispatcherServlet 'dispatcherServlet'
2024-07-18 10:34:14.545 [http-nio-8081-exec-2] INFO  o.s.web.servlet.DispatcherServlet - Initializing Servlet 'dispatcherServlet'
2024-07-18 10:34:14.548 [http-nio-8081-exec-2] INFO  o.s.web.servlet.DispatcherServlet - Completed initialization in 3 ms
2024-07-18 10:37:20.855 [http-nio-8081-exec-4] INFO  user-logger - test
2024-07-18 10:37:28.872 [http-nio-8081-exec-3] INFO  user-logger - template test
2024-07-18 10:38:11.173 [scheduling-1] INFO  c.n.b.global.config.CacheConfig - Refresh categoriesCache completed.
2024-07-18 10:40:21.550 [File Watcher] INFO  o.s.b.d.a.LocalDevToolsAutoConfiguration$RestartingClassPathChangeChangedEventListener - Restarting due to 1 class path change (0 additions, 1 deletion, 0 modifications)
2024-07-18 10:40:22.134 [restartedMain] INFO  c.n.b.BookStoreFrontApplication - Starting BookStoreFrontApplication using Java 21.0.3 with PID 52773 (/Users/dlrudgjs/Desktop/GitHub/book-store-front/target/classes started by dlrudgjs in /Users/dlrudgjs/Desktop/GitHub/book-store-front)
2024-07-18 10:40:22.135 [restartedMain] INFO  c.n.b.BookStoreFrontApplication - The following 1 profile is active: "dev"
2024-07-18 10:40:22.625 [restartedMain] INFO  o.s.d.r.c.RepositoryConfigurationDelegate - Multiple Spring Data modules found, entering strict repository configuration mode
2024-07-18 10:40:22.626 [restartedMain] INFO  o.s.d.r.c.RepositoryConfigurationDelegate - Bootstrapping Spring Data Redis repositories in DEFAULT mode.
2024-07-18 10:40:22.643 [restartedMain] INFO  o.s.d.r.c.RepositoryConfigurationDelegate - Finished Spring Data repository scanning in 16 ms. Found 0 Redis repository interfaces.
2024-07-18 10:40:22.793 [restartedMain] INFO  o.s.cloud.context.scope.GenericScope - BeanFactory id=9a112702-59fb-382a-af8f-a96ad28d235b
2024-07-18 10:40:23.362 [restartedMain] INFO  o.s.b.w.e.tomcat.TomcatWebServer - Tomcat initialized with port 8081 (http)
2024-07-18 10:40:23.376 [restartedMain] INFO  o.a.catalina.core.StandardService - Starting service [Tomcat]
2024-07-18 10:40:23.376 [restartedMain] INFO  o.a.catalina.core.StandardEngine - Starting Servlet engine: [Apache Tomcat/10.1.24]
2024-07-18 10:40:23.405 [restartedMain] INFO  o.a.c.c.C.[Tomcat].[localhost].[/] - Initializing Spring embedded WebApplicationContext
2024-07-18 10:40:23.405 [restartedMain] INFO  o.s.b.w.s.c.ServletWebServerApplicationContext - Root WebApplicationContext: initialization completed in 1255 ms
2024-07-18 10:40:23.717 [restartedMain] INFO  o.s.b.d.a.OptionalLiveReloadServer - LiveReload server is running on port 35729
2024-07-18 10:40:24.892 [restartedMain] INFO  o.s.b.a.w.s.WelcomePageHandlerMapping - Adding welcome page template: index
2024-07-18 10:40:25.020 [restartedMain] INFO  o.s.s.web.DefaultSecurityFilterChain - Will secure any request with [org.springframework.security.web.session.DisableEncodeUrlFilter@756fa387, org.springframework.security.web.context.request.async.WebAsyncManagerIntegrationFilter@3960435e, org.springframework.security.web.context.SecurityContextHolderFilter@1f2348c, org.springframework.security.web.header.HeaderWriterFilter@1adaccb4, org.springframework.web.filter.CorsFilter@7f649398, org.springframework.security.web.authentication.logout.LogoutFilter@41d70fe0, org.springframework.security.web.savedrequest.RequestCacheAwareFilter@810ac26, org.springframework.security.web.servletapi.SecurityContextHolderAwareRequestFilter@1d62c76e, org.springframework.security.web.authentication.AnonymousAuthenticationFilter@16365897, org.springframework.security.web.access.ExceptionTranslationFilter@7ccd3547, org.springframework.security.web.access.intercept.AuthorizationFilter@71c31f1c]
2024-07-18 10:40:25.626 [restartedMain] INFO  o.s.b.w.e.tomcat.TomcatWebServer - Tomcat started on port 8081 (http) with context path '/'
2024-07-18 10:40:25.651 [scheduling-1] INFO  c.n.b.global.config.CacheConfig - Refresh categoriesCache completed.
2024-07-18 10:40:25.650 [restartedMain] INFO  c.n.b.BookStoreFrontApplication - Started BookStoreFrontApplication in 3.762 seconds (process running for 445.857)
2024-07-18 10:40:25.665 [restartedMain] INFO  o.s.b.d.a.ConditionEvaluationDeltaLoggingListener - Condition evaluation unchanged
2024-07-18 10:40:27.007 [File Watcher] INFO  o.s.b.d.a.LocalDevToolsAutoConfiguration$RestartingClassPathChangeChangedEventListener - Restarting due to 1 class path change (1 addition, 0 deletions, 0 modifications)
2024-07-18 10:40:27.429 [restartedMain] INFO  c.n.b.BookStoreFrontApplication - Starting BookStoreFrontApplication using Java 21.0.3 with PID 52773 (/Users/dlrudgjs/Desktop/GitHub/book-store-front/target/classes started by dlrudgjs in /Users/dlrudgjs/Desktop/GitHub/book-store-front)
2024-07-18 10:40:27.432 [restartedMain] INFO  c.n.b.BookStoreFrontApplication - The following 1 profile is active: "dev"
2024-07-18 10:40:27.726 [restartedMain] INFO  o.s.d.r.c.RepositoryConfigurationDelegate - Multiple Spring Data modules found, entering strict repository configuration mode
2024-07-18 10:40:27.727 [restartedMain] INFO  o.s.d.r.c.RepositoryConfigurationDelegate - Bootstrapping Spring Data Redis repositories in DEFAULT mode.
2024-07-18 10:40:27.741 [restartedMain] INFO  o.s.d.r.c.RepositoryConfigurationDelegate - Finished Spring Data repository scanning in 13 ms. Found 0 Redis repository interfaces.
2024-07-18 10:40:27.825 [restartedMain] INFO  o.s.cloud.context.scope.GenericScope - BeanFactory id=747d1206-e36f-3d36-adf0-9aaccd2f7134
2024-07-18 10:40:28.239 [restartedMain] INFO  o.s.b.w.e.tomcat.TomcatWebServer - Tomcat initialized with port 8081 (http)
2024-07-18 10:40:28.248 [restartedMain] INFO  o.a.catalina.core.StandardService - Starting service [Tomcat]
2024-07-18 10:40:28.248 [restartedMain] INFO  o.a.catalina.core.StandardEngine - Starting Servlet engine: [Apache Tomcat/10.1.24]
2024-07-18 10:40:28.271 [restartedMain] INFO  o.a.c.c.C.[Tomcat].[localhost].[/] - Initializing Spring embedded WebApplicationContext
2024-07-18 10:40:28.271 [restartedMain] INFO  o.s.b.w.s.c.ServletWebServerApplicationContext - Root WebApplicationContext: initialization completed in 825 ms
2024-07-18 10:40:28.481 [restartedMain] INFO  o.s.b.d.a.OptionalLiveReloadServer - LiveReload server is running on port 35729
2024-07-18 10:40:29.507 [restartedMain] INFO  o.s.b.a.w.s.WelcomePageHandlerMapping - Adding welcome page template: index
2024-07-18 10:40:29.643 [restartedMain] INFO  o.s.s.web.DefaultSecurityFilterChain - Will secure any request with [org.springframework.security.web.session.DisableEncodeUrlFilter@4c0cd7f2, org.springframework.security.web.context.request.async.WebAsyncManagerIntegrationFilter@1d79e376, org.springframework.security.web.context.SecurityContextHolderFilter@50ba197b, org.springframework.security.web.header.HeaderWriterFilter@5a11d35b, org.springframework.web.filter.CorsFilter@20a33a3c, org.springframework.security.web.authentication.logout.LogoutFilter@661d2b07, org.springframework.security.web.savedrequest.RequestCacheAwareFilter@11fbd7ee, org.springframework.security.web.servletapi.SecurityContextHolderAwareRequestFilter@32b31176, org.springframework.security.web.authentication.AnonymousAuthenticationFilter@549eab1a, org.springframework.security.web.access.ExceptionTranslationFilter@38937f18, org.springframework.security.web.access.intercept.AuthorizationFilter@25aa2c6e]
2024-07-18 10:40:30.154 [restartedMain] INFO  o.s.b.w.e.tomcat.TomcatWebServer - Tomcat started on port 8081 (http) with context path '/'
2024-07-18 10:40:30.175 [restartedMain] INFO  c.n.b.BookStoreFrontApplication - Started BookStoreFrontApplication in 2.965 seconds (process running for 450.383)
2024-07-18 10:40:30.182 [restartedMain] INFO  o.s.b.d.a.ConditionEvaluationDeltaLoggingListener - Condition evaluation unchanged
2024-07-18 10:40:30.187 [scheduling-1] INFO  c.n.b.global.config.CacheConfig - Refresh categoriesCache completed.
2024-07-18 10:40:31.179 [http-nio-8081-exec-2] INFO  o.a.c.c.C.[Tomcat].[localhost].[/] - Initializing Spring DispatcherServlet 'dispatcherServlet'
2024-07-18 10:40:31.181 [http-nio-8081-exec-2] INFO  o.s.web.servlet.DispatcherServlet - Initializing Servlet 'dispatcherServlet'
2024-07-18 10:40:31.183 [http-nio-8081-exec-2] INFO  o.s.web.servlet.DispatcherServlet - Completed initialization in 2 ms
2024-07-18 10:40:31.373 [http-nio-8081-exec-2] INFO  user-logger - template test
2024-07-18 10:40:32.727 [http-nio-8081-exec-3] INFO  user-logger - template test
2024-07-18 10:40:33.503 [http-nio-8081-exec-4] INFO  user-logger - template test
2024-07-18 10:40:33.924 [http-nio-8081-exec-6] INFO  user-logger - template test
2024-07-18 10:42:42.794 [restartedMain] INFO  c.n.b.BookStoreFrontApplication - Starting BookStoreFrontApplication using Java 21.0.3 with PID 52983 (/Users/dlrudgjs/Desktop/GitHub/book-store-front/target/classes started by dlrudgjs in /Users/dlrudgjs/Desktop/GitHub/book-store-front)
2024-07-18 10:42:42.797 [restartedMain] INFO  c.n.b.BookStoreFrontApplication - The following 1 profile is active: "dev"
2024-07-18 10:42:42.844 [restartedMain] INFO  o.s.b.d.e.DevToolsPropertyDefaultsPostProcessor - Devtools property defaults active! Set 'spring.devtools.add-properties' to 'false' to disable
2024-07-18 10:42:42.844 [restartedMain] INFO  o.s.b.d.e.DevToolsPropertyDefaultsPostProcessor - For additional web related logging consider setting the 'logging.level.web' property to 'DEBUG'
2024-07-18 10:42:43.859 [restartedMain] INFO  o.s.d.r.c.RepositoryConfigurationDelegate - Multiple Spring Data modules found, entering strict repository configuration mode
2024-07-18 10:42:43.868 [restartedMain] INFO  o.s.d.r.c.RepositoryConfigurationDelegate - Bootstrapping Spring Data Redis repositories in DEFAULT mode.
2024-07-18 10:42:43.907 [restartedMain] INFO  o.s.d.r.c.RepositoryConfigurationDelegate - Finished Spring Data repository scanning in 28 ms. Found 0 Redis repository interfaces.
2024-07-18 10:42:44.127 [restartedMain] INFO  o.s.cloud.context.scope.GenericScope - BeanFactory id=747d1206-e36f-3d36-adf0-9aaccd2f7134
2024-07-18 10:42:44.768 [restartedMain] INFO  o.s.b.w.e.tomcat.TomcatWebServer - Tomcat initialized with port 8081 (http)
2024-07-18 10:42:44.776 [restartedMain] INFO  o.a.catalina.core.StandardService - Starting service [Tomcat]
2024-07-18 10:42:44.777 [restartedMain] INFO  o.a.catalina.core.StandardEngine - Starting Servlet engine: [Apache Tomcat/10.1.24]
2024-07-18 10:42:44.804 [restartedMain] INFO  o.a.c.c.C.[Tomcat].[localhost].[/] - Initializing Spring embedded WebApplicationContext
2024-07-18 10:42:44.804 [restartedMain] INFO  o.s.b.w.s.c.ServletWebServerApplicationContext - Root WebApplicationContext: initialization completed in 1960 ms
2024-07-18 10:42:45.218 [restartedMain] INFO  o.s.b.d.a.OptionalLiveReloadServer - LiveReload server is running on port 35729
2024-07-18 10:42:46.090 [restartedMain] INFO  o.s.b.a.w.s.WelcomePageHandlerMapping - Adding welcome page template: index
2024-07-18 10:42:46.489 [restartedMain] INFO  o.s.s.web.DefaultSecurityFilterChain - Will secure any request with [org.springframework.security.web.session.DisableEncodeUrlFilter@21182541, org.springframework.security.web.context.request.async.WebAsyncManagerIntegrationFilter@4d8c0adf, org.springframework.security.web.context.SecurityContextHolderFilter@266f9732, org.springframework.security.web.header.HeaderWriterFilter@273ee399, org.springframework.web.filter.CorsFilter@3a2f0d8e, org.springframework.security.web.authentication.logout.LogoutFilter@3f1efb60, org.springframework.security.web.savedrequest.RequestCacheAwareFilter@7293e84e, org.springframework.security.web.servletapi.SecurityContextHolderAwareRequestFilter@1b2fc324, org.springframework.security.web.authentication.AnonymousAuthenticationFilter@594a0fbc, org.springframework.security.web.access.ExceptionTranslationFilter@5ad46505, org.springframework.security.web.access.intercept.AuthorizationFilter@5f850a3a]
2024-07-18 10:42:47.478 [restartedMain] INFO  o.s.b.w.e.tomcat.TomcatWebServer - Tomcat started on port 8081 (http) with context path '/'
2024-07-18 10:42:47.495 [restartedMain] INFO  c.n.b.BookStoreFrontApplication - Started BookStoreFrontApplication in 5.407 seconds (process running for 11.241)
2024-07-18 10:42:47.501 [scheduling-1] INFO  c.n.b.global.config.CacheConfig - Refresh categoriesCache completed.
2024-07-18 10:42:59.836 [http-nio-8081-exec-1] INFO  o.a.c.c.C.[Tomcat].[localhost].[/] - Initializing Spring DispatcherServlet 'dispatcherServlet'
2024-07-18 10:42:59.837 [http-nio-8081-exec-1] INFO  o.s.web.servlet.DispatcherServlet - Initializing Servlet 'dispatcherServlet'
2024-07-18 10:42:59.839 [http-nio-8081-exec-1] INFO  o.s.web.servlet.DispatcherServlet - Completed initialization in 1 ms
2024-07-18 10:43:00.135 [http-nio-8081-exec-1] INFO  user-logger - template test
2024-07-18 10:43:43.756 [File Watcher] INFO  o.s.b.d.a.LocalDevToolsAutoConfiguration$RestartingClassPathChangeChangedEventListener - Restarting due to 1 class path change (0 additions, 1 deletion, 0 modifications)
2024-07-18 10:43:44.249 [restartedMain] INFO  c.n.b.BookStoreFrontApplication - Starting BookStoreFrontApplication using Java 21.0.3 with PID 52983 (/Users/dlrudgjs/Desktop/GitHub/book-store-front/target/classes started by dlrudgjs in /Users/dlrudgjs/Desktop/GitHub/book-store-front)
2024-07-18 10:43:44.250 [restartedMain] INFO  c.n.b.BookStoreFrontApplication - The following 1 profile is active: "dev"
2024-07-18 10:43:44.911 [restartedMain] INFO  o.s.d.r.c.RepositoryConfigurationDelegate - Multiple Spring Data modules found, entering strict repository configuration mode
2024-07-18 10:43:44.917 [restartedMain] INFO  o.s.d.r.c.RepositoryConfigurationDelegate - Bootstrapping Spring Data Redis repositories in DEFAULT mode.
2024-07-18 10:43:44.953 [restartedMain] INFO  o.s.d.r.c.RepositoryConfigurationDelegate - Finished Spring Data repository scanning in 33 ms. Found 0 Redis repository interfaces.
2024-07-18 10:43:45.108 [restartedMain] INFO  o.s.cloud.context.scope.GenericScope - BeanFactory id=9a112702-59fb-382a-af8f-a96ad28d235b
2024-07-18 10:43:45.382 [restartedMain] INFO  o.s.b.w.e.tomcat.TomcatWebServer - Tomcat initialized with port 8081 (http)
2024-07-18 10:43:45.387 [restartedMain] INFO  o.a.catalina.core.StandardService - Starting service [Tomcat]
2024-07-18 10:43:45.387 [restartedMain] INFO  o.a.catalina.core.StandardEngine - Starting Servlet engine: [Apache Tomcat/10.1.24]
2024-07-18 10:43:45.408 [restartedMain] INFO  o.a.c.c.C.[Tomcat].[localhost].[/] - Initializing Spring embedded WebApplicationContext
2024-07-18 10:43:45.410 [restartedMain] INFO  o.s.b.w.s.c.ServletWebServerApplicationContext - Root WebApplicationContext: initialization completed in 1144 ms
2024-07-18 10:43:45.595 [restartedMain] INFO  o.s.b.d.a.OptionalLiveReloadServer - LiveReload server is running on port 35729
2024-07-18 10:43:46.737 [restartedMain] INFO  o.s.b.a.w.s.WelcomePageHandlerMapping - Adding welcome page template: index
2024-07-18 10:43:46.837 [restartedMain] INFO  o.s.s.web.DefaultSecurityFilterChain - Will secure any request with [org.springframework.security.web.session.DisableEncodeUrlFilter@41cb70f5, org.springframework.security.web.context.request.async.WebAsyncManagerIntegrationFilter@2595b8ef, org.springframework.security.web.context.SecurityContextHolderFilter@366f108f, org.springframework.security.web.header.HeaderWriterFilter@350895cf, org.springframework.web.filter.CorsFilter@30409f63, org.springframework.security.web.authentication.logout.LogoutFilter@dd410d1, org.springframework.security.web.savedrequest.RequestCacheAwareFilter@9ce6434, org.springframework.security.web.servletapi.SecurityContextHolderAwareRequestFilter@32a6d62e, org.springframework.security.web.authentication.AnonymousAuthenticationFilter@794c64d1, org.springframework.security.web.access.ExceptionTranslationFilter@3491e853, org.springframework.security.web.access.intercept.AuthorizationFilter@60853812]
2024-07-18 10:43:47.454 [restartedMain] INFO  o.s.b.w.e.tomcat.TomcatWebServer - Tomcat started on port 8081 (http) with context path '/'
2024-07-18 10:43:47.471 [restartedMain] INFO  c.n.b.BookStoreFrontApplication - Started BookStoreFrontApplication in 3.426 seconds (process running for 71.218)
2024-07-18 10:43:47.471 [scheduling-1] INFO  c.n.b.global.config.CacheConfig - Refresh categoriesCache completed.
2024-07-18 10:43:47.484 [restartedMain] INFO  o.s.b.d.a.ConditionEvaluationDeltaLoggingListener - Condition evaluation unchanged
2024-07-18 10:43:48.916 [File Watcher] INFO  o.s.b.d.a.LocalDevToolsAutoConfiguration$RestartingClassPathChangeChangedEventListener - Restarting due to 1 class path change (1 addition, 0 deletions, 0 modifications)
2024-07-18 10:43:49.305 [restartedMain] INFO  c.n.b.BookStoreFrontApplication - Starting BookStoreFrontApplication using Java 21.0.3 with PID 52983 (/Users/dlrudgjs/Desktop/GitHub/book-store-front/target/classes started by dlrudgjs in /Users/dlrudgjs/Desktop/GitHub/book-store-front)
2024-07-18 10:43:49.307 [restartedMain] INFO  c.n.b.BookStoreFrontApplication - The following 1 profile is active: "dev"
2024-07-18 10:43:49.585 [restartedMain] INFO  o.s.d.r.c.RepositoryConfigurationDelegate - Multiple Spring Data modules found, entering strict repository configuration mode
2024-07-18 10:43:49.586 [restartedMain] INFO  o.s.d.r.c.RepositoryConfigurationDelegate - Bootstrapping Spring Data Redis repositories in DEFAULT mode.
2024-07-18 10:43:49.600 [restartedMain] INFO  o.s.d.r.c.RepositoryConfigurationDelegate - Finished Spring Data repository scanning in 13 ms. Found 0 Redis repository interfaces.
2024-07-18 10:43:49.673 [restartedMain] INFO  o.s.cloud.context.scope.GenericScope - BeanFactory id=747d1206-e36f-3d36-adf0-9aaccd2f7134
2024-07-18 10:43:50.135 [restartedMain] INFO  o.s.b.w.e.tomcat.TomcatWebServer - Tomcat initialized with port 8081 (http)
2024-07-18 10:43:50.145 [restartedMain] INFO  o.a.catalina.core.StandardService - Starting service [Tomcat]
2024-07-18 10:43:50.145 [restartedMain] INFO  o.a.catalina.core.StandardEngine - Starting Servlet engine: [Apache Tomcat/10.1.24]
2024-07-18 10:43:50.164 [restartedMain] INFO  o.a.c.c.C.[Tomcat].[localhost].[/] - Initializing Spring embedded WebApplicationContext
2024-07-18 10:43:50.165 [restartedMain] INFO  o.s.b.w.s.c.ServletWebServerApplicationContext - Root WebApplicationContext: initialization completed in 843 ms
2024-07-18 10:43:50.363 [restartedMain] INFO  o.s.b.d.a.OptionalLiveReloadServer - LiveReload server is running on port 35729
2024-07-18 10:43:51.260 [restartedMain] INFO  o.s.b.a.w.s.WelcomePageHandlerMapping - Adding welcome page template: index
2024-07-18 10:43:51.393 [restartedMain] INFO  o.s.s.web.DefaultSecurityFilterChain - Will secure any request with [org.springframework.security.web.session.DisableEncodeUrlFilter@7dcb8fb, org.springframework.security.web.context.request.async.WebAsyncManagerIntegrationFilter@4bef9f1d, org.springframework.security.web.context.SecurityContextHolderFilter@6a3273f5, org.springframework.security.web.header.HeaderWriterFilter@7c6a2a05, org.springframework.web.filter.CorsFilter@6981f3c3, org.springframework.security.web.authentication.logout.LogoutFilter@2392a858, org.springframework.security.web.savedrequest.RequestCacheAwareFilter@217ed2cc, org.springframework.security.web.servletapi.SecurityContextHolderAwareRequestFilter@7751e3d3, org.springframework.security.web.authentication.AnonymousAuthenticationFilter@4a837cda, org.springframework.security.web.access.ExceptionTranslationFilter@79a3c6c, org.springframework.security.web.access.intercept.AuthorizationFilter@6839730a]
2024-07-18 10:43:51.649 [restartedMain] INFO  o.s.b.w.e.tomcat.TomcatWebServer - Tomcat started on port 8081 (http) with context path '/'
2024-07-18 10:43:51.786 [scheduling-1] INFO  c.n.b.global.config.CacheConfig - Refresh categoriesCache completed.
2024-07-18 10:43:51.792 [restartedMain] INFO  c.n.b.BookStoreFrontApplication - Started BookStoreFrontApplication in 2.689 seconds (process running for 75.537)
2024-07-18 10:43:51.842 [restartedMain] INFO  o.s.b.d.a.ConditionEvaluationDeltaLoggingListener - Condition evaluation unchanged
2024-07-18 10:44:29.421 [restartedMain] INFO  c.n.b.BookStoreFrontApplication - Starting BookStoreFrontApplication using Java 21.0.3 with PID 53035 (/Users/dlrudgjs/Desktop/GitHub/book-store-front/target/classes started by dlrudgjs in /Users/dlrudgjs/Desktop/GitHub/book-store-front)
2024-07-18 10:44:29.425 [restartedMain] INFO  c.n.b.BookStoreFrontApplication - The following 1 profile is active: "dev"
2024-07-18 10:44:29.477 [restartedMain] INFO  o.s.b.d.e.DevToolsPropertyDefaultsPostProcessor - Devtools property defaults active! Set 'spring.devtools.add-properties' to 'false' to disable
2024-07-18 10:44:29.477 [restartedMain] INFO  o.s.b.d.e.DevToolsPropertyDefaultsPostProcessor - For additional web related logging consider setting the 'logging.level.web' property to 'DEBUG'
2024-07-18 10:44:30.537 [restartedMain] INFO  o.s.d.r.c.RepositoryConfigurationDelegate - Multiple Spring Data modules found, entering strict repository configuration mode
2024-07-18 10:44:30.547 [restartedMain] INFO  o.s.d.r.c.RepositoryConfigurationDelegate - Bootstrapping Spring Data Redis repositories in DEFAULT mode.
2024-07-18 10:44:30.586 [restartedMain] INFO  o.s.d.r.c.RepositoryConfigurationDelegate - Finished Spring Data repository scanning in 28 ms. Found 0 Redis repository interfaces.
2024-07-18 10:44:30.813 [restartedMain] INFO  o.s.cloud.context.scope.GenericScope - BeanFactory id=747d1206-e36f-3d36-adf0-9aaccd2f7134
2024-07-18 10:44:31.461 [restartedMain] INFO  o.s.b.w.e.tomcat.TomcatWebServer - Tomcat initialized with port 8081 (http)
2024-07-18 10:44:31.469 [restartedMain] INFO  o.a.catalina.core.StandardService - Starting service [Tomcat]
2024-07-18 10:44:31.471 [restartedMain] INFO  o.a.catalina.core.StandardEngine - Starting Servlet engine: [Apache Tomcat/10.1.24]
2024-07-18 10:44:31.499 [restartedMain] INFO  o.a.c.c.C.[Tomcat].[localhost].[/] - Initializing Spring embedded WebApplicationContext
2024-07-18 10:44:31.499 [restartedMain] INFO  o.s.b.w.s.c.ServletWebServerApplicationContext - Root WebApplicationContext: initialization completed in 2022 ms
2024-07-18 10:44:31.985 [restartedMain] INFO  o.s.b.d.a.OptionalLiveReloadServer - LiveReload server is running on port 35729
2024-07-18 10:44:32.882 [restartedMain] INFO  o.s.b.a.w.s.WelcomePageHandlerMapping - Adding welcome page template: index
2024-07-18 10:44:33.321 [restartedMain] INFO  o.s.s.web.DefaultSecurityFilterChain - Will secure any request with [org.springframework.security.web.session.DisableEncodeUrlFilter@73a0b566, org.springframework.security.web.context.request.async.WebAsyncManagerIntegrationFilter@3d4e83df, org.springframework.security.web.context.SecurityContextHolderFilter@7039593f, org.springframework.security.web.header.HeaderWriterFilter@2c53a2f8, org.springframework.web.filter.CorsFilter@7d450a17, org.springframework.security.web.authentication.logout.LogoutFilter@1621da06, org.springframework.security.web.savedrequest.RequestCacheAwareFilter@3a6bd842, org.springframework.security.web.servletapi.SecurityContextHolderAwareRequestFilter@7f9bcb9a, org.springframework.security.web.authentication.AnonymousAuthenticationFilter@4bba0886, org.springframework.security.web.access.ExceptionTranslationFilter@6677e997, org.springframework.security.web.access.intercept.AuthorizationFilter@7766e5a4]
2024-07-18 10:44:34.667 [restartedMain] INFO  o.s.b.w.e.tomcat.TomcatWebServer - Tomcat started on port 8081 (http) with context path '/'
2024-07-18 10:44:34.691 [restartedMain] INFO  c.n.b.BookStoreFrontApplication - Started BookStoreFrontApplication in 6.049 seconds (process running for 11.885)
2024-07-18 10:44:34.696 [scheduling-1] INFO  c.n.b.global.config.CacheConfig - Refresh categoriesCache completed.
2024-07-18 10:44:36.978 [File Watcher] INFO  o.s.b.d.a.LocalDevToolsAutoConfiguration$RestartingClassPathChangeChangedEventListener - Restarting due to 1 class path change (1 addition, 0 deletions, 0 modifications)
2024-07-18 10:44:37.392 [restartedMain] INFO  c.n.b.BookStoreFrontApplication - Starting BookStoreFrontApplication using Java 21.0.3 with PID 53035 (/Users/dlrudgjs/Desktop/GitHub/book-store-front/target/classes started by dlrudgjs in /Users/dlrudgjs/Desktop/GitHub/book-store-front)
2024-07-18 10:44:37.393 [restartedMain] INFO  c.n.b.BookStoreFrontApplication - The following 1 profile is active: "dev"
2024-07-18 10:44:37.869 [restartedMain] INFO  o.s.d.r.c.RepositoryConfigurationDelegate - Multiple Spring Data modules found, entering strict repository configuration mode
2024-07-18 10:44:37.875 [restartedMain] INFO  o.s.d.r.c.RepositoryConfigurationDelegate - Bootstrapping Spring Data Redis repositories in DEFAULT mode.
2024-07-18 10:44:37.912 [restartedMain] INFO  o.s.d.r.c.RepositoryConfigurationDelegate - Finished Spring Data repository scanning in 35 ms. Found 0 Redis repository interfaces.
2024-07-18 10:44:38.053 [restartedMain] INFO  o.s.cloud.context.scope.GenericScope - BeanFactory id=747d1206-e36f-3d36-adf0-9aaccd2f7134
2024-07-18 10:44:38.250 [restartedMain] INFO  o.s.b.w.e.tomcat.TomcatWebServer - Tomcat initialized with port 8081 (http)
2024-07-18 10:44:38.253 [restartedMain] INFO  o.a.catalina.core.StandardService - Starting service [Tomcat]
2024-07-18 10:44:38.254 [restartedMain] INFO  o.a.catalina.core.StandardEngine - Starting Servlet engine: [Apache Tomcat/10.1.24]
2024-07-18 10:44:38.271 [restartedMain] INFO  o.a.c.c.C.[Tomcat].[localhost].[/] - Initializing Spring embedded WebApplicationContext
2024-07-18 10:44:38.272 [restartedMain] INFO  o.s.b.w.s.c.ServletWebServerApplicationContext - Root WebApplicationContext: initialization completed in 866 ms
2024-07-18 10:44:38.398 [restartedMain] INFO  o.s.b.d.a.OptionalLiveReloadServer - LiveReload server is running on port 35729
2024-07-18 10:44:38.956 [restartedMain] INFO  o.s.b.a.w.s.WelcomePageHandlerMapping - Adding welcome page template: index
2024-07-18 10:44:39.293 [restartedMain] INFO  o.s.s.web.DefaultSecurityFilterChain - Will secure any request with [org.springframework.security.web.session.DisableEncodeUrlFilter@1cf6ab9c, org.springframework.security.web.context.request.async.WebAsyncManagerIntegrationFilter@75f108c4, org.springframework.security.web.context.SecurityContextHolderFilter@733cafd1, org.springframework.security.web.header.HeaderWriterFilter@9d4af24, org.springframework.web.filter.CorsFilter@db17732, org.springframework.security.web.authentication.logout.LogoutFilter@3f4adb39, org.springframework.security.web.savedrequest.RequestCacheAwareFilter@6eb1a17a, org.springframework.security.web.servletapi.SecurityContextHolderAwareRequestFilter@59f89e4, org.springframework.security.web.authentication.AnonymousAuthenticationFilter@5dd92703, org.springframework.security.web.access.ExceptionTranslationFilter@4a442028, org.springframework.security.web.access.intercept.AuthorizationFilter@68f719ee]
2024-07-18 10:44:39.598 [restartedMain] INFO  o.s.b.w.e.tomcat.TomcatWebServer - Tomcat started on port 8081 (http) with context path '/'
2024-07-18 10:44:39.607 [restartedMain] INFO  c.n.b.BookStoreFrontApplication - Started BookStoreFrontApplication in 2.409 seconds (process running for 16.801)
2024-07-18 10:44:39.621 [scheduling-1] INFO  c.n.b.global.config.CacheConfig - Refresh categoriesCache completed.
2024-07-18 10:44:39.630 [restartedMain] INFO  o.s.b.d.a.ConditionEvaluationDeltaLoggingListener - Condition evaluation unchanged
2024-07-18 10:47:35.395 [restartedMain] INFO  c.n.b.BookStoreFrontApplication - Starting BookStoreFrontApplication using Java 21.0.3 with PID 53113 (/Users/dlrudgjs/Desktop/GitHub/book-store-front/target/classes started by dlrudgjs in /Users/dlrudgjs/Desktop/GitHub/book-store-front)
2024-07-18 10:47:35.397 [restartedMain] INFO  c.n.b.BookStoreFrontApplication - The following 1 profile is active: "dev"
2024-07-18 10:47:35.443 [restartedMain] INFO  o.s.b.d.e.DevToolsPropertyDefaultsPostProcessor - Devtools property defaults active! Set 'spring.devtools.add-properties' to 'false' to disable
2024-07-18 10:47:35.444 [restartedMain] INFO  o.s.b.d.e.DevToolsPropertyDefaultsPostProcessor - For additional web related logging consider setting the 'logging.level.web' property to 'DEBUG'
2024-07-18 10:47:36.448 [restartedMain] INFO  o.s.d.r.c.RepositoryConfigurationDelegate - Multiple Spring Data modules found, entering strict repository configuration mode
2024-07-18 10:47:36.458 [restartedMain] INFO  o.s.d.r.c.RepositoryConfigurationDelegate - Bootstrapping Spring Data Redis repositories in DEFAULT mode.
2024-07-18 10:47:36.496 [restartedMain] INFO  o.s.d.r.c.RepositoryConfigurationDelegate - Finished Spring Data repository scanning in 27 ms. Found 0 Redis repository interfaces.
2024-07-18 10:47:36.713 [restartedMain] INFO  o.s.cloud.context.scope.GenericScope - BeanFactory id=747d1206-e36f-3d36-adf0-9aaccd2f7134
2024-07-18 10:47:37.367 [restartedMain] INFO  o.s.b.w.e.tomcat.TomcatWebServer - Tomcat initialized with port 8081 (http)
2024-07-18 10:47:37.375 [restartedMain] INFO  o.a.catalina.core.StandardService - Starting service [Tomcat]
2024-07-18 10:47:37.376 [restartedMain] INFO  o.a.catalina.core.StandardEngine - Starting Servlet engine: [Apache Tomcat/10.1.24]
2024-07-18 10:47:37.404 [restartedMain] INFO  o.a.c.c.C.[Tomcat].[localhost].[/] - Initializing Spring embedded WebApplicationContext
2024-07-18 10:47:37.404 [restartedMain] INFO  o.s.b.w.s.c.ServletWebServerApplicationContext - Root WebApplicationContext: initialization completed in 1960 ms
2024-07-18 10:47:37.807 [restartedMain] INFO  o.s.b.d.a.OptionalLiveReloadServer - LiveReload server is running on port 35729
2024-07-18 10:47:38.668 [restartedMain] INFO  o.s.b.a.w.s.WelcomePageHandlerMapping - Adding welcome page template: index
2024-07-18 10:47:39.033 [restartedMain] INFO  o.s.s.web.DefaultSecurityFilterChain - Will secure any request with [org.springframework.security.web.session.DisableEncodeUrlFilter@3d479f12, org.springframework.security.web.context.request.async.WebAsyncManagerIntegrationFilter@745eb31e, org.springframework.security.web.context.SecurityContextHolderFilter@5e4d30dc, org.springframework.security.web.header.HeaderWriterFilter@41cc61a2, org.springframework.web.filter.CorsFilter@211e1a30, org.springframework.security.web.authentication.logout.LogoutFilter@588540f7, org.springframework.security.web.savedrequest.RequestCacheAwareFilter@1863e5d9, org.springframework.security.web.servletapi.SecurityContextHolderAwareRequestFilter@7c4ea28b, org.springframework.security.web.authentication.AnonymousAuthenticationFilter@3afbd8ad, org.springframework.security.web.access.ExceptionTranslationFilter@75b1cdb4, org.springframework.security.web.access.intercept.AuthorizationFilter@7d450a17]
2024-07-18 10:47:40.039 [restartedMain] INFO  o.s.b.w.e.tomcat.TomcatWebServer - Tomcat started on port 8081 (http) with context path '/'
2024-07-18 10:47:40.058 [restartedMain] INFO  c.n.b.BookStoreFrontApplication - Started BookStoreFrontApplication in 5.376 seconds (process running for 11.208)
2024-07-18 10:47:40.063 [scheduling-1] INFO  c.n.b.global.config.CacheConfig - Refresh categoriesCache completed.
2024-07-18 10:47:40.473 [http-nio-8081-exec-2] INFO  o.a.c.c.C.[Tomcat].[localhost].[/] - Initializing Spring DispatcherServlet 'dispatcherServlet'
2024-07-18 10:47:40.474 [http-nio-8081-exec-2] INFO  o.s.web.servlet.DispatcherServlet - Initializing Servlet 'dispatcherServlet'
2024-07-18 10:47:40.476 [http-nio-8081-exec-2] INFO  o.s.web.servlet.DispatcherServlet - Completed initialization in 1 ms
2024-07-18 10:47:40.725 [http-nio-8081-exec-2] INFO  user-logger - template test
2024-07-18 10:47:42.516 [http-nio-8081-exec-3] INFO  user-logger - template test
2024-07-18 10:53:06.246 [restartedMain] INFO  c.n.b.BookStoreFrontApplication - Starting BookStoreFrontApplication using Java 21.0.3 with PID 53168 (/Users/dlrudgjs/Desktop/GitHub/book-store-front/target/classes started by dlrudgjs in /Users/dlrudgjs/Desktop/GitHub/book-store-front)
2024-07-18 10:53:06.249 [restartedMain] INFO  c.n.b.BookStoreFrontApplication - The following 1 profile is active: "dev"
2024-07-18 10:53:06.298 [restartedMain] INFO  o.s.b.d.e.DevToolsPropertyDefaultsPostProcessor - Devtools property defaults active! Set 'spring.devtools.add-properties' to 'false' to disable
2024-07-18 10:53:06.299 [restartedMain] INFO  o.s.b.d.e.DevToolsPropertyDefaultsPostProcessor - For additional web related logging consider setting the 'logging.level.web' property to 'DEBUG'
2024-07-18 10:53:07.327 [restartedMain] INFO  o.s.d.r.c.RepositoryConfigurationDelegate - Multiple Spring Data modules found, entering strict repository configuration mode
2024-07-18 10:53:07.337 [restartedMain] INFO  o.s.d.r.c.RepositoryConfigurationDelegate - Bootstrapping Spring Data Redis repositories in DEFAULT mode.
2024-07-18 10:53:07.380 [restartedMain] INFO  o.s.d.r.c.RepositoryConfigurationDelegate - Finished Spring Data repository scanning in 28 ms. Found 0 Redis repository interfaces.
2024-07-18 10:53:07.595 [restartedMain] INFO  o.s.cloud.context.scope.GenericScope - BeanFactory id=747d1206-e36f-3d36-adf0-9aaccd2f7134
2024-07-18 10:53:08.256 [restartedMain] INFO  o.s.b.w.e.tomcat.TomcatWebServer - Tomcat initialized with port 8081 (http)
2024-07-18 10:53:08.265 [restartedMain] INFO  o.a.catalina.core.StandardService - Starting service [Tomcat]
2024-07-18 10:53:08.267 [restartedMain] INFO  o.a.catalina.core.StandardEngine - Starting Servlet engine: [Apache Tomcat/10.1.24]
2024-07-18 10:53:08.294 [restartedMain] INFO  o.a.c.c.C.[Tomcat].[localhost].[/] - Initializing Spring embedded WebApplicationContext
2024-07-18 10:53:08.295 [restartedMain] INFO  o.s.b.w.s.c.ServletWebServerApplicationContext - Root WebApplicationContext: initialization completed in 1994 ms
2024-07-18 10:53:08.710 [restartedMain] INFO  o.s.b.d.a.OptionalLiveReloadServer - LiveReload server is running on port 35729
2024-07-18 10:53:09.600 [restartedMain] INFO  o.s.b.a.w.s.WelcomePageHandlerMapping - Adding welcome page template: index
2024-07-18 10:53:09.969 [restartedMain] INFO  o.s.s.web.DefaultSecurityFilterChain - Will secure any request with [org.springframework.security.web.session.DisableEncodeUrlFilter@73a0b566, org.springframework.security.web.context.request.async.WebAsyncManagerIntegrationFilter@3d4e83df, org.springframework.security.web.context.SecurityContextHolderFilter@64877dd2, org.springframework.security.web.header.HeaderWriterFilter@7039593f, org.springframework.web.filter.CorsFilter@7d450a17, org.springframework.security.web.authentication.logout.LogoutFilter@40ec5306, org.springframework.security.web.savedrequest.RequestCacheAwareFilter@7cae9bc6, org.springframework.security.web.servletapi.SecurityContextHolderAwareRequestFilter@5da875bf, org.springframework.security.web.authentication.AnonymousAuthenticationFilter@4bba0886, org.springframework.security.web.access.ExceptionTranslationFilter@2c53a2f8, org.springframework.security.web.access.intercept.AuthorizationFilter@7766e5a4]
2024-07-18 10:53:10.712 [restartedMain] INFO  o.s.b.w.e.tomcat.TomcatWebServer - Tomcat started on port 8081 (http) with context path '/'
2024-07-18 10:53:10.725 [restartedMain] INFO  c.n.b.BookStoreFrontApplication - Started BookStoreFrontApplication in 5.196 seconds (process running for 11.026)
2024-07-18 10:53:10.730 [scheduling-1] INFO  c.n.b.global.config.CacheConfig - Refresh categoriesCache completed.
2024-07-18 10:54:32.333 [restartedMain] INFO  c.n.b.BookStoreFrontApplication - Starting BookStoreFrontApplication using Java 21.0.3 with PID 53204 (/Users/dlrudgjs/Desktop/GitHub/book-store-front/target/classes started by dlrudgjs in /Users/dlrudgjs/Desktop/GitHub/book-store-front)
2024-07-18 10:54:32.336 [restartedMain] INFO  c.n.b.BookStoreFrontApplication - The following 1 profile is active: "dev"
2024-07-18 10:54:32.384 [restartedMain] INFO  o.s.b.d.e.DevToolsPropertyDefaultsPostProcessor - Devtools property defaults active! Set 'spring.devtools.add-properties' to 'false' to disable
2024-07-18 10:54:32.384 [restartedMain] INFO  o.s.b.d.e.DevToolsPropertyDefaultsPostProcessor - For additional web related logging consider setting the 'logging.level.web' property to 'DEBUG'
2024-07-18 10:54:33.389 [restartedMain] INFO  o.s.d.r.c.RepositoryConfigurationDelegate - Multiple Spring Data modules found, entering strict repository configuration mode
2024-07-18 10:54:33.399 [restartedMain] INFO  o.s.d.r.c.RepositoryConfigurationDelegate - Bootstrapping Spring Data Redis repositories in DEFAULT mode.
2024-07-18 10:54:33.438 [restartedMain] INFO  o.s.d.r.c.RepositoryConfigurationDelegate - Finished Spring Data repository scanning in 29 ms. Found 0 Redis repository interfaces.
2024-07-18 10:54:33.707 [restartedMain] INFO  o.s.cloud.context.scope.GenericScope - BeanFactory id=747d1206-e36f-3d36-adf0-9aaccd2f7134
2024-07-18 10:54:34.368 [restartedMain] INFO  o.s.b.w.e.tomcat.TomcatWebServer - Tomcat initialized with port 8081 (http)
2024-07-18 10:54:34.377 [restartedMain] INFO  o.a.catalina.core.StandardService - Starting service [Tomcat]
2024-07-18 10:54:34.379 [restartedMain] INFO  o.a.catalina.core.StandardEngine - Starting Servlet engine: [Apache Tomcat/10.1.24]
2024-07-18 10:54:34.409 [restartedMain] INFO  o.a.c.c.C.[Tomcat].[localhost].[/] - Initializing Spring embedded WebApplicationContext
2024-07-18 10:54:34.409 [restartedMain] INFO  o.s.b.w.s.c.ServletWebServerApplicationContext - Root WebApplicationContext: initialization completed in 2025 ms
2024-07-18 10:54:34.880 [restartedMain] INFO  o.s.b.d.a.OptionalLiveReloadServer - LiveReload server is running on port 35729
2024-07-18 10:54:35.906 [restartedMain] INFO  o.s.b.a.w.s.WelcomePageHandlerMapping - Adding welcome page template: index
2024-07-18 10:54:36.358 [restartedMain] INFO  o.s.s.web.DefaultSecurityFilterChain - Will secure any request with [org.springframework.security.web.session.DisableEncodeUrlFilter@352257bd, org.springframework.security.web.context.request.async.WebAsyncManagerIntegrationFilter@2062fcb1, org.springframework.security.web.context.SecurityContextHolderFilter@241717, org.springframework.security.web.header.HeaderWriterFilter@3ff8d9b1, org.springframework.web.filter.CorsFilter@3ffca294, org.springframework.security.web.authentication.logout.LogoutFilter@318e32e0, org.springframework.security.web.savedrequest.RequestCacheAwareFilter@3d6c16c0, org.springframework.security.web.servletapi.SecurityContextHolderAwareRequestFilter@3269aa82, org.springframework.security.web.authentication.AnonymousAuthenticationFilter@7a103bab, org.springframework.security.web.access.ExceptionTranslationFilter@dcf5a20, org.springframework.security.web.access.intercept.AuthorizationFilter@495acb72]
2024-07-18 10:54:37.107 [restartedMain] INFO  o.s.b.w.e.tomcat.TomcatWebServer - Tomcat started on port 8081 (http) with context path '/'
2024-07-18 10:54:37.122 [restartedMain] INFO  c.n.b.BookStoreFrontApplication - Started BookStoreFrontApplication in 5.5 seconds (process running for 11.383)
2024-07-18 10:54:37.125 [scheduling-1] INFO  c.n.b.global.config.CacheConfig - Refresh categoriesCache completed.
2024-07-18 10:54:38.460 [File Watcher] INFO  o.s.b.d.a.LocalDevToolsAutoConfiguration$RestartingClassPathChangeChangedEventListener - Restarting due to 1 class path change (1 addition, 0 deletions, 0 modifications)
2024-07-18 10:54:38.835 [restartedMain] INFO  c.n.b.BookStoreFrontApplication - Starting BookStoreFrontApplication using Java 21.0.3 with PID 53204 (/Users/dlrudgjs/Desktop/GitHub/book-store-front/target/classes started by dlrudgjs in /Users/dlrudgjs/Desktop/GitHub/book-store-front)
2024-07-18 10:54:38.836 [restartedMain] INFO  c.n.b.BookStoreFrontApplication - The following 1 profile is active: "dev"
2024-07-18 10:54:39.208 [restartedMain] INFO  o.s.d.r.c.RepositoryConfigurationDelegate - Multiple Spring Data modules found, entering strict repository configuration mode
2024-07-18 10:54:39.208 [restartedMain] INFO  o.s.d.r.c.RepositoryConfigurationDelegate - Bootstrapping Spring Data Redis repositories in DEFAULT mode.
2024-07-18 10:54:39.223 [restartedMain] INFO  o.s.d.r.c.RepositoryConfigurationDelegate - Finished Spring Data repository scanning in 14 ms. Found 0 Redis repository interfaces.
2024-07-18 10:54:39.298 [restartedMain] INFO  o.s.cloud.context.scope.GenericScope - BeanFactory id=747d1206-e36f-3d36-adf0-9aaccd2f7134
2024-07-18 10:54:39.455 [restartedMain] INFO  o.s.b.w.e.tomcat.TomcatWebServer - Tomcat initialized with port 8081 (http)
2024-07-18 10:54:39.457 [restartedMain] INFO  o.a.catalina.core.StandardService - Starting service [Tomcat]
2024-07-18 10:54:39.457 [restartedMain] INFO  o.a.catalina.core.StandardEngine - Starting Servlet engine: [Apache Tomcat/10.1.24]
2024-07-18 10:54:39.473 [restartedMain] INFO  o.a.c.c.C.[Tomcat].[localhost].[/] - Initializing Spring embedded WebApplicationContext
2024-07-18 10:54:39.473 [restartedMain] INFO  o.s.b.w.s.c.ServletWebServerApplicationContext - Root WebApplicationContext: initialization completed in 625 ms
2024-07-18 10:54:39.587 [restartedMain] INFO  o.s.b.d.a.OptionalLiveReloadServer - LiveReload server is running on port 35729
2024-07-18 10:54:40.055 [restartedMain] INFO  o.s.b.a.w.s.WelcomePageHandlerMapping - Adding welcome page template: index
2024-07-18 10:54:40.133 [restartedMain] INFO  o.s.s.web.DefaultSecurityFilterChain - Will secure any request with [org.springframework.security.web.session.DisableEncodeUrlFilter@1370d826, org.springframework.security.web.context.request.async.WebAsyncManagerIntegrationFilter@23f01c3e, org.springframework.security.web.context.SecurityContextHolderFilter@39429e6c, org.springframework.security.web.header.HeaderWriterFilter@31837bdb, org.springframework.web.filter.CorsFilter@7cd10a83, org.springframework.security.web.authentication.logout.LogoutFilter@649f6858, org.springframework.security.web.savedrequest.RequestCacheAwareFilter@ce0c5e, org.springframework.security.web.servletapi.SecurityContextHolderAwareRequestFilter@6374ccec, org.springframework.security.web.authentication.AnonymousAuthenticationFilter@33666956, org.springframework.security.web.access.ExceptionTranslationFilter@67909922, org.springframework.security.web.access.intercept.AuthorizationFilter@1d9a5c4b]
2024-07-18 10:54:40.664 [restartedMain] INFO  o.s.b.w.e.tomcat.TomcatWebServer - Tomcat started on port 8081 (http) with context path '/'
2024-07-18 10:54:40.677 [restartedMain] INFO  c.n.b.BookStoreFrontApplication - Started BookStoreFrontApplication in 2.046 seconds (process running for 14.939)
2024-07-18 10:54:40.689 [scheduling-1] INFO  c.n.b.global.config.CacheConfig - Refresh categoriesCache completed.
2024-07-18 10:54:40.700 [restartedMain] INFO  o.s.b.d.a.ConditionEvaluationDeltaLoggingListener - Condition evaluation unchanged
2024-07-18 10:54:47.866 [http-nio-8081-exec-2] INFO  o.a.c.c.C.[Tomcat].[localhost].[/] - Initializing Spring DispatcherServlet 'dispatcherServlet'
2024-07-18 10:54:47.874 [http-nio-8081-exec-2] INFO  o.s.web.servlet.DispatcherServlet - Initializing Servlet 'dispatcherServlet'
2024-07-18 10:54:47.887 [http-nio-8081-exec-2] INFO  o.s.web.servlet.DispatcherServlet - Completed initialization in 13 ms
2024-07-18 10:57:54.242 [File Watcher] INFO  o.s.b.d.a.LocalDevToolsAutoConfiguration$RestartingClassPathChangeChangedEventListener - Restarting due to 1 class path change (0 additions, 1 deletion, 0 modifications)
2024-07-18 10:57:54.773 [restartedMain] INFO  c.n.b.BookStoreFrontApplication - Starting BookStoreFrontApplication using Java 21.0.3 with PID 53204 (/Users/dlrudgjs/Desktop/GitHub/book-store-front/target/classes started by dlrudgjs in /Users/dlrudgjs/Desktop/GitHub/book-store-front)
2024-07-18 10:57:54.775 [restartedMain] INFO  c.n.b.BookStoreFrontApplication - The following 1 profile is active: "dev"
2024-07-18 10:57:55.161 [restartedMain] INFO  o.s.d.r.c.RepositoryConfigurationDelegate - Multiple Spring Data modules found, entering strict repository configuration mode
2024-07-18 10:57:55.162 [restartedMain] INFO  o.s.d.r.c.RepositoryConfigurationDelegate - Bootstrapping Spring Data Redis repositories in DEFAULT mode.
2024-07-18 10:57:55.177 [restartedMain] INFO  o.s.d.r.c.RepositoryConfigurationDelegate - Finished Spring Data repository scanning in 14 ms. Found 0 Redis repository interfaces.
2024-07-18 10:57:55.309 [restartedMain] INFO  o.s.cloud.context.scope.GenericScope - BeanFactory id=747d1206-e36f-3d36-adf0-9aaccd2f7134
2024-07-18 10:57:55.842 [restartedMain] INFO  o.s.b.w.e.tomcat.TomcatWebServer - Tomcat initialized with port 8081 (http)
2024-07-18 10:57:55.855 [restartedMain] INFO  o.a.catalina.core.StandardService - Starting service [Tomcat]
2024-07-18 10:57:55.855 [restartedMain] INFO  o.a.catalina.core.StandardEngine - Starting Servlet engine: [Apache Tomcat/10.1.24]
2024-07-18 10:57:55.878 [restartedMain] INFO  o.a.c.c.C.[Tomcat].[localhost].[/] - Initializing Spring embedded WebApplicationContext
2024-07-18 10:57:55.879 [restartedMain] INFO  o.s.b.w.s.c.ServletWebServerApplicationContext - Root WebApplicationContext: initialization completed in 1088 ms
2024-07-18 10:57:56.123 [restartedMain] INFO  o.s.b.d.a.OptionalLiveReloadServer - LiveReload server is running on port 35729
2024-07-18 10:57:57.136 [restartedMain] INFO  o.s.b.a.w.s.WelcomePageHandlerMapping - Adding welcome page template: index
2024-07-18 10:57:57.298 [restartedMain] INFO  o.s.s.web.DefaultSecurityFilterChain - Will secure any request with [org.springframework.security.web.session.DisableEncodeUrlFilter@6fa4e25a, org.springframework.security.web.context.request.async.WebAsyncManagerIntegrationFilter@4aec1b36, org.springframework.security.web.context.SecurityContextHolderFilter@3eba4423, org.springframework.security.web.header.HeaderWriterFilter@14575e9b, org.springframework.web.filter.CorsFilter@10de58d0, org.springframework.security.web.authentication.logout.LogoutFilter@b46e21, org.springframework.security.web.savedrequest.RequestCacheAwareFilter@1569448d, org.springframework.security.web.servletapi.SecurityContextHolderAwareRequestFilter@424e9982, org.springframework.security.web.authentication.AnonymousAuthenticationFilter@f120904, org.springframework.security.web.access.ExceptionTranslationFilter@35cc478d, org.springframework.security.web.access.intercept.AuthorizationFilter@1491685f]
2024-07-18 10:57:57.907 [restartedMain] INFO  o.s.b.w.e.tomcat.TomcatWebServer - Tomcat started on port 8081 (http) with context path '/'
2024-07-18 10:57:57.930 [restartedMain] INFO  c.n.b.BookStoreFrontApplication - Started BookStoreFrontApplication in 3.41 seconds (process running for 212.193)
2024-07-18 10:57:57.931 [scheduling-1] INFO  c.n.b.global.config.CacheConfig - Refresh categoriesCache completed.
2024-07-18 10:57:57.933 [restartedMain] INFO  o.s.b.d.a.ConditionEvaluationDeltaLoggingListener - Condition evaluation unchanged
2024-07-18 10:57:59.283 [File Watcher] INFO  o.s.b.d.a.LocalDevToolsAutoConfiguration$RestartingClassPathChangeChangedEventListener - Restarting due to 1 class path change (1 addition, 0 deletions, 0 modifications)
2024-07-18 10:57:59.646 [restartedMain] INFO  c.n.b.BookStoreFrontApplication - Starting BookStoreFrontApplication using Java 21.0.3 with PID 53204 (/Users/dlrudgjs/Desktop/GitHub/book-store-front/target/classes started by dlrudgjs in /Users/dlrudgjs/Desktop/GitHub/book-store-front)
2024-07-18 10:57:59.648 [restartedMain] INFO  c.n.b.BookStoreFrontApplication - The following 1 profile is active: "dev"
2024-07-18 10:57:59.888 [restartedMain] INFO  o.s.d.r.c.RepositoryConfigurationDelegate - Multiple Spring Data modules found, entering strict repository configuration mode
2024-07-18 10:57:59.890 [restartedMain] INFO  o.s.d.r.c.RepositoryConfigurationDelegate - Bootstrapping Spring Data Redis repositories in DEFAULT mode.
2024-07-18 10:57:59.903 [restartedMain] INFO  o.s.d.r.c.RepositoryConfigurationDelegate - Finished Spring Data repository scanning in 12 ms. Found 0 Redis repository interfaces.
2024-07-18 10:57:59.976 [restartedMain] INFO  o.s.cloud.context.scope.GenericScope - BeanFactory id=747d1206-e36f-3d36-adf0-9aaccd2f7134
2024-07-18 10:58:00.405 [restartedMain] INFO  o.s.b.w.e.tomcat.TomcatWebServer - Tomcat initialized with port 8081 (http)
2024-07-18 10:58:00.416 [restartedMain] INFO  o.a.catalina.core.StandardService - Starting service [Tomcat]
2024-07-18 10:58:00.417 [restartedMain] INFO  o.a.catalina.core.StandardEngine - Starting Servlet engine: [Apache Tomcat/10.1.24]
2024-07-18 10:58:00.435 [restartedMain] INFO  o.a.c.c.C.[Tomcat].[localhost].[/] - Initializing Spring embedded WebApplicationContext
2024-07-18 10:58:00.435 [restartedMain] INFO  o.s.b.w.s.c.ServletWebServerApplicationContext - Root WebApplicationContext: initialization completed in 773 ms
2024-07-18 10:58:00.647 [restartedMain] INFO  o.s.b.d.a.OptionalLiveReloadServer - LiveReload server is running on port 35729
2024-07-18 10:58:01.551 [restartedMain] INFO  o.s.b.a.w.s.WelcomePageHandlerMapping - Adding welcome page template: index
2024-07-18 10:58:01.632 [restartedMain] INFO  o.s.s.web.DefaultSecurityFilterChain - Will secure any request with [org.springframework.security.web.session.DisableEncodeUrlFilter@8d84a9a, org.springframework.security.web.context.request.async.WebAsyncManagerIntegrationFilter@1981806d, org.springframework.security.web.context.SecurityContextHolderFilter@23d8750c, org.springframework.security.web.header.HeaderWriterFilter@28366ac5, org.springframework.web.filter.CorsFilter@76194618, org.springframework.security.web.authentication.logout.LogoutFilter@259b761d, org.springframework.security.web.savedrequest.RequestCacheAwareFilter@3d236b19, org.springframework.security.web.servletapi.SecurityContextHolderAwareRequestFilter@5e7022fc, org.springframework.security.web.authentication.AnonymousAuthenticationFilter@4ed7bf4a, org.springframework.security.web.access.ExceptionTranslationFilter@4b8506bf, org.springframework.security.web.access.intercept.AuthorizationFilter@4cfe9100]
2024-07-18 10:58:02.007 [restartedMain] INFO  o.s.b.w.e.tomcat.TomcatWebServer - Tomcat started on port 8081 (http) with context path '/'
2024-07-18 10:58:02.042 [restartedMain] INFO  c.n.b.BookStoreFrontApplication - Started BookStoreFrontApplication in 2.601 seconds (process running for 216.305)
2024-07-18 10:58:02.052 [restartedMain] INFO  o.s.b.d.a.ConditionEvaluationDeltaLoggingListener - Condition evaluation unchanged
2024-07-18 10:58:02.057 [scheduling-1] INFO  c.n.b.global.config.CacheConfig - Refresh categoriesCache completed.
2024-07-18 10:58:09.601 [http-nio-8081-exec-1] INFO  o.a.c.c.C.[Tomcat].[localhost].[/] - Initializing Spring DispatcherServlet 'dispatcherServlet'
2024-07-18 10:58:09.603 [http-nio-8081-exec-1] INFO  o.s.web.servlet.DispatcherServlet - Initializing Servlet 'dispatcherServlet'
2024-07-18 10:58:09.606 [http-nio-8081-exec-1] INFO  o.s.web.servlet.DispatcherServlet - Completed initialization in 3 ms
2024-07-18 11:00:00.011 [scheduling-1] INFO  c.n.b.global.config.CacheConfig - Main Page Refresh cache completed.
2024-07-18 11:03:02.042 [scheduling-1] INFO  c.n.b.global.config.CacheConfig - Refresh categoriesCache completed.
2024-07-18 11:08:02.041 [scheduling-1] INFO  c.n.b.global.config.CacheConfig - Refresh categoriesCache completed.
2024-07-18 11:08:52.162 [File Watcher] INFO  o.s.b.d.a.LocalDevToolsAutoConfiguration$RestartingClassPathChangeChangedEventListener - Restarting due to 3 class path changes (0 additions, 3 deletions, 0 modifications)
2024-07-18 11:08:52.931 [restartedMain] INFO  c.n.b.BookStoreFrontApplication - Starting BookStoreFrontApplication using Java 21.0.3 with PID 53204 (/Users/dlrudgjs/Desktop/GitHub/book-store-front/target/classes started by dlrudgjs in /Users/dlrudgjs/Desktop/GitHub/book-store-front)
2024-07-18 11:08:52.935 [restartedMain] INFO  c.n.b.BookStoreFrontApplication - The following 1 profile is active: "dev"
2024-07-18 11:08:53.374 [restartedMain] INFO  o.s.d.r.c.RepositoryConfigurationDelegate - Multiple Spring Data modules found, entering strict repository configuration mode
2024-07-18 11:08:53.375 [restartedMain] INFO  o.s.d.r.c.RepositoryConfigurationDelegate - Bootstrapping Spring Data Redis repositories in DEFAULT mode.
2024-07-18 11:08:53.392 [restartedMain] INFO  o.s.d.r.c.RepositoryConfigurationDelegate - Finished Spring Data repository scanning in 15 ms. Found 0 Redis repository interfaces.
2024-07-18 11:08:53.517 [restartedMain] INFO  o.s.cloud.context.scope.GenericScope - BeanFactory id=7ac3685d-2348-3409-b957-62167082db82
2024-07-18 11:08:53.873 [restartedMain] INFO  o.s.b.w.e.tomcat.TomcatWebServer - Tomcat initialized with port 8081 (http)
2024-07-18 11:08:53.928 [restartedMain] INFO  o.a.catalina.core.StandardService - Starting service [Tomcat]
2024-07-18 11:08:53.929 [restartedMain] INFO  o.a.catalina.core.StandardEngine - Starting Servlet engine: [Apache Tomcat/10.1.24]
2024-07-18 11:08:53.966 [restartedMain] INFO  o.a.c.c.C.[Tomcat].[localhost].[/] - Initializing Spring embedded WebApplicationContext
2024-07-18 11:08:53.966 [restartedMain] INFO  o.s.b.w.s.c.ServletWebServerApplicationContext - Root WebApplicationContext: initialization completed in 1014 ms
2024-07-18 11:08:54.368 [restartedMain] INFO  o.s.b.d.a.OptionalLiveReloadServer - LiveReload server is running on port 35729
2024-07-18 11:08:55.056 [restartedMain] INFO  o.s.b.a.w.s.WelcomePageHandlerMapping - Adding welcome page template: index
2024-07-18 11:08:55.174 [restartedMain] INFO  o.s.s.web.DefaultSecurityFilterChain - Will secure any request with [org.springframework.security.web.session.DisableEncodeUrlFilter@71fed57f, org.springframework.security.web.context.request.async.WebAsyncManagerIntegrationFilter@3de3a797, org.springframework.security.web.context.SecurityContextHolderFilter@44ed9ae3, org.springframework.security.web.header.HeaderWriterFilter@77966fc6, org.springframework.web.filter.CorsFilter@3bf8a4a7, org.springframework.security.web.authentication.logout.LogoutFilter@72562546, org.springframework.security.web.savedrequest.RequestCacheAwareFilter@274f448e, org.springframework.security.web.servletapi.SecurityContextHolderAwareRequestFilter@1e68323b, org.springframework.security.web.authentication.AnonymousAuthenticationFilter@71f61a75, org.springframework.security.web.access.ExceptionTranslationFilter@467fec30, org.springframework.security.web.access.intercept.AuthorizationFilter@19aa6dc0]
2024-07-18 11:08:55.784 [restartedMain] INFO  o.s.b.w.e.tomcat.TomcatWebServer - Tomcat started on port 8081 (http) with context path '/'
2024-07-18 11:08:55.809 [scheduling-1] INFO  c.n.b.global.config.CacheConfig - Refresh categoriesCache completed.
2024-07-18 11:08:55.810 [restartedMain] INFO  c.n.b.BookStoreFrontApplication - Started BookStoreFrontApplication in 3.287 seconds (process running for 870.077)
2024-07-18 11:08:55.813 [restartedMain] INFO  o.s.b.d.a.ConditionEvaluationDeltaLoggingListener - Condition evaluation unchanged
2024-07-18 11:08:57.232 [File Watcher] INFO  o.s.b.d.a.LocalDevToolsAutoConfiguration$RestartingClassPathChangeChangedEventListener - Restarting due to 3 class path changes (3 additions, 0 deletions, 0 modifications)
2024-07-18 11:08:57.644 [restartedMain] INFO  c.n.b.BookStoreFrontApplication - Starting BookStoreFrontApplication using Java 21.0.3 with PID 53204 (/Users/dlrudgjs/Desktop/GitHub/book-store-front/target/classes started by dlrudgjs in /Users/dlrudgjs/Desktop/GitHub/book-store-front)
2024-07-18 11:08:57.648 [restartedMain] INFO  c.n.b.BookStoreFrontApplication - The following 1 profile is active: "dev"
2024-07-18 11:08:57.891 [restartedMain] INFO  o.s.d.r.c.RepositoryConfigurationDelegate - Multiple Spring Data modules found, entering strict repository configuration mode
2024-07-18 11:08:57.892 [restartedMain] INFO  o.s.d.r.c.RepositoryConfigurationDelegate - Bootstrapping Spring Data Redis repositories in DEFAULT mode.
2024-07-18 11:08:57.905 [restartedMain] INFO  o.s.d.r.c.RepositoryConfigurationDelegate - Finished Spring Data repository scanning in 12 ms. Found 0 Redis repository interfaces.
2024-07-18 11:08:57.987 [restartedMain] INFO  o.s.cloud.context.scope.GenericScope - BeanFactory id=4fd8bb96-5966-3388-b18f-a8a77209c887
2024-07-18 11:08:58.313 [restartedMain] INFO  o.s.b.w.e.tomcat.TomcatWebServer - Tomcat initialized with port 8081 (http)
2024-07-18 11:08:58.328 [restartedMain] INFO  o.a.catalina.core.StandardService - Starting service [Tomcat]
2024-07-18 11:08:58.329 [restartedMain] INFO  o.a.catalina.core.StandardEngine - Starting Servlet engine: [Apache Tomcat/10.1.24]
2024-07-18 11:08:58.361 [restartedMain] INFO  o.a.c.c.C.[Tomcat].[localhost].[/] - Initializing Spring embedded WebApplicationContext
2024-07-18 11:08:58.362 [restartedMain] INFO  o.s.b.w.s.c.ServletWebServerApplicationContext - Root WebApplicationContext: initialization completed in 700 ms
2024-07-18 11:08:58.687 [restartedMain] INFO  o.s.b.d.a.OptionalLiveReloadServer - LiveReload server is running on port 35729
2024-07-18 11:08:59.194 [restartedMain] INFO  o.s.b.a.w.s.WelcomePageHandlerMapping - Adding welcome page template: index
2024-07-18 11:08:59.253 [restartedMain] INFO  o.s.s.web.DefaultSecurityFilterChain - Will secure any request with [org.springframework.security.web.session.DisableEncodeUrlFilter@6e4a093, org.springframework.security.web.context.request.async.WebAsyncManagerIntegrationFilter@1f98ee2a, org.springframework.security.web.context.SecurityContextHolderFilter@6b65451d, org.springframework.security.web.header.HeaderWriterFilter@375f2bcf, org.springframework.web.filter.CorsFilter@3ef2716, org.springframework.security.web.authentication.logout.LogoutFilter@6d2f3eae, org.springframework.security.web.savedrequest.RequestCacheAwareFilter@6e5a266f, org.springframework.security.web.servletapi.SecurityContextHolderAwareRequestFilter@62ec854b, org.springframework.security.web.authentication.AnonymousAuthenticationFilter@2d8d582f, org.springframework.security.web.access.ExceptionTranslationFilter@42d9dc6b, org.springframework.security.web.access.intercept.AuthorizationFilter@32139be7]
2024-07-18 11:08:59.823 [restartedMain] INFO  o.s.b.w.e.tomcat.TomcatWebServer - Tomcat started on port 8081 (http) with context path '/'
2024-07-18 11:08:59.844 [restartedMain] INFO  c.n.b.BookStoreFrontApplication - Started BookStoreFrontApplication in 2.45 seconds (process running for 874.111)
2024-07-18 11:08:59.849 [restartedMain] INFO  o.s.b.d.a.ConditionEvaluationDeltaLoggingListener - Condition evaluation unchanged
2024-07-18 11:08:59.856 [scheduling-1] INFO  c.n.b.global.config.CacheConfig - Refresh categoriesCache completed.
2024-07-18 11:10:55.007 [File Watcher] INFO  o.s.b.d.a.LocalDevToolsAutoConfiguration$RestartingClassPathChangeChangedEventListener - Restarting due to 1 class path change (0 additions, 1 deletion, 0 modifications)
2024-07-18 11:10:55.541 [restartedMain] INFO  c.n.b.BookStoreFrontApplication - Starting BookStoreFrontApplication using Java 21.0.3 with PID 53204 (/Users/dlrudgjs/Desktop/GitHub/book-store-front/target/classes started by dlrudgjs in /Users/dlrudgjs/Desktop/GitHub/book-store-front)
2024-07-18 11:10:55.544 [restartedMain] INFO  c.n.b.BookStoreFrontApplication - The following 1 profile is active: "dev"
2024-07-18 11:10:55.897 [restartedMain] INFO  o.s.d.r.c.RepositoryConfigurationDelegate - Multiple Spring Data modules found, entering strict repository configuration mode
2024-07-18 11:10:55.897 [restartedMain] INFO  o.s.d.r.c.RepositoryConfigurationDelegate - Bootstrapping Spring Data Redis repositories in DEFAULT mode.
2024-07-18 11:10:55.913 [restartedMain] INFO  o.s.d.r.c.RepositoryConfigurationDelegate - Finished Spring Data repository scanning in 14 ms. Found 0 Redis repository interfaces.
2024-07-18 11:10:56.004 [restartedMain] INFO  o.s.cloud.context.scope.GenericScope - BeanFactory id=ce21381e-3def-31fd-8743-1049c8701709
2024-07-18 11:10:56.411 [restartedMain] INFO  o.s.b.w.e.tomcat.TomcatWebServer - Tomcat initialized with port 8081 (http)
2024-07-18 11:10:56.461 [restartedMain] INFO  o.a.catalina.core.StandardService - Starting service [Tomcat]
2024-07-18 11:10:56.461 [restartedMain] INFO  o.a.catalina.core.StandardEngine - Starting Servlet engine: [Apache Tomcat/10.1.24]
2024-07-18 11:10:56.489 [restartedMain] INFO  o.a.c.c.C.[Tomcat].[localhost].[/] - Initializing Spring embedded WebApplicationContext
2024-07-18 11:10:56.489 [restartedMain] INFO  o.s.b.w.s.c.ServletWebServerApplicationContext - Root WebApplicationContext: initialization completed in 927 ms
2024-07-18 11:10:56.847 [restartedMain] INFO  o.s.b.d.a.OptionalLiveReloadServer - LiveReload server is running on port 35729
2024-07-18 11:10:57.353 [restartedMain] INFO  o.s.b.a.w.s.WelcomePageHandlerMapping - Adding welcome page template: index
2024-07-18 11:10:57.421 [restartedMain] INFO  o.s.s.web.DefaultSecurityFilterChain - Will secure any request with [org.springframework.security.web.session.DisableEncodeUrlFilter@3c433a3c, org.springframework.security.web.context.request.async.WebAsyncManagerIntegrationFilter@41a96305, org.springframework.security.web.context.SecurityContextHolderFilter@1b0396a0, org.springframework.security.web.header.HeaderWriterFilter@cedf202, org.springframework.web.filter.CorsFilter@554b3128, org.springframework.security.web.authentication.logout.LogoutFilter@4936d474, org.springframework.security.web.savedrequest.RequestCacheAwareFilter@23f78775, org.springframework.security.web.servletapi.SecurityContextHolderAwareRequestFilter@2d1967c1, org.springframework.security.web.authentication.AnonymousAuthenticationFilter@36242e36, org.springframework.security.web.access.ExceptionTranslationFilter@3d4674ce, org.springframework.security.web.access.intercept.AuthorizationFilter@684169ae]
2024-07-18 11:10:58.038 [restartedMain] INFO  o.s.b.w.e.tomcat.TomcatWebServer - Tomcat started on port 8081 (http) with context path '/'
2024-07-18 11:10:58.059 [restartedMain] INFO  c.n.b.BookStoreFrontApplication - Started BookStoreFrontApplication in 2.792 seconds (process running for 992.327)
2024-07-18 11:10:58.058 [scheduling-1] INFO  c.n.b.global.config.CacheConfig - Refresh categoriesCache completed.
2024-07-18 11:10:58.062 [restartedMain] INFO  o.s.b.d.a.ConditionEvaluationDeltaLoggingListener - Condition evaluation unchanged
2024-07-18 11:10:59.452 [File Watcher] INFO  o.s.b.d.a.LocalDevToolsAutoConfiguration$RestartingClassPathChangeChangedEventListener - Restarting due to 1 class path change (1 addition, 0 deletions, 0 modifications)
2024-07-18 11:10:59.846 [restartedMain] INFO  c.n.b.BookStoreFrontApplication - Starting BookStoreFrontApplication using Java 21.0.3 with PID 53204 (/Users/dlrudgjs/Desktop/GitHub/book-store-front/target/classes started by dlrudgjs in /Users/dlrudgjs/Desktop/GitHub/book-store-front)
2024-07-18 11:10:59.850 [restartedMain] INFO  c.n.b.BookStoreFrontApplication - The following 1 profile is active: "dev"
2024-07-18 11:11:00.090 [restartedMain] INFO  o.s.d.r.c.RepositoryConfigurationDelegate - Multiple Spring Data modules found, entering strict repository configuration mode
2024-07-18 11:11:00.090 [restartedMain] INFO  o.s.d.r.c.RepositoryConfigurationDelegate - Bootstrapping Spring Data Redis repositories in DEFAULT mode.
2024-07-18 11:11:00.104 [restartedMain] INFO  o.s.d.r.c.RepositoryConfigurationDelegate - Finished Spring Data repository scanning in 11 ms. Found 0 Redis repository interfaces.
2024-07-18 11:11:00.180 [restartedMain] INFO  o.s.cloud.context.scope.GenericScope - BeanFactory id=4fd8bb96-5966-3388-b18f-a8a77209c887
2024-07-18 11:11:00.331 [restartedMain] INFO  o.s.b.w.e.tomcat.TomcatWebServer - Tomcat initialized with port 8081 (http)
2024-07-18 11:11:00.334 [restartedMain] INFO  o.a.catalina.core.StandardService - Starting service [Tomcat]
2024-07-18 11:11:00.334 [restartedMain] INFO  o.a.catalina.core.StandardEngine - Starting Servlet engine: [Apache Tomcat/10.1.24]
2024-07-18 11:11:00.348 [restartedMain] INFO  o.a.c.c.C.[Tomcat].[localhost].[/] - Initializing Spring embedded WebApplicationContext
2024-07-18 11:11:00.349 [restartedMain] INFO  o.s.b.w.s.c.ServletWebServerApplicationContext - Root WebApplicationContext: initialization completed in 485 ms
2024-07-18 11:11:00.881 [restartedMain] INFO  o.s.b.d.a.OptionalLiveReloadServer - LiveReload server is running on port 35729
2024-07-18 11:11:01.339 [restartedMain] INFO  o.s.b.a.w.s.WelcomePageHandlerMapping - Adding welcome page template: index
2024-07-18 11:11:01.404 [restartedMain] INFO  o.s.s.web.DefaultSecurityFilterChain - Will secure any request with [org.springframework.security.web.session.DisableEncodeUrlFilter@194cc90f, org.springframework.security.web.context.request.async.WebAsyncManagerIntegrationFilter@2c54724e, org.springframework.security.web.context.SecurityContextHolderFilter@312f8a7d, org.springframework.security.web.header.HeaderWriterFilter@74be3ed9, org.springframework.web.filter.CorsFilter@41d15d07, org.springframework.security.web.authentication.logout.LogoutFilter@61a2e9f6, org.springframework.security.web.savedrequest.RequestCacheAwareFilter@7e995d45, org.springframework.security.web.servletapi.SecurityContextHolderAwareRequestFilter@295e597f, org.springframework.security.web.authentication.AnonymousAuthenticationFilter@2278e5f8, org.springframework.security.web.access.ExceptionTranslationFilter@fcb0b72, org.springframework.security.web.access.intercept.AuthorizationFilter@1fdf82bf]
2024-07-18 11:11:01.604 [restartedMain] INFO  o.s.b.w.e.tomcat.TomcatWebServer - Tomcat started on port 8081 (http) with context path '/'
2024-07-18 11:11:01.737 [restartedMain] INFO  c.n.b.BookStoreFrontApplication - Started BookStoreFrontApplication in 2.115 seconds (process running for 996.005)
2024-07-18 11:11:01.754 [restartedMain] INFO  o.s.b.d.a.ConditionEvaluationDeltaLoggingListener - Condition evaluation unchanged
2024-07-18 11:11:01.754 [scheduling-1] INFO  c.n.b.global.config.CacheConfig - Refresh categoriesCache completed.
2024-07-18 11:20:35.750 [restartedMain] INFO  c.n.b.BookStoreFrontApplication - Starting BookStoreFrontApplication using Java 21.0.3 with PID 53770 (/Users/dlrudgjs/Desktop/GitHub/book-store-front/target/classes started by dlrudgjs in /Users/dlrudgjs/Desktop/GitHub/book-store-front)
2024-07-18 11:20:35.753 [restartedMain] INFO  c.n.b.BookStoreFrontApplication - The following 1 profile is active: "dev"
2024-07-18 11:20:35.828 [restartedMain] INFO  o.s.b.d.e.DevToolsPropertyDefaultsPostProcessor - Devtools property defaults active! Set 'spring.devtools.add-properties' to 'false' to disable
2024-07-18 11:20:35.829 [restartedMain] INFO  o.s.b.d.e.DevToolsPropertyDefaultsPostProcessor - For additional web related logging consider setting the 'logging.level.web' property to 'DEBUG'
2024-07-18 11:20:36.966 [restartedMain] INFO  o.s.d.r.c.RepositoryConfigurationDelegate - Multiple Spring Data modules found, entering strict repository configuration mode
2024-07-18 11:20:36.970 [restartedMain] INFO  o.s.d.r.c.RepositoryConfigurationDelegate - Bootstrapping Spring Data Redis repositories in DEFAULT mode.
2024-07-18 11:20:37.007 [restartedMain] INFO  o.s.d.r.c.RepositoryConfigurationDelegate - Finished Spring Data repository scanning in 27 ms. Found 0 Redis repository interfaces.
2024-07-18 11:20:37.233 [restartedMain] INFO  o.s.cloud.context.scope.GenericScope - BeanFactory id=4fd8bb96-5966-3388-b18f-a8a77209c887
2024-07-18 11:20:37.876 [restartedMain] INFO  o.s.b.w.e.tomcat.TomcatWebServer - Tomcat initialized with port 8081 (http)
2024-07-18 11:20:37.884 [restartedMain] INFO  o.a.catalina.core.StandardService - Starting service [Tomcat]
2024-07-18 11:20:37.886 [restartedMain] INFO  o.a.catalina.core.StandardEngine - Starting Servlet engine: [Apache Tomcat/10.1.24]
2024-07-18 11:20:37.914 [restartedMain] INFO  o.a.c.c.C.[Tomcat].[localhost].[/] - Initializing Spring embedded WebApplicationContext
2024-07-18 11:20:37.915 [restartedMain] INFO  o.s.b.w.s.c.ServletWebServerApplicationContext - Root WebApplicationContext: initialization completed in 2086 ms
2024-07-18 11:20:38.325 [restartedMain] INFO  o.s.b.d.a.OptionalLiveReloadServer - LiveReload server is running on port 35729
2024-07-18 11:20:39.192 [restartedMain] INFO  o.s.b.a.w.s.WelcomePageHandlerMapping - Adding welcome page template: index
2024-07-18 11:20:39.600 [restartedMain] INFO  o.s.s.web.DefaultSecurityFilterChain - Will secure any request with [org.springframework.security.web.session.DisableEncodeUrlFilter@40a66b14, org.springframework.security.web.context.request.async.WebAsyncManagerIntegrationFilter@3d1aefa0, org.springframework.security.web.context.SecurityContextHolderFilter@2e385a8d, org.springframework.security.web.header.HeaderWriterFilter@155bbb5b, org.springframework.web.filter.CorsFilter@536936f0, org.springframework.security.web.authentication.logout.LogoutFilter@28abb561, org.springframework.security.web.savedrequest.RequestCacheAwareFilter@21477618, org.springframework.security.web.servletapi.SecurityContextHolderAwareRequestFilter@25d606dd, org.springframework.security.web.authentication.AnonymousAuthenticationFilter@3091d6be, org.springframework.security.web.access.ExceptionTranslationFilter@7f940a38, org.springframework.security.web.access.intercept.AuthorizationFilter@6880c3b0]
2024-07-18 11:20:40.596 [restartedMain] INFO  o.s.b.w.e.tomcat.TomcatWebServer - Tomcat started on port 8081 (http) with context path '/'
2024-07-18 11:20:40.614 [restartedMain] INFO  c.n.b.BookStoreFrontApplication - Started BookStoreFrontApplication in 5.717 seconds (process running for 11.576)
2024-07-18 11:20:40.619 [scheduling-1] INFO  c.n.b.global.config.CacheConfig - Refresh categoriesCache completed.
2024-07-18 11:23:54.443 [restartedMain] INFO  c.n.b.BookStoreFrontApplication - Starting BookStoreFrontApplication using Java 21.0.3 with PID 53792 (/Users/dlrudgjs/Desktop/GitHub/book-store-front/target/classes started by dlrudgjs in /Users/dlrudgjs/Desktop/GitHub/book-store-front)
2024-07-18 11:23:54.446 [restartedMain] INFO  c.n.b.BookStoreFrontApplication - The following 1 profile is active: "dev"
2024-07-18 11:23:54.510 [restartedMain] INFO  o.s.b.d.e.DevToolsPropertyDefaultsPostProcessor - Devtools property defaults active! Set 'spring.devtools.add-properties' to 'false' to disable
2024-07-18 11:23:54.511 [restartedMain] INFO  o.s.b.d.e.DevToolsPropertyDefaultsPostProcessor - For additional web related logging consider setting the 'logging.level.web' property to 'DEBUG'
2024-07-18 11:23:55.611 [restartedMain] INFO  o.s.d.r.c.RepositoryConfigurationDelegate - Multiple Spring Data modules found, entering strict repository configuration mode
2024-07-18 11:23:55.614 [restartedMain] INFO  o.s.d.r.c.RepositoryConfigurationDelegate - Bootstrapping Spring Data Redis repositories in DEFAULT mode.
2024-07-18 11:23:55.652 [restartedMain] INFO  o.s.d.r.c.RepositoryConfigurationDelegate - Finished Spring Data repository scanning in 27 ms. Found 0 Redis repository interfaces.
2024-07-18 11:23:55.868 [restartedMain] INFO  o.s.cloud.context.scope.GenericScope - BeanFactory id=ce21381e-3def-31fd-8743-1049c8701709
2024-07-18 11:23:56.520 [restartedMain] INFO  o.s.b.w.e.tomcat.TomcatWebServer - Tomcat initialized with port 8081 (http)
2024-07-18 11:23:56.529 [restartedMain] INFO  o.a.catalina.core.StandardService - Starting service [Tomcat]
2024-07-18 11:23:56.530 [restartedMain] INFO  o.a.catalina.core.StandardEngine - Starting Servlet engine: [Apache Tomcat/10.1.24]
2024-07-18 11:23:56.559 [restartedMain] INFO  o.a.c.c.C.[Tomcat].[localhost].[/] - Initializing Spring embedded WebApplicationContext
2024-07-18 11:23:56.560 [restartedMain] INFO  o.s.b.w.s.c.ServletWebServerApplicationContext - Root WebApplicationContext: initialization completed in 2049 ms
2024-07-18 11:23:56.971 [restartedMain] INFO  o.s.b.d.a.OptionalLiveReloadServer - LiveReload server is running on port 35729
2024-07-18 11:23:57.819 [restartedMain] INFO  o.s.b.a.w.s.WelcomePageHandlerMapping - Adding welcome page template: index
2024-07-18 11:23:58.213 [restartedMain] INFO  o.s.s.web.DefaultSecurityFilterChain - Will secure any request with [org.springframework.security.web.session.DisableEncodeUrlFilter@45a4f88b, org.springframework.security.web.context.request.async.WebAsyncManagerIntegrationFilter@4fbfd18d, org.springframework.security.web.context.SecurityContextHolderFilter@3e39d2be, org.springframework.security.web.header.HeaderWriterFilter@1c77bb86, org.springframework.web.filter.CorsFilter@5a252368, org.springframework.security.web.authentication.logout.LogoutFilter@7e661c0a, org.springframework.security.web.savedrequest.RequestCacheAwareFilter@586b3e83, org.springframework.security.web.servletapi.SecurityContextHolderAwareRequestFilter@18e067f6, org.springframework.security.web.authentication.AnonymousAuthenticationFilter@3c70cc1f, org.springframework.security.web.access.ExceptionTranslationFilter@70af197, org.springframework.security.web.access.intercept.AuthorizationFilter@57a854f6]
2024-07-18 11:23:59.228 [restartedMain] INFO  o.s.b.w.e.tomcat.TomcatWebServer - Tomcat started on port 8081 (http) with context path '/'
2024-07-18 11:23:59.246 [restartedMain] INFO  c.n.b.BookStoreFrontApplication - Started BookStoreFrontApplication in 5.5 seconds (process running for 11.323)
2024-07-18 11:23:59.251 [scheduling-1] INFO  c.n.b.global.config.CacheConfig - Refresh categoriesCache completed.
2024-07-18 11:25:57.670 [File Watcher] INFO  o.s.b.d.a.LocalDevToolsAutoConfiguration$RestartingClassPathChangeChangedEventListener - Restarting due to 1 class path change (0 additions, 0 deletions, 1 modification)
2024-07-18 11:25:58.334 [restartedMain] INFO  c.n.b.BookStoreFrontApplication - Starting BookStoreFrontApplication using Java 21.0.3 with PID 53792 (/Users/dlrudgjs/Desktop/GitHub/book-store-front/target/classes started by dlrudgjs in /Users/dlrudgjs/Desktop/GitHub/book-store-front)
2024-07-18 11:25:58.335 [restartedMain] INFO  c.n.b.BookStoreFrontApplication - The following 1 profile is active: "dev"
2024-07-18 11:25:58.724 [restartedMain] INFO  o.s.d.r.c.RepositoryConfigurationDelegate - Multiple Spring Data modules found, entering strict repository configuration mode
2024-07-18 11:25:58.724 [restartedMain] INFO  o.s.d.r.c.RepositoryConfigurationDelegate - Bootstrapping Spring Data Redis repositories in DEFAULT mode.
2024-07-18 11:25:58.740 [restartedMain] INFO  o.s.d.r.c.RepositoryConfigurationDelegate - Finished Spring Data repository scanning in 15 ms. Found 0 Redis repository interfaces.
2024-07-18 11:25:58.828 [restartedMain] INFO  o.s.cloud.context.scope.GenericScope - BeanFactory id=ce21381e-3def-31fd-8743-1049c8701709
2024-07-18 11:25:59.303 [restartedMain] INFO  o.s.b.w.e.tomcat.TomcatWebServer - Tomcat initialized with port 8081 (http)
2024-07-18 11:25:59.312 [restartedMain] INFO  o.a.catalina.core.StandardService - Starting service [Tomcat]
2024-07-18 11:25:59.312 [restartedMain] INFO  o.a.catalina.core.StandardEngine - Starting Servlet engine: [Apache Tomcat/10.1.24]
2024-07-18 11:25:59.331 [restartedMain] INFO  o.a.c.c.C.[Tomcat].[localhost].[/] - Initializing Spring embedded WebApplicationContext
2024-07-18 11:25:59.332 [restartedMain] INFO  o.s.b.w.s.c.ServletWebServerApplicationContext - Root WebApplicationContext: initialization completed in 983 ms
2024-07-18 11:25:59.533 [restartedMain] INFO  o.s.b.d.a.OptionalLiveReloadServer - LiveReload server is running on port 35729
2024-07-18 11:26:00.496 [restartedMain] INFO  o.s.b.a.w.s.WelcomePageHandlerMapping - Adding welcome page template: index
2024-07-18 11:26:00.601 [restartedMain] INFO  o.s.s.web.DefaultSecurityFilterChain - Will secure any request with [org.springframework.security.web.session.DisableEncodeUrlFilter@341c918f, org.springframework.security.web.context.request.async.WebAsyncManagerIntegrationFilter@7d509113, org.springframework.security.web.context.SecurityContextHolderFilter@5ae26693, org.springframework.security.web.header.HeaderWriterFilter@6fed534d, org.springframework.web.filter.CorsFilter@1cbca0ed, org.springframework.security.web.authentication.logout.LogoutFilter@62e74d09, org.springframework.security.web.savedrequest.RequestCacheAwareFilter@7796a12, org.springframework.security.web.servletapi.SecurityContextHolderAwareRequestFilter@2e8a39ac, org.springframework.security.web.authentication.AnonymousAuthenticationFilter@273f8f90, org.springframework.security.web.access.ExceptionTranslationFilter@2f10c958, org.springframework.security.web.access.intercept.AuthorizationFilter@609b647e]
2024-07-18 11:26:00.848 [restartedMain] INFO  o.s.b.w.e.tomcat.TomcatWebServer - Tomcat started on port 8081 (http) with context path '/'
2024-07-18 11:26:00.856 [restartedMain] INFO  c.n.b.BookStoreFrontApplication - Started BookStoreFrontApplication in 2.884 seconds (process running for 132.932)
2024-07-18 11:26:00.857 [scheduling-1] INFO  c.n.b.global.config.CacheConfig - Refresh categoriesCache completed.
2024-07-18 11:26:00.860 [restartedMain] INFO  o.s.b.d.a.ConditionEvaluationDeltaLoggingListener - Condition evaluation unchanged
2024-07-18 13:09:39.718 [restartedMain] INFO  c.n.b.BookStoreFrontApplication - Starting BookStoreFrontApplication using Java 21.0.3 with PID 54211 (/Users/dlrudgjs/Desktop/GitHub/book-store-front/target/classes started by dlrudgjs in /Users/dlrudgjs/Desktop/GitHub/book-store-front)
2024-07-18 13:09:39.721 [restartedMain] INFO  c.n.b.BookStoreFrontApplication - The following 1 profile is active: "dev"
2024-07-18 13:09:39.784 [restartedMain] INFO  o.s.b.d.e.DevToolsPropertyDefaultsPostProcessor - Devtools property defaults active! Set 'spring.devtools.add-properties' to 'false' to disable
2024-07-18 13:09:39.785 [restartedMain] INFO  o.s.b.d.e.DevToolsPropertyDefaultsPostProcessor - For additional web related logging consider setting the 'logging.level.web' property to 'DEBUG'
2024-07-18 13:09:40.871 [restartedMain] INFO  o.s.d.r.c.RepositoryConfigurationDelegate - Multiple Spring Data modules found, entering strict repository configuration mode
2024-07-18 13:09:40.875 [restartedMain] INFO  o.s.d.r.c.RepositoryConfigurationDelegate - Bootstrapping Spring Data Redis repositories in DEFAULT mode.
2024-07-18 13:09:40.911 [restartedMain] INFO  o.s.d.r.c.RepositoryConfigurationDelegate - Finished Spring Data repository scanning in 25 ms. Found 0 Redis repository interfaces.
2024-07-18 13:09:41.165 [restartedMain] INFO  o.s.cloud.context.scope.GenericScope - BeanFactory id=4fd8bb96-5966-3388-b18f-a8a77209c887
2024-07-18 13:09:41.832 [restartedMain] INFO  o.s.b.w.e.tomcat.TomcatWebServer - Tomcat initialized with port 8081 (http)
2024-07-18 13:09:41.841 [restartedMain] INFO  o.a.catalina.core.StandardService - Starting service [Tomcat]
2024-07-18 13:09:41.843 [restartedMain] INFO  o.a.catalina.core.StandardEngine - Starting Servlet engine: [Apache Tomcat/10.1.24]
2024-07-18 13:09:41.872 [restartedMain] INFO  o.a.c.c.C.[Tomcat].[localhost].[/] - Initializing Spring embedded WebApplicationContext
2024-07-18 13:09:41.873 [restartedMain] INFO  o.s.b.w.s.c.ServletWebServerApplicationContext - Root WebApplicationContext: initialization completed in 2087 ms
2024-07-18 13:09:42.269 [restartedMain] INFO  o.s.b.d.a.OptionalLiveReloadServer - LiveReload server is running on port 35729
2024-07-18 13:09:43.134 [restartedMain] INFO  o.s.b.a.w.s.WelcomePageHandlerMapping - Adding welcome page template: index
2024-07-18 13:09:43.536 [restartedMain] INFO  o.s.s.web.DefaultSecurityFilterChain - Will secure any request with [org.springframework.security.web.session.DisableEncodeUrlFilter@10ca2194, org.springframework.security.web.context.request.async.WebAsyncManagerIntegrationFilter@65165e10, org.springframework.security.web.context.SecurityContextHolderFilter@5563d146, org.springframework.security.web.header.HeaderWriterFilter@25332746, org.springframework.web.filter.CorsFilter@2abe027b, org.springframework.security.web.authentication.logout.LogoutFilter@6677e997, org.springframework.security.web.savedrequest.RequestCacheAwareFilter@25d606dd, org.springframework.security.web.servletapi.SecurityContextHolderAwareRequestFilter@436f3d4e, org.springframework.security.web.authentication.AnonymousAuthenticationFilter@efbaa77, org.springframework.security.web.access.ExceptionTranslationFilter@21477618, org.springframework.security.web.access.intercept.AuthorizationFilter@295cd76e]
2024-07-18 13:09:44.199 [restartedMain] INFO  o.s.b.w.e.tomcat.TomcatWebServer - Tomcat started on port 8081 (http) with context path '/'
2024-07-18 13:09:44.212 [restartedMain] INFO  c.n.b.BookStoreFrontApplication - Started BookStoreFrontApplication in 5.191 seconds (process running for 11.163)
2024-07-18 13:09:44.215 [scheduling-1] INFO  c.n.b.global.config.CacheConfig - Refresh categoriesCache completed.
2024-07-18 13:14:44.214 [scheduling-1] INFO  c.n.b.global.config.CacheConfig - Refresh categoriesCache completed.
2024-07-18 13:16:00.454 [restartedMain] INFO  c.n.b.BookStoreFrontApplication - Starting BookStoreFrontApplication using Java 21.0.3 with PID 54374 (/Users/dlrudgjs/Desktop/GitHub/book-store-front/target/classes started by dlrudgjs in /Users/dlrudgjs/Desktop/GitHub/book-store-front)
2024-07-18 13:16:00.456 [restartedMain] INFO  c.n.b.BookStoreFrontApplication - The following 1 profile is active: "dev"
2024-07-18 13:16:00.528 [restartedMain] INFO  o.s.b.d.e.DevToolsPropertyDefaultsPostProcessor - Devtools property defaults active! Set 'spring.devtools.add-properties' to 'false' to disable
2024-07-18 13:16:00.529 [restartedMain] INFO  o.s.b.d.e.DevToolsPropertyDefaultsPostProcessor - For additional web related logging consider setting the 'logging.level.web' property to 'DEBUG'
2024-07-18 13:16:01.555 [restartedMain] INFO  o.s.d.r.c.RepositoryConfigurationDelegate - Multiple Spring Data modules found, entering strict repository configuration mode
2024-07-18 13:16:01.558 [restartedMain] INFO  o.s.d.r.c.RepositoryConfigurationDelegate - Bootstrapping Spring Data Redis repositories in DEFAULT mode.
2024-07-18 13:16:01.591 [restartedMain] INFO  o.s.d.r.c.RepositoryConfigurationDelegate - Finished Spring Data repository scanning in 23 ms. Found 0 Redis repository interfaces.
2024-07-18 13:16:01.819 [restartedMain] INFO  o.s.cloud.context.scope.GenericScope - BeanFactory id=4fd8bb96-5966-3388-b18f-a8a77209c887
2024-07-18 13:16:02.459 [restartedMain] INFO  o.s.b.w.e.tomcat.TomcatWebServer - Tomcat initialized with port 8081 (http)
2024-07-18 13:16:02.468 [restartedMain] INFO  o.a.catalina.core.StandardService - Starting service [Tomcat]
2024-07-18 13:16:02.469 [restartedMain] INFO  o.a.catalina.core.StandardEngine - Starting Servlet engine: [Apache Tomcat/10.1.24]
2024-07-18 13:16:02.500 [restartedMain] INFO  o.a.c.c.C.[Tomcat].[localhost].[/] - Initializing Spring embedded WebApplicationContext
2024-07-18 13:16:02.501 [restartedMain] INFO  o.s.b.w.s.c.ServletWebServerApplicationContext - Root WebApplicationContext: initialization completed in 1972 ms
2024-07-18 13:16:02.888 [restartedMain] INFO  o.s.b.d.a.OptionalLiveReloadServer - LiveReload server is running on port 35729
2024-07-18 13:16:03.749 [restartedMain] INFO  o.s.b.a.w.s.WelcomePageHandlerMapping - Adding welcome page template: index
2024-07-18 13:16:04.118 [restartedMain] INFO  o.s.s.web.DefaultSecurityFilterChain - Will secure any request with [org.springframework.security.web.session.DisableEncodeUrlFilter@373ccc03, org.springframework.security.web.context.request.async.WebAsyncManagerIntegrationFilter@7648d51b, org.springframework.security.web.context.SecurityContextHolderFilter@46bdfbd5, org.springframework.security.web.header.HeaderWriterFilter@4beef587, org.springframework.web.filter.CorsFilter@45ad64ae, org.springframework.security.web.authentication.logout.LogoutFilter@561d305d, org.springframework.security.web.savedrequest.RequestCacheAwareFilter@202543dc, org.springframework.security.web.servletapi.SecurityContextHolderAwareRequestFilter@f20f6ce, org.springframework.security.web.authentication.AnonymousAuthenticationFilter@525fee66, org.springframework.security.web.access.ExceptionTranslationFilter@f3d5d1f, org.springframework.security.web.access.intercept.AuthorizationFilter@65dad185]
2024-07-18 13:16:04.804 [restartedMain] INFO  o.s.b.w.e.tomcat.TomcatWebServer - Tomcat started on port 8081 (http) with context path '/'
2024-07-18 13:16:04.820 [restartedMain] INFO  c.n.b.BookStoreFrontApplication - Started BookStoreFrontApplication in 5.042 seconds (process running for 10.901)
2024-07-18 13:16:04.824 [scheduling-1] INFO  c.n.b.global.config.CacheConfig - Refresh categoriesCache completed.
2024-07-18 13:16:13.045 [http-nio-8081-exec-2] INFO  o.a.c.c.C.[Tomcat].[localhost].[/] - Initializing Spring DispatcherServlet 'dispatcherServlet'
2024-07-18 13:16:13.046 [http-nio-8081-exec-2] INFO  o.s.web.servlet.DispatcherServlet - Initializing Servlet 'dispatcherServlet'
2024-07-18 13:16:13.048 [http-nio-8081-exec-2] INFO  o.s.web.servlet.DispatcherServlet - Completed initialization in 1 ms
2024-07-18 13:16:13.358 [http-nio-8081-exec-2] INFO  c.n.b.global.config.LogController2 - template test
2024-07-18 13:16:21.493 [http-nio-8081-exec-3] INFO  c.n.b.global.config.LogController2 - template test
2024-07-18 13:17:20.516 [http-nio-8081-exec-4] INFO  c.n.b.global.config.LogController2 - test123
2024-07-18 13:17:22.215 [http-nio-8081-exec-5] INFO  c.n.b.global.config.LogController2 - test123
2024-07-18 13:17:57.487 [restartedMain] INFO  c.n.b.BookStoreFrontApplication - Starting BookStoreFrontApplication using Java 21.0.3 with PID 54404 (/Users/dlrudgjs/Desktop/GitHub/book-store-front/target/classes started by dlrudgjs in /Users/dlrudgjs/Desktop/GitHub/book-store-front)
2024-07-18 13:17:57.489 [restartedMain] INFO  c.n.b.BookStoreFrontApplication - The following 1 profile is active: "dev"
2024-07-18 13:17:57.552 [restartedMain] INFO  o.s.b.d.e.DevToolsPropertyDefaultsPostProcessor - Devtools property defaults active! Set 'spring.devtools.add-properties' to 'false' to disable
2024-07-18 13:17:57.553 [restartedMain] INFO  o.s.b.d.e.DevToolsPropertyDefaultsPostProcessor - For additional web related logging consider setting the 'logging.level.web' property to 'DEBUG'
2024-07-18 13:17:58.574 [restartedMain] INFO  o.s.d.r.c.RepositoryConfigurationDelegate - Multiple Spring Data modules found, entering strict repository configuration mode
2024-07-18 13:17:58.578 [restartedMain] INFO  o.s.d.r.c.RepositoryConfigurationDelegate - Bootstrapping Spring Data Redis repositories in DEFAULT mode.
2024-07-18 13:17:58.615 [restartedMain] INFO  o.s.d.r.c.RepositoryConfigurationDelegate - Finished Spring Data repository scanning in 27 ms. Found 0 Redis repository interfaces.
2024-07-18 13:17:58.835 [restartedMain] INFO  o.s.cloud.context.scope.GenericScope - BeanFactory id=4fd8bb96-5966-3388-b18f-a8a77209c887
2024-07-18 13:17:59.472 [restartedMain] INFO  o.s.b.w.e.tomcat.TomcatWebServer - Tomcat initialized with port 8081 (http)
2024-07-18 13:17:59.481 [restartedMain] INFO  o.a.catalina.core.StandardService - Starting service [Tomcat]
2024-07-18 13:17:59.482 [restartedMain] INFO  o.a.catalina.core.StandardEngine - Starting Servlet engine: [Apache Tomcat/10.1.24]
2024-07-18 13:17:59.510 [restartedMain] INFO  o.a.c.c.C.[Tomcat].[localhost].[/] - Initializing Spring embedded WebApplicationContext
2024-07-18 13:17:59.511 [restartedMain] INFO  o.s.b.w.s.c.ServletWebServerApplicationContext - Root WebApplicationContext: initialization completed in 1957 ms
2024-07-18 13:17:59.915 [restartedMain] INFO  o.s.b.d.a.OptionalLiveReloadServer - LiveReload server is running on port 35729
2024-07-18 13:18:00.791 [restartedMain] INFO  o.s.b.a.w.s.WelcomePageHandlerMapping - Adding welcome page template: index
2024-07-18 13:18:01.189 [restartedMain] INFO  o.s.s.web.DefaultSecurityFilterChain - Will secure any request with [org.springframework.security.web.session.DisableEncodeUrlFilter@2991655f, org.springframework.security.web.context.request.async.WebAsyncManagerIntegrationFilter@33d5082b, org.springframework.security.web.context.SecurityContextHolderFilter@4ec219d1, org.springframework.security.web.header.HeaderWriterFilter@6671ad72, org.springframework.web.filter.CorsFilter@dcf1cc9, org.springframework.security.web.authentication.logout.LogoutFilter@1b2fc324, org.springframework.security.web.savedrequest.RequestCacheAwareFilter@3fde624e, org.springframework.security.web.servletapi.SecurityContextHolderAwareRequestFilter@25fe6a9d, org.springframework.security.web.authentication.AnonymousAuthenticationFilter@295cd76e, org.springframework.security.web.access.ExceptionTranslationFilter@4ac1b602, org.springframework.security.web.access.intercept.AuthorizationFilter@3091d6be]
2024-07-18 13:18:02.197 [restartedMain] INFO  o.s.b.w.e.tomcat.TomcatWebServer - Tomcat started on port 8081 (http) with context path '/'
2024-07-18 13:18:02.215 [restartedMain] INFO  c.n.b.BookStoreFrontApplication - Started BookStoreFrontApplication in 5.405 seconds (process running for 11.228)
2024-07-18 13:18:02.221 [scheduling-1] INFO  c.n.b.global.config.CacheConfig - Refresh categoriesCache completed.
2024-07-18 13:18:07.918 [http-nio-8081-exec-2] INFO  o.a.c.c.C.[Tomcat].[localhost].[/] - Initializing Spring DispatcherServlet 'dispatcherServlet'
2024-07-18 13:18:07.920 [http-nio-8081-exec-2] INFO  o.s.web.servlet.DispatcherServlet - Initializing Servlet 'dispatcherServlet'
2024-07-18 13:18:07.923 [http-nio-8081-exec-2] INFO  o.s.web.servlet.DispatcherServlet - Completed initialization in 2 ms
2024-07-18 13:18:08.204 [http-nio-8081-exec-2] INFO  c.n.b.global.config.LogController2 - test123
2024-07-18 13:18:10.932 [http-nio-8081-exec-3] INFO  c.n.b.global.config.LogController2 - test123
2024-07-18 13:21:48.958 [File Watcher] INFO  o.s.b.d.a.LocalDevToolsAutoConfiguration$RestartingClassPathChangeChangedEventListener - Restarting due to 1 class path change (0 additions, 0 deletions, 1 modification)
2024-07-18 13:21:49.485 [restartedMain] INFO  c.n.b.BookStoreFrontApplication - Starting BookStoreFrontApplication using Java 21.0.3 with PID 54404 (/Users/dlrudgjs/Desktop/GitHub/book-store-front/target/classes started by dlrudgjs in /Users/dlrudgjs/Desktop/GitHub/book-store-front)
2024-07-18 13:21:49.486 [restartedMain] INFO  c.n.b.BookStoreFrontApplication - The following 1 profile is active: "dev"
2024-07-18 13:21:49.866 [restartedMain] INFO  o.s.d.r.c.RepositoryConfigurationDelegate - Multiple Spring Data modules found, entering strict repository configuration mode
2024-07-18 13:21:49.867 [restartedMain] INFO  o.s.d.r.c.RepositoryConfigurationDelegate - Bootstrapping Spring Data Redis repositories in DEFAULT mode.
2024-07-18 13:21:49.880 [restartedMain] INFO  o.s.d.r.c.RepositoryConfigurationDelegate - Finished Spring Data repository scanning in 12 ms. Found 0 Redis repository interfaces.
2024-07-18 13:21:49.966 [restartedMain] INFO  o.s.cloud.context.scope.GenericScope - BeanFactory id=4fd8bb96-5966-3388-b18f-a8a77209c887
2024-07-18 13:21:50.432 [restartedMain] INFO  o.s.b.w.e.tomcat.TomcatWebServer - Tomcat initialized with port 8081 (http)
2024-07-18 13:21:50.444 [restartedMain] INFO  o.a.catalina.core.StandardService - Starting service [Tomcat]
2024-07-18 13:21:50.447 [restartedMain] INFO  o.a.catalina.core.StandardEngine - Starting Servlet engine: [Apache Tomcat/10.1.24]
2024-07-18 13:21:50.468 [restartedMain] INFO  o.a.c.c.C.[Tomcat].[localhost].[/] - Initializing Spring embedded WebApplicationContext
2024-07-18 13:21:50.469 [restartedMain] INFO  o.s.b.w.s.c.ServletWebServerApplicationContext - Root WebApplicationContext: initialization completed in 968 ms
2024-07-18 13:21:50.699 [restartedMain] INFO  o.s.b.d.a.OptionalLiveReloadServer - LiveReload server is running on port 35729
2024-07-18 13:21:51.649 [restartedMain] INFO  o.s.b.a.w.s.WelcomePageHandlerMapping - Adding welcome page template: index
2024-07-18 13:21:51.747 [restartedMain] INFO  o.s.s.web.DefaultSecurityFilterChain - Will secure any request with [org.springframework.security.web.session.DisableEncodeUrlFilter@3a7b9d51, org.springframework.security.web.context.request.async.WebAsyncManagerIntegrationFilter@8c9b3e6, org.springframework.security.web.context.SecurityContextHolderFilter@4af8962c, org.springframework.security.web.header.HeaderWriterFilter@223c8e2f, org.springframework.web.filter.CorsFilter@3ab98668, org.springframework.security.web.authentication.logout.LogoutFilter@2a0d254e, org.springframework.security.web.savedrequest.RequestCacheAwareFilter@31a30506, org.springframework.security.web.servletapi.SecurityContextHolderAwareRequestFilter@6241399c, org.springframework.security.web.authentication.AnonymousAuthenticationFilter@69916ea4, org.springframework.security.web.access.ExceptionTranslationFilter@16a8a325, org.springframework.security.web.access.intercept.AuthorizationFilter@289f6c8f]
2024-07-18 13:21:52.004 [restartedMain] INFO  o.s.b.w.e.tomcat.TomcatWebServer - Tomcat started on port 8081 (http) with context path '/'
2024-07-18 13:21:52.014 [restartedMain] INFO  c.n.b.BookStoreFrontApplication - Started BookStoreFrontApplication in 2.75 seconds (process running for 241.027)
2024-07-18 13:21:52.015 [scheduling-1] INFO  c.n.b.global.config.CacheConfig - Refresh categoriesCache completed.
2024-07-18 13:21:52.019 [restartedMain] INFO  o.s.b.d.a.ConditionEvaluationDeltaLoggingListener - Condition evaluation unchanged
2024-07-18 13:26:52.042 [scheduling-1] INFO  c.n.b.global.config.CacheConfig - Refresh categoriesCache completed.
2024-07-18 13:31:52.045 [scheduling-1] INFO  c.n.b.global.config.CacheConfig - Refresh categoriesCache completed.
2024-07-18 13:35:52.718 [restartedMain] INFO  c.n.b.BookStoreFrontApplication - Starting BookStoreFrontApplication using Java 21.0.3 with PID 54536 (/Users/dlrudgjs/Desktop/GitHub/book-store-front/target/classes started by dlrudgjs in /Users/dlrudgjs/Desktop/GitHub/book-store-front)
2024-07-18 13:35:53.381 [restartedMain] INFO  c.n.b.g.config.LogNCrashAppender - log send run
2024-07-18 13:35:53.385 [restartedMain] INFO  c.n.b.BookStoreFrontApplication - The following 1 profile is active: "dev"
2024-07-18 13:35:53.401 [restartedMain] INFO  c.n.b.g.config.LogNCrashAppender - log send run
2024-07-18 13:35:53.448 [restartedMain] INFO  o.s.b.d.e.DevToolsPropertyDefaultsPostProcessor - Devtools property defaults active! Set 'spring.devtools.add-properties' to 'false' to disable
2024-07-18 13:35:53.460 [restartedMain] INFO  c.n.b.g.config.LogNCrashAppender - log send run
2024-07-18 13:35:53.461 [restartedMain] INFO  o.s.b.d.e.DevToolsPropertyDefaultsPostProcessor - For additional web related logging consider setting the 'logging.level.web' property to 'DEBUG'
2024-07-18 13:35:53.471 [restartedMain] INFO  c.n.b.g.config.LogNCrashAppender - log send run
2024-07-18 13:35:54.267 [restartedMain] INFO  o.s.d.r.c.RepositoryConfigurationDelegate - Multiple Spring Data modules found, entering strict repository configuration mode
2024-07-18 13:35:54.280 [restartedMain] INFO  c.n.b.g.config.LogNCrashAppender - log send run
2024-07-18 13:35:54.282 [restartedMain] INFO  o.s.d.r.c.RepositoryConfigurationDelegate - Bootstrapping Spring Data Redis repositories in DEFAULT mode.
2024-07-18 13:35:54.292 [restartedMain] INFO  c.n.b.g.config.LogNCrashAppender - log send run
2024-07-18 13:35:54.327 [restartedMain] INFO  o.s.d.r.c.RepositoryConfigurationDelegate - Finished Spring Data repository scanning in 24 ms. Found 0 Redis repository interfaces.
2024-07-18 13:35:54.339 [restartedMain] INFO  c.n.b.g.config.LogNCrashAppender - log send run
2024-07-18 13:35:54.565 [restartedMain] INFO  o.s.cloud.context.scope.GenericScope - BeanFactory id=4fd8bb96-5966-3388-b18f-a8a77209c887
2024-07-18 13:35:54.576 [restartedMain] INFO  c.n.b.g.config.LogNCrashAppender - log send run
2024-07-18 13:35:55.202 [restartedMain] INFO  o.s.b.w.e.tomcat.TomcatWebServer - Tomcat initialized with port 8081 (http)
2024-07-18 13:35:55.213 [restartedMain] INFO  c.n.b.g.config.LogNCrashAppender - log send run
2024-07-18 13:35:55.222 [restartedMain] INFO  o.a.catalina.core.StandardService - Starting service [Tomcat]
2024-07-18 13:35:55.233 [restartedMain] INFO  c.n.b.g.config.LogNCrashAppender - log send run
2024-07-18 13:35:55.233 [restartedMain] INFO  o.a.catalina.core.StandardEngine - Starting Servlet engine: [Apache Tomcat/10.1.24]
2024-07-18 13:35:55.244 [restartedMain] INFO  c.n.b.g.config.LogNCrashAppender - log send run
2024-07-18 13:35:55.272 [restartedMain] INFO  o.a.c.c.C.[Tomcat].[localhost].[/] - Initializing Spring embedded WebApplicationContext
2024-07-18 13:35:55.286 [restartedMain] INFO  c.n.b.g.config.LogNCrashAppender - log send run
2024-07-18 13:35:55.286 [restartedMain] INFO  o.s.b.w.s.c.ServletWebServerApplicationContext - Root WebApplicationContext: initialization completed in 1814 ms
2024-07-18 13:35:55.296 [restartedMain] INFO  c.n.b.g.config.LogNCrashAppender - log send run
2024-07-18 13:35:55.593 [restartedMain] INFO  o.s.b.d.a.OptionalLiveReloadServer - LiveReload server is running on port 35729
2024-07-18 13:35:55.604 [restartedMain] INFO  c.n.b.g.config.LogNCrashAppender - log send run
2024-07-18 13:35:56.855 [restartedMain] INFO  o.s.b.a.w.s.WelcomePageHandlerMapping - Adding welcome page template: index
2024-07-18 13:35:56.878 [restartedMain] INFO  c.n.b.g.config.LogNCrashAppender - log send run
2024-07-18 13:35:57.001 [restartedMain] INFO  o.s.s.web.DefaultSecurityFilterChain - Will secure any request with [org.springframework.security.web.session.DisableEncodeUrlFilter@5900b159, org.springframework.security.web.context.request.async.WebAsyncManagerIntegrationFilter@2c8f79c0, org.springframework.security.web.context.SecurityContextHolderFilter@574956dc, org.springframework.security.web.header.HeaderWriterFilter@517935da, org.springframework.web.filter.CorsFilter@226a2075, org.springframework.security.web.authentication.logout.LogoutFilter@10cb4930, org.springframework.security.web.savedrequest.RequestCacheAwareFilter@38e226ba, org.springframework.security.web.servletapi.SecurityContextHolderAwareRequestFilter@26691d04, org.springframework.security.web.authentication.AnonymousAuthenticationFilter@325cdea, org.springframework.security.web.access.ExceptionTranslationFilter@7f38ef48, org.springframework.security.web.access.intercept.AuthorizationFilter@17933f03]
2024-07-18 13:35:57.014 [restartedMain] INFO  c.n.b.g.config.LogNCrashAppender - log send run
2024-07-18 13:35:57.546 [restartedMain] INFO  o.s.b.w.e.tomcat.TomcatWebServer - Tomcat started on port 8081 (http) with context path '/'
2024-07-18 13:35:57.560 [restartedMain] INFO  c.n.b.g.config.LogNCrashAppender - log send run
2024-07-18 13:35:57.570 [restartedMain] INFO  c.n.b.BookStoreFrontApplication - Started BookStoreFrontApplication in 5.648 seconds (process running for 11.472)
2024-07-18 13:35:57.571 [scheduling-1] INFO  c.n.b.global.config.CacheConfig - Refresh categoriesCache completed.
2024-07-18 13:35:57.580 [restartedMain] INFO  c.n.b.g.config.LogNCrashAppender - log send run
2024-07-18 13:35:57.592 [scheduling-1] INFO  c.n.b.g.config.LogNCrashAppender - log send run
2024-07-18 13:39:54.244 [http-nio-8081-exec-1] INFO  o.a.c.c.C.[Tomcat].[localhost].[/] - Initializing Spring DispatcherServlet 'dispatcherServlet'
2024-07-18 13:39:54.465 [http-nio-8081-exec-1] INFO  c.n.b.g.config.LogNCrashAppender - log send run
2024-07-18 13:39:54.469 [http-nio-8081-exec-1] INFO  o.s.web.servlet.DispatcherServlet - Initializing Servlet 'dispatcherServlet'
2024-07-18 13:39:54.514 [http-nio-8081-exec-1] INFO  c.n.b.g.config.LogNCrashAppender - log send run
2024-07-18 13:39:54.530 [http-nio-8081-exec-1] INFO  o.s.web.servlet.DispatcherServlet - Completed initialization in 13 ms
2024-07-18 13:39:54.560 [http-nio-8081-exec-1] INFO  c.n.b.g.config.LogNCrashAppender - log send run
2024-07-18 13:39:54.706 [http-nio-8081-exec-1] INFO  c.n.b.g.config.LogNCrashAppender - log send run
2024-07-18 13:39:55.207 [http-nio-8081-exec-2] INFO  c.n.b.g.config.LogNCrashAppender - log send run
2024-07-18 13:39:56.556 [File Watcher] INFO  o.s.b.d.a.LocalDevToolsAutoConfiguration$RestartingClassPathChangeChangedEventListener - Restarting due to 1 class path change (0 additions, 1 deletion, 0 modifications)
2024-07-18 13:39:56.587 [File Watcher] INFO  c.n.b.g.config.LogNCrashAppender - log send run
2024-07-18 13:39:57.057 [restartedMain] INFO  c.n.b.BookStoreFrontApplication - Starting BookStoreFrontApplication using Java 21.0.3 with PID 54536 (/Users/dlrudgjs/Desktop/GitHub/book-store-front/target/classes started by dlrudgjs in /Users/dlrudgjs/Desktop/GitHub/book-store-front)
2024-07-18 13:39:57.138 [restartedMain] INFO  c.n.b.g.config.LogNCrashAppender - log send run
2024-07-18 13:39:57.141 [restartedMain] INFO  c.n.b.BookStoreFrontApplication - The following 1 profile is active: "dev"
2024-07-18 13:39:57.195 [restartedMain] INFO  c.n.b.g.config.LogNCrashAppender - log send run
2024-07-18 13:39:57.686 [restartedMain] INFO  o.s.d.r.c.RepositoryConfigurationDelegate - Multiple Spring Data modules found, entering strict repository configuration mode
2024-07-18 13:39:57.718 [restartedMain] INFO  c.n.b.g.config.LogNCrashAppender - log send run
2024-07-18 13:39:57.718 [restartedMain] INFO  o.s.d.r.c.RepositoryConfigurationDelegate - Bootstrapping Spring Data Redis repositories in DEFAULT mode.
2024-07-18 13:39:57.760 [restartedMain] INFO  c.n.b.g.config.LogNCrashAppender - log send run
2024-07-18 13:39:57.775 [restartedMain] INFO  o.s.d.r.c.RepositoryConfigurationDelegate - Finished Spring Data repository scanning in 13 ms. Found 0 Redis repository interfaces.
2024-07-18 13:39:57.813 [restartedMain] INFO  c.n.b.g.config.LogNCrashAppender - log send run
2024-07-18 13:39:57.907 [restartedMain] INFO  o.s.cloud.context.scope.GenericScope - BeanFactory id=4fd8bb96-5966-3388-b18f-a8a77209c887
2024-07-18 13:39:57.949 [restartedMain] INFO  c.n.b.g.config.LogNCrashAppender - log send run
2024-07-18 13:39:58.222 [restartedMain] INFO  o.s.b.w.e.tomcat.TomcatWebServer - Tomcat initialized with port 8081 (http)
2024-07-18 13:39:58.351 [restartedMain] INFO  c.n.b.g.config.LogNCrashAppender - log send run
2024-07-18 13:39:58.399 [restartedMain] INFO  o.a.catalina.core.StandardService - Starting service [Tomcat]
2024-07-18 13:39:58.435 [restartedMain] INFO  c.n.b.g.config.LogNCrashAppender - log send run
2024-07-18 13:39:58.436 [restartedMain] INFO  o.a.catalina.core.StandardEngine - Starting Servlet engine: [Apache Tomcat/10.1.24]
2024-07-18 13:39:58.467 [restartedMain] INFO  c.n.b.g.config.LogNCrashAppender - log send run
2024-07-18 13:39:58.501 [restartedMain] INFO  o.a.c.c.C.[Tomcat].[localhost].[/] - Initializing Spring embedded WebApplicationContext
2024-07-18 13:39:58.545 [restartedMain] INFO  c.n.b.g.config.LogNCrashAppender - log send run
2024-07-18 13:39:58.546 [restartedMain] INFO  o.s.b.w.s.c.ServletWebServerApplicationContext - Root WebApplicationContext: initialization completed in 1336 ms
2024-07-18 13:39:58.588 [restartedMain] INFO  c.n.b.g.config.LogNCrashAppender - log send run
2024-07-18 13:39:58.985 [restartedMain] INFO  o.s.b.d.a.OptionalLiveReloadServer - LiveReload server is running on port 35729
2024-07-18 13:39:59.031 [restartedMain] INFO  c.n.b.g.config.LogNCrashAppender - log send run
2024-07-18 13:39:59.574 [restartedMain] INFO  o.s.b.a.w.s.WelcomePageHandlerMapping - Adding welcome page template: index
2024-07-18 13:39:59.615 [restartedMain] INFO  c.n.b.g.config.LogNCrashAppender - log send run
2024-07-18 13:39:59.701 [restartedMain] INFO  o.s.s.web.DefaultSecurityFilterChain - Will secure any request with [org.springframework.security.web.session.DisableEncodeUrlFilter@5007e35a, org.springframework.security.web.context.request.async.WebAsyncManagerIntegrationFilter@7480f128, org.springframework.security.web.context.SecurityContextHolderFilter@9a37f19, org.springframework.security.web.header.HeaderWriterFilter@2cf08df7, org.springframework.web.filter.CorsFilter@2b0fd346, org.springframework.security.web.authentication.logout.LogoutFilter@76a5ccef, org.springframework.security.web.savedrequest.RequestCacheAwareFilter@30696274, org.springframework.security.web.servletapi.SecurityContextHolderAwareRequestFilter@4cdb9f85, org.springframework.security.web.authentication.AnonymousAuthenticationFilter@2658f8ad, org.springframework.security.web.access.ExceptionTranslationFilter@7f207dc9, org.springframework.security.web.access.intercept.AuthorizationFilter@65fd14ee]
2024-07-18 13:39:59.731 [restartedMain] INFO  c.n.b.g.config.LogNCrashAppender - log send run
2024-07-18 13:40:00.320 [restartedMain] INFO  o.s.b.w.e.tomcat.TomcatWebServer - Tomcat started on port 8081 (http) with context path '/'
2024-07-18 13:40:00.406 [restartedMain] INFO  c.n.b.g.config.LogNCrashAppender - log send run
2024-07-18 13:40:00.422 [restartedMain] INFO  c.n.b.BookStoreFrontApplication - Started BookStoreFrontApplication in 3.595 seconds (process running for 254.365)
2024-07-18 13:40:00.424 [scheduling-1] INFO  c.n.b.global.config.CacheConfig - Refresh categoriesCache completed.
2024-07-18 13:40:00.457 [restartedMain] INFO  c.n.b.g.config.LogNCrashAppender - log send run
2024-07-18 13:40:00.470 [restartedMain] INFO  o.s.b.d.a.ConditionEvaluationDeltaLoggingListener - Condition evaluation unchanged
2024-07-18 13:40:00.509 [scheduling-1] INFO  c.n.b.g.config.LogNCrashAppender - log send run
2024-07-18 13:40:00.546 [restartedMain] INFO  c.n.b.g.config.LogNCrashAppender - log send run
2024-07-18 13:40:01.759 [File Watcher] INFO  o.s.b.d.a.LocalDevToolsAutoConfiguration$RestartingClassPathChangeChangedEventListener - Restarting due to 1 class path change (1 addition, 0 deletions, 0 modifications)
2024-07-18 13:40:01.802 [File Watcher] INFO  c.n.b.g.config.LogNCrashAppender - log send run
2024-07-18 13:40:02.181 [restartedMain] INFO  c.n.b.BookStoreFrontApplication - Starting BookStoreFrontApplication using Java 21.0.3 with PID 54536 (/Users/dlrudgjs/Desktop/GitHub/book-store-front/target/classes started by dlrudgjs in /Users/dlrudgjs/Desktop/GitHub/book-store-front)
2024-07-18 13:40:02.280 [restartedMain] INFO  c.n.b.g.config.LogNCrashAppender - log send run
2024-07-18 13:40:02.281 [restartedMain] INFO  c.n.b.BookStoreFrontApplication - The following 1 profile is active: "dev"
2024-07-18 13:40:02.339 [restartedMain] INFO  c.n.b.g.config.LogNCrashAppender - log send run
2024-07-18 13:40:02.582 [restartedMain] INFO  o.s.d.r.c.RepositoryConfigurationDelegate - Multiple Spring Data modules found, entering strict repository configuration mode
2024-07-18 13:40:02.625 [restartedMain] INFO  c.n.b.g.config.LogNCrashAppender - log send run
2024-07-18 13:40:02.625 [restartedMain] INFO  o.s.d.r.c.RepositoryConfigurationDelegate - Bootstrapping Spring Data Redis repositories in DEFAULT mode.
2024-07-18 13:40:02.654 [restartedMain] INFO  c.n.b.g.config.LogNCrashAppender - log send run
2024-07-18 13:40:02.668 [restartedMain] INFO  o.s.d.r.c.RepositoryConfigurationDelegate - Finished Spring Data repository scanning in 13 ms. Found 0 Redis repository interfaces.
2024-07-18 13:40:02.709 [restartedMain] INFO  c.n.b.g.config.LogNCrashAppender - log send run
2024-07-18 13:40:02.778 [restartedMain] INFO  o.s.cloud.context.scope.GenericScope - BeanFactory id=4fd8bb96-5966-3388-b18f-a8a77209c887
2024-07-18 13:40:02.820 [restartedMain] INFO  c.n.b.g.config.LogNCrashAppender - log send run
2024-07-18 13:40:02.972 [restartedMain] INFO  o.s.b.w.e.tomcat.TomcatWebServer - Tomcat initialized with port 8081 (http)
2024-07-18 13:40:03.005 [restartedMain] INFO  c.n.b.g.config.LogNCrashAppender - log send run
2024-07-18 13:40:03.007 [restartedMain] INFO  o.a.catalina.core.StandardService - Starting service [Tomcat]
2024-07-18 13:40:03.046 [restartedMain] INFO  c.n.b.g.config.LogNCrashAppender - log send run
2024-07-18 13:40:03.046 [restartedMain] INFO  o.a.catalina.core.StandardEngine - Starting Servlet engine: [Apache Tomcat/10.1.24]
2024-07-18 13:40:03.076 [restartedMain] INFO  c.n.b.g.config.LogNCrashAppender - log send run
2024-07-18 13:40:03.092 [restartedMain] INFO  o.a.c.c.C.[Tomcat].[localhost].[/] - Initializing Spring embedded WebApplicationContext
2024-07-18 13:40:03.119 [restartedMain] INFO  c.n.b.g.config.LogNCrashAppender - log send run
2024-07-18 13:40:03.119 [restartedMain] INFO  o.s.b.w.s.c.ServletWebServerApplicationContext - Root WebApplicationContext: initialization completed in 766 ms
2024-07-18 13:40:03.165 [restartedMain] INFO  c.n.b.g.config.LogNCrashAppender - log send run
2024-07-18 13:40:03.260 [restartedMain] INFO  o.s.b.d.a.OptionalLiveReloadServer - LiveReload server is running on port 35729
2024-07-18 13:40:03.302 [restartedMain] INFO  c.n.b.g.config.LogNCrashAppender - log send run
2024-07-18 13:40:04.011 [restartedMain] INFO  o.s.b.a.w.s.WelcomePageHandlerMapping - Adding welcome page template: index
2024-07-18 13:40:04.139 [restartedMain] INFO  c.n.b.g.config.LogNCrashAppender - log send run
2024-07-18 13:40:04.242 [restartedMain] INFO  o.s.s.web.DefaultSecurityFilterChain - Will secure any request with [org.springframework.security.web.session.DisableEncodeUrlFilter@6a1b97c, org.springframework.security.web.context.request.async.WebAsyncManagerIntegrationFilter@5702e27e, org.springframework.security.web.context.SecurityContextHolderFilter@7d82cd10, org.springframework.security.web.header.HeaderWriterFilter@3f070fac, org.springframework.web.filter.CorsFilter@15433fe7, org.springframework.security.web.authentication.logout.LogoutFilter@f3f786a, org.springframework.security.web.savedrequest.RequestCacheAwareFilter@2bf2e806, org.springframework.security.web.servletapi.SecurityContextHolderAwareRequestFilter@6343da0b, org.springframework.security.web.authentication.AnonymousAuthenticationFilter@a65b078, org.springframework.security.web.access.ExceptionTranslationFilter@2d4cb6ad, org.springframework.security.web.access.intercept.AuthorizationFilter@5259bc13]
2024-07-18 13:40:04.283 [restartedMain] INFO  c.n.b.g.config.LogNCrashAppender - log send run
2024-07-18 13:40:04.567 [restartedMain] INFO  o.s.b.w.e.tomcat.TomcatWebServer - Tomcat started on port 8081 (http) with context path '/'
2024-07-18 13:40:04.601 [restartedMain] INFO  c.n.b.g.config.LogNCrashAppender - log send run
2024-07-18 13:40:04.612 [restartedMain] INFO  c.n.b.BookStoreFrontApplication - Started BookStoreFrontApplication in 2.642 seconds (process running for 258.555)
2024-07-18 13:40:04.612 [scheduling-1] INFO  c.n.b.global.config.CacheConfig - Refresh categoriesCache completed.
2024-07-18 13:40:04.654 [restartedMain] INFO  c.n.b.g.config.LogNCrashAppender - log send run
2024-07-18 13:40:04.656 [restartedMain] INFO  o.s.b.d.a.ConditionEvaluationDeltaLoggingListener - Condition evaluation unchanged
2024-07-18 13:40:04.691 [scheduling-1] INFO  c.n.b.g.config.LogNCrashAppender - log send run
2024-07-18 13:40:04.724 [restartedMain] INFO  c.n.b.g.config.LogNCrashAppender - log send run
2024-07-18 13:40:05.399 [http-nio-8081-exec-4] INFO  o.a.c.c.C.[Tomcat].[localhost].[/] - Initializing Spring DispatcherServlet 'dispatcherServlet'
2024-07-18 13:40:05.435 [http-nio-8081-exec-4] INFO  c.n.b.g.config.LogNCrashAppender - log send run
2024-07-18 13:40:05.436 [http-nio-8081-exec-4] INFO  o.s.web.servlet.DispatcherServlet - Initializing Servlet 'dispatcherServlet'
2024-07-18 13:40:05.491 [http-nio-8081-exec-4] INFO  c.n.b.g.config.LogNCrashAppender - log send run
2024-07-18 13:40:05.494 [http-nio-8081-exec-4] INFO  o.s.web.servlet.DispatcherServlet - Completed initialization in 3 ms
2024-07-18 13:40:05.554 [http-nio-8081-exec-4] INFO  c.n.b.g.config.LogNCrashAppender - log send run
2024-07-18 13:41:18.998 [restartedMain] INFO  c.n.b.BookStoreFrontApplication - Starting BookStoreFrontApplication using Java 21.0.3 with PID 54656 (/Users/dlrudgjs/Desktop/GitHub/book-store-front/target/classes started by dlrudgjs in /Users/dlrudgjs/Desktop/GitHub/book-store-front)
2024-07-18 13:41:19.565 [restartedMain] INFO  c.n.b.g.config.LogNCrashAppender - log send run
2024-07-18 13:41:19.569 [restartedMain] INFO  c.n.b.BookStoreFrontApplication - The following 1 profile is active: "dev"
2024-07-18 13:41:19.606 [restartedMain] INFO  c.n.b.g.config.LogNCrashAppender - log send run
2024-07-18 13:41:19.656 [restartedMain] INFO  o.s.b.d.e.DevToolsPropertyDefaultsPostProcessor - Devtools property defaults active! Set 'spring.devtools.add-properties' to 'false' to disable
2024-07-18 13:41:19.687 [restartedMain] INFO  c.n.b.g.config.LogNCrashAppender - log send run
2024-07-18 13:41:19.687 [restartedMain] INFO  o.s.b.d.e.DevToolsPropertyDefaultsPostProcessor - For additional web related logging consider setting the 'logging.level.web' property to 'DEBUG'
2024-07-18 13:41:19.716 [restartedMain] INFO  c.n.b.g.config.LogNCrashAppender - log send run
2024-07-18 13:41:20.693 [restartedMain] INFO  o.s.d.r.c.RepositoryConfigurationDelegate - Multiple Spring Data modules found, entering strict repository configuration mode
2024-07-18 13:41:20.740 [restartedMain] INFO  c.n.b.g.config.LogNCrashAppender - log send run
2024-07-18 13:41:20.742 [restartedMain] INFO  o.s.d.r.c.RepositoryConfigurationDelegate - Bootstrapping Spring Data Redis repositories in DEFAULT mode.
2024-07-18 13:41:20.781 [restartedMain] INFO  c.n.b.g.config.LogNCrashAppender - log send run
2024-07-18 13:41:20.816 [restartedMain] INFO  o.s.d.r.c.RepositoryConfigurationDelegate - Finished Spring Data repository scanning in 24 ms. Found 0 Redis repository interfaces.
2024-07-18 13:41:20.845 [restartedMain] INFO  c.n.b.g.config.LogNCrashAppender - log send run
2024-07-18 13:41:21.083 [restartedMain] INFO  o.s.cloud.context.scope.GenericScope - BeanFactory id=ce21381e-3def-31fd-8743-1049c8701709
2024-07-18 13:41:21.126 [restartedMain] INFO  c.n.b.g.config.LogNCrashAppender - log send run
2024-07-18 13:41:21.815 [restartedMain] INFO  o.s.b.w.e.tomcat.TomcatWebServer - Tomcat initialized with port 8081 (http)
2024-07-18 13:41:21.854 [restartedMain] INFO  c.n.b.g.config.LogNCrashAppender - log send run
2024-07-18 13:41:21.866 [restartedMain] INFO  o.a.catalina.core.StandardService - Starting service [Tomcat]
2024-07-18 13:41:21.907 [restartedMain] INFO  c.n.b.g.config.LogNCrashAppender - log send run
2024-07-18 13:41:21.908 [restartedMain] INFO  o.a.catalina.core.StandardEngine - Starting Servlet engine: [Apache Tomcat/10.1.24]
2024-07-18 13:41:21.935 [restartedMain] INFO  c.n.b.g.config.LogNCrashAppender - log send run
2024-07-18 13:41:21.969 [restartedMain] INFO  o.a.c.c.C.[Tomcat].[localhost].[/] - Initializing Spring embedded WebApplicationContext
2024-07-18 13:41:22.013 [restartedMain] INFO  c.n.b.g.config.LogNCrashAppender - log send run
2024-07-18 13:41:22.014 [restartedMain] INFO  o.s.b.w.s.c.ServletWebServerApplicationContext - Root WebApplicationContext: initialization completed in 2296 ms
2024-07-18 13:41:22.046 [restartedMain] INFO  c.n.b.g.config.LogNCrashAppender - log send run
2024-07-18 13:41:22.432 [restartedMain] INFO  o.s.b.d.a.OptionalLiveReloadServer - LiveReload server is running on port 35729
2024-07-18 13:41:22.480 [restartedMain] INFO  c.n.b.g.config.LogNCrashAppender - log send run
2024-07-18 13:41:23.752 [restartedMain] INFO  o.s.b.a.w.s.WelcomePageHandlerMapping - Adding welcome page template: index
2024-07-18 13:41:23.824 [restartedMain] INFO  c.n.b.g.config.LogNCrashAppender - log send run
2024-07-18 13:41:23.954 [restartedMain] INFO  o.s.s.web.DefaultSecurityFilterChain - Will secure any request with [org.springframework.security.web.session.DisableEncodeUrlFilter@6bbe2aeb, org.springframework.security.web.context.request.async.WebAsyncManagerIntegrationFilter@7043b4dd, org.springframework.security.web.context.SecurityContextHolderFilter@947fd31, org.springframework.security.web.header.HeaderWriterFilter@6fcf6aa7, org.springframework.web.filter.CorsFilter@675ec173, org.springframework.security.web.authentication.logout.LogoutFilter@69c76f4d, org.springframework.security.web.savedrequest.RequestCacheAwareFilter@9f6446f, org.springframework.security.web.servletapi.SecurityContextHolderAwareRequestFilter@46cfee6b, org.springframework.security.web.authentication.AnonymousAuthenticationFilter@7e1198d3, org.springframework.security.web.access.ExceptionTranslationFilter@bd6590d, org.springframework.security.web.access.intercept.AuthorizationFilter@35c459c7]
2024-07-18 13:41:23.999 [restartedMain] INFO  c.n.b.g.config.LogNCrashAppender - log send run
2024-07-18 13:41:24.547 [restartedMain] INFO  o.s.b.w.e.tomcat.TomcatWebServer - Tomcat started on port 8081 (http) with context path '/'
2024-07-18 13:41:24.582 [restartedMain] INFO  c.n.b.g.config.LogNCrashAppender - log send run
2024-07-18 13:41:24.593 [restartedMain] INFO  c.n.b.BookStoreFrontApplication - Started BookStoreFrontApplication in 6.43 seconds (process running for 12.258)
2024-07-18 13:41:24.594 [scheduling-1] INFO  c.n.b.global.config.CacheConfig - Refresh categoriesCache completed.
2024-07-18 13:41:24.633 [restartedMain] INFO  c.n.b.g.config.LogNCrashAppender - log send run
2024-07-18 13:41:24.661 [scheduling-1] INFO  c.n.b.g.config.LogNCrashAppender - log send run
2024-07-18 13:41:24.820 [http-nio-8081-exec-1] INFO  o.a.c.c.C.[Tomcat].[localhost].[/] - Initializing Spring DispatcherServlet 'dispatcherServlet'
2024-07-18 13:41:24.861 [http-nio-8081-exec-1] INFO  c.n.b.g.config.LogNCrashAppender - log send run
2024-07-18 13:41:24.862 [http-nio-8081-exec-1] INFO  o.s.web.servlet.DispatcherServlet - Initializing Servlet 'dispatcherServlet'
2024-07-18 13:41:24.890 [http-nio-8081-exec-1] INFO  c.n.b.g.config.LogNCrashAppender - log send run
2024-07-18 13:41:24.891 [http-nio-8081-exec-1] INFO  o.s.web.servlet.DispatcherServlet - Completed initialization in 1 ms
2024-07-18 13:41:24.923 [http-nio-8081-exec-1] INFO  c.n.b.g.config.LogNCrashAppender - log send run
2024-07-18 13:44:28.304 [http-nio-8081-exec-8] INFO  c.n.b.g.config.LogNCrashAppender - log send run
2024-07-18 13:45:50.854 [restartedMain] INFO  c.n.b.BookStoreFrontApplication - Starting BookStoreFrontApplication using Java 21.0.3 with PID 54872 (/Users/dlrudgjs/Desktop/GitHub/book-store-front/target/classes started by dlrudgjs in /Users/dlrudgjs/Desktop/GitHub/book-store-front)
2024-07-18 13:45:51.417 [restartedMain] INFO  c.n.b.g.config.LogNCrashAppender - log send run
2024-07-18 13:45:51.421 [restartedMain] INFO  c.n.b.BookStoreFrontApplication - The following 1 profile is active: "dev"
2024-07-18 13:45:51.437 [restartedMain] INFO  c.n.b.g.config.LogNCrashAppender - log send run
2024-07-18 13:45:51.488 [restartedMain] INFO  o.s.b.d.e.DevToolsPropertyDefaultsPostProcessor - Devtools property defaults active! Set 'spring.devtools.add-properties' to 'false' to disable
2024-07-18 13:45:51.500 [restartedMain] INFO  c.n.b.g.config.LogNCrashAppender - log send run
2024-07-18 13:45:51.500 [restartedMain] INFO  o.s.b.d.e.DevToolsPropertyDefaultsPostProcessor - For additional web related logging consider setting the 'logging.level.web' property to 'DEBUG'
2024-07-18 13:45:51.511 [restartedMain] INFO  c.n.b.g.config.LogNCrashAppender - log send run
2024-07-18 13:45:52.289 [restartedMain] INFO  o.s.d.r.c.RepositoryConfigurationDelegate - Multiple Spring Data modules found, entering strict repository configuration mode
2024-07-18 13:45:52.302 [restartedMain] INFO  c.n.b.g.config.LogNCrashAppender - log send run
2024-07-18 13:45:52.304 [restartedMain] INFO  o.s.d.r.c.RepositoryConfigurationDelegate - Bootstrapping Spring Data Redis repositories in DEFAULT mode.
2024-07-18 13:45:52.315 [restartedMain] INFO  c.n.b.g.config.LogNCrashAppender - log send run
2024-07-18 13:45:52.348 [restartedMain] INFO  o.s.d.r.c.RepositoryConfigurationDelegate - Finished Spring Data repository scanning in 23 ms. Found 0 Redis repository interfaces.
2024-07-18 13:45:52.359 [restartedMain] INFO  c.n.b.g.config.LogNCrashAppender - log send run
2024-07-18 13:45:52.587 [restartedMain] INFO  o.s.cloud.context.scope.GenericScope - BeanFactory id=ce21381e-3def-31fd-8743-1049c8701709
2024-07-18 13:45:52.599 [restartedMain] INFO  c.n.b.g.config.LogNCrashAppender - log send run
2024-07-18 13:45:53.205 [restartedMain] INFO  o.s.b.w.e.tomcat.TomcatWebServer - Tomcat initialized with port 8081 (http)
2024-07-18 13:45:53.217 [restartedMain] INFO  c.n.b.g.config.LogNCrashAppender - log send run
2024-07-18 13:45:53.226 [restartedMain] INFO  o.a.catalina.core.StandardService - Starting service [Tomcat]
2024-07-18 13:45:53.236 [restartedMain] INFO  c.n.b.g.config.LogNCrashAppender - log send run
2024-07-18 13:45:53.237 [restartedMain] INFO  o.a.catalina.core.StandardEngine - Starting Servlet engine: [Apache Tomcat/10.1.24]
2024-07-18 13:45:53.248 [restartedMain] INFO  c.n.b.g.config.LogNCrashAppender - log send run
2024-07-18 13:45:53.282 [restartedMain] INFO  o.a.c.c.C.[Tomcat].[localhost].[/] - Initializing Spring embedded WebApplicationContext
2024-07-18 13:45:53.295 [restartedMain] INFO  c.n.b.g.config.LogNCrashAppender - log send run
2024-07-18 13:45:53.296 [restartedMain] INFO  o.s.b.w.s.c.ServletWebServerApplicationContext - Root WebApplicationContext: initialization completed in 1783 ms
2024-07-18 13:45:53.306 [restartedMain] INFO  c.n.b.g.config.LogNCrashAppender - log send run
2024-07-18 13:45:53.620 [restartedMain] INFO  o.s.b.d.a.OptionalLiveReloadServer - LiveReload server is running on port 35729
2024-07-18 13:45:53.632 [restartedMain] INFO  c.n.b.g.config.LogNCrashAppender - log send run
2024-07-18 13:45:55.020 [restartedMain] INFO  o.s.b.a.w.s.WelcomePageHandlerMapping - Adding welcome page template: index
2024-07-18 13:45:55.049 [restartedMain] INFO  c.n.b.g.config.LogNCrashAppender - log send run
2024-07-18 13:45:55.230 [restartedMain] INFO  o.s.s.web.DefaultSecurityFilterChain - Will secure any request with [org.springframework.security.web.session.DisableEncodeUrlFilter@4c46a6d8, org.springframework.security.web.context.request.async.WebAsyncManagerIntegrationFilter@47b4a5a, org.springframework.security.web.context.SecurityContextHolderFilter@7c599e2e, org.springframework.security.web.header.HeaderWriterFilter@4618247e, org.springframework.web.filter.CorsFilter@68c965c8, org.springframework.security.web.authentication.logout.LogoutFilter@6465d9cd, org.springframework.security.web.savedrequest.RequestCacheAwareFilter@12164c90, org.springframework.security.web.servletapi.SecurityContextHolderAwareRequestFilter@666df78f, org.springframework.security.web.authentication.AnonymousAuthenticationFilter@4099a3ca, org.springframework.security.web.access.ExceptionTranslationFilter@273104c5, org.springframework.security.web.access.intercept.AuthorizationFilter@64d101fc]
2024-07-18 13:45:55.243 [restartedMain] INFO  c.n.b.g.config.LogNCrashAppender - log send run
2024-07-18 13:45:56.087 [restartedMain] INFO  o.s.b.w.e.tomcat.TomcatWebServer - Tomcat started on port 8081 (http) with context path '/'
2024-07-18 13:45:56.101 [restartedMain] INFO  c.n.b.g.config.LogNCrashAppender - log send run
2024-07-18 13:45:56.112 [restartedMain] INFO  c.n.b.BookStoreFrontApplication - Started BookStoreFrontApplication in 6.079 seconds (process running for 11.921)
2024-07-18 13:45:56.113 [scheduling-1] INFO  c.n.b.global.config.CacheConfig - Refresh categoriesCache completed.
2024-07-18 13:45:56.122 [restartedMain] INFO  c.n.b.g.config.LogNCrashAppender - log send run
2024-07-18 13:45:56.133 [scheduling-1] INFO  c.n.b.g.config.LogNCrashAppender - log send run
2024-07-18 13:46:29.755 [http-nio-8081-exec-1] INFO  o.a.c.c.C.[Tomcat].[localhost].[/] - Initializing Spring DispatcherServlet 'dispatcherServlet'
2024-07-18 13:46:29.804 [http-nio-8081-exec-1] INFO  c.n.b.g.config.LogNCrashAppender - log send run
2024-07-18 13:46:29.805 [http-nio-8081-exec-1] INFO  o.s.web.servlet.DispatcherServlet - Initializing Servlet 'dispatcherServlet'
2024-07-18 13:46:29.816 [http-nio-8081-exec-1] INFO  c.n.b.g.config.LogNCrashAppender - log send run
2024-07-18 13:46:29.820 [http-nio-8081-exec-1] INFO  o.s.web.servlet.DispatcherServlet - Completed initialization in 4 ms
2024-07-18 13:46:29.831 [http-nio-8081-exec-1] INFO  c.n.b.g.config.LogNCrashAppender - log send run
2024-07-18 13:46:30.088 [http-nio-8081-exec-1] INFO  c.n.b.g.config.LogNCrashAppender - log send run
2024-07-18 13:48:59.216 [http-nio-8081-exec-5] INFO  c.n.b.g.config.LogNCrashAppender - log send run
2024-07-18 13:49:01.987 [http-nio-8081-exec-6] INFO  c.n.b.g.config.LogNCrashAppender - log send run
2024-07-18 13:49:09.723 [http-nio-8081-exec-8] INFO  c.n.b.g.config.LogNCrashAppender - log send run
2024-07-18 13:49:23.937 [http-nio-8081-exec-9] INFO  c.n.b.g.config.LogNCrashAppender - log send run
2024-07-18 13:50:56.118 [scheduling-1] INFO  c.n.b.global.config.CacheConfig - Refresh categoriesCache completed.
2024-07-18 13:50:56.389 [scheduling-1] INFO  c.n.b.g.config.LogNCrashAppender - log send run
2024-07-18 13:53:36.976 [File Watcher] INFO  o.s.b.d.a.LocalDevToolsAutoConfiguration$RestartingClassPathChangeChangedEventListener - Restarting due to 1 class path change (0 additions, 1 deletion, 0 modifications)
2024-07-18 13:53:37.127 [File Watcher] INFO  c.n.b.g.config.LogNCrashAppender - log send run
2024-07-18 13:53:37.651 [restartedMain] INFO  c.n.b.BookStoreFrontApplication - Starting BookStoreFrontApplication using Java 21.0.3 with PID 54872 (/Users/dlrudgjs/Desktop/GitHub/book-store-front/target/classes started by dlrudgjs in /Users/dlrudgjs/Desktop/GitHub/book-store-front)
2024-07-18 13:53:37.688 [restartedMain] INFO  c.n.b.g.config.LogNCrashAppender - log send run
2024-07-18 13:53:37.689 [restartedMain] INFO  c.n.b.BookStoreFrontApplication - The following 1 profile is active: "dev"
2024-07-18 13:53:37.702 [restartedMain] INFO  c.n.b.g.config.LogNCrashAppender - log send run
2024-07-18 13:53:38.128 [restartedMain] INFO  o.s.d.r.c.RepositoryConfigurationDelegate - Multiple Spring Data modules found, entering strict repository configuration mode
2024-07-18 13:53:38.140 [restartedMain] INFO  c.n.b.g.config.LogNCrashAppender - log send run
2024-07-18 13:53:38.140 [restartedMain] INFO  o.s.d.r.c.RepositoryConfigurationDelegate - Bootstrapping Spring Data Redis repositories in DEFAULT mode.
2024-07-18 13:53:38.151 [restartedMain] INFO  c.n.b.g.config.LogNCrashAppender - log send run
2024-07-18 13:53:38.164 [restartedMain] INFO  o.s.d.r.c.RepositoryConfigurationDelegate - Finished Spring Data repository scanning in 12 ms. Found 0 Redis repository interfaces.
2024-07-18 13:53:38.175 [restartedMain] INFO  c.n.b.g.config.LogNCrashAppender - log send run
2024-07-18 13:53:38.271 [restartedMain] INFO  o.s.cloud.context.scope.GenericScope - BeanFactory id=ce21381e-3def-31fd-8743-1049c8701709
2024-07-18 13:53:38.281 [restartedMain] INFO  c.n.b.g.config.LogNCrashAppender - log send run
2024-07-18 13:53:38.569 [restartedMain] INFO  o.s.b.w.e.tomcat.TomcatWebServer - Tomcat initialized with port 8081 (http)
2024-07-18 13:53:38.629 [restartedMain] INFO  c.n.b.g.config.LogNCrashAppender - log send run
2024-07-18 13:53:38.680 [restartedMain] INFO  o.a.catalina.core.StandardService - Starting service [Tomcat]
2024-07-18 13:53:38.693 [restartedMain] INFO  c.n.b.g.config.LogNCrashAppender - log send run
2024-07-18 13:53:38.694 [restartedMain] INFO  o.a.catalina.core.StandardEngine - Starting Servlet engine: [Apache Tomcat/10.1.24]
2024-07-18 13:53:38.710 [restartedMain] INFO  c.n.b.g.config.LogNCrashAppender - log send run
2024-07-18 13:53:38.745 [restartedMain] INFO  o.a.c.c.C.[Tomcat].[localhost].[/] - Initializing Spring embedded WebApplicationContext
2024-07-18 13:53:38.756 [restartedMain] INFO  c.n.b.g.config.LogNCrashAppender - log send run
2024-07-18 13:53:38.757 [restartedMain] INFO  o.s.b.w.s.c.ServletWebServerApplicationContext - Root WebApplicationContext: initialization completed in 1036 ms
2024-07-18 13:53:38.767 [restartedMain] INFO  c.n.b.g.config.LogNCrashAppender - log send run
2024-07-18 13:53:39.153 [restartedMain] INFO  o.s.b.d.a.OptionalLiveReloadServer - LiveReload server is running on port 35729
2024-07-18 13:53:39.166 [restartedMain] INFO  c.n.b.g.config.LogNCrashAppender - log send run
2024-07-18 13:53:39.793 [restartedMain] INFO  o.s.b.a.w.s.WelcomePageHandlerMapping - Adding welcome page template: index
2024-07-18 13:53:39.806 [restartedMain] INFO  c.n.b.g.config.LogNCrashAppender - log send run
2024-07-18 13:53:39.899 [restartedMain] INFO  o.s.s.web.DefaultSecurityFilterChain - Will secure any request with [org.springframework.security.web.session.DisableEncodeUrlFilter@dbef2e8, org.springframework.security.web.context.request.async.WebAsyncManagerIntegrationFilter@15e566d2, org.springframework.security.web.context.SecurityContextHolderFilter@1e7df32d, org.springframework.security.web.header.HeaderWriterFilter@401809f4, org.springframework.web.filter.CorsFilter@448a3fa2, org.springframework.security.web.authentication.logout.LogoutFilter@4927232a, org.springframework.security.web.savedrequest.RequestCacheAwareFilter@7ba0d46b, org.springframework.security.web.servletapi.SecurityContextHolderAwareRequestFilter@3865b2db, org.springframework.security.web.authentication.AnonymousAuthenticationFilter@6f5bc89, org.springframework.security.web.access.ExceptionTranslationFilter@1e3ba7bb, org.springframework.security.web.access.intercept.AuthorizationFilter@2c8dd60c]
2024-07-18 13:53:39.910 [restartedMain] INFO  c.n.b.g.config.LogNCrashAppender - log send run
2024-07-18 13:53:40.492 [restartedMain] INFO  o.s.b.w.e.tomcat.TomcatWebServer - Tomcat started on port 8081 (http) with context path '/'
2024-07-18 13:53:40.537 [restartedMain] INFO  c.n.b.g.config.LogNCrashAppender - log send run
2024-07-18 13:53:40.551 [restartedMain] INFO  c.n.b.BookStoreFrontApplication - Started BookStoreFrontApplication in 3.147 seconds (process running for 476.368)
2024-07-18 13:53:40.554 [scheduling-1] INFO  c.n.b.global.config.CacheConfig - Refresh categoriesCache completed.
2024-07-18 13:53:40.566 [restartedMain] INFO  c.n.b.g.config.LogNCrashAppender - log send run
2024-07-18 13:53:40.576 [scheduling-1] INFO  c.n.b.g.config.LogNCrashAppender - log send run
2024-07-18 13:53:40.578 [restartedMain] INFO  o.s.b.d.a.ConditionEvaluationDeltaLoggingListener - Condition evaluation unchanged
2024-07-18 13:53:40.588 [restartedMain] INFO  c.n.b.g.config.LogNCrashAppender - log send run
2024-07-18 13:53:41.944 [File Watcher] INFO  o.s.b.d.a.LocalDevToolsAutoConfiguration$RestartingClassPathChangeChangedEventListener - Restarting due to 1 class path change (1 addition, 0 deletions, 0 modifications)
2024-07-18 13:53:41.962 [File Watcher] INFO  c.n.b.g.config.LogNCrashAppender - log send run
2024-07-18 13:53:42.351 [restartedMain] INFO  c.n.b.BookStoreFrontApplication - Starting BookStoreFrontApplication using Java 21.0.3 with PID 54872 (/Users/dlrudgjs/Desktop/GitHub/book-store-front/target/classes started by dlrudgjs in /Users/dlrudgjs/Desktop/GitHub/book-store-front)
2024-07-18 13:53:42.390 [restartedMain] INFO  c.n.b.g.config.LogNCrashAppender - log send run
2024-07-18 13:53:42.390 [restartedMain] INFO  c.n.b.BookStoreFrontApplication - The following 1 profile is active: "dev"
2024-07-18 13:53:42.401 [restartedMain] INFO  c.n.b.g.config.LogNCrashAppender - log send run
2024-07-18 13:53:42.649 [restartedMain] INFO  o.s.d.r.c.RepositoryConfigurationDelegate - Multiple Spring Data modules found, entering strict repository configuration mode
2024-07-18 13:53:42.661 [restartedMain] INFO  c.n.b.g.config.LogNCrashAppender - log send run
2024-07-18 13:53:42.661 [restartedMain] INFO  o.s.d.r.c.RepositoryConfigurationDelegate - Bootstrapping Spring Data Redis repositories in DEFAULT mode.
2024-07-18 13:53:42.672 [restartedMain] INFO  c.n.b.g.config.LogNCrashAppender - log send run
2024-07-18 13:53:42.683 [restartedMain] INFO  o.s.d.r.c.RepositoryConfigurationDelegate - Finished Spring Data repository scanning in 11 ms. Found 0 Redis repository interfaces.
2024-07-18 13:53:42.694 [restartedMain] INFO  c.n.b.g.config.LogNCrashAppender - log send run
2024-07-18 13:53:42.766 [restartedMain] INFO  o.s.cloud.context.scope.GenericScope - BeanFactory id=ce21381e-3def-31fd-8743-1049c8701709
2024-07-18 13:53:42.778 [restartedMain] INFO  c.n.b.g.config.LogNCrashAppender - log send run
2024-07-18 13:53:43.007 [restartedMain] INFO  o.s.b.w.e.tomcat.TomcatWebServer - Tomcat initialized with port 8081 (http)
2024-07-18 13:53:43.108 [restartedMain] INFO  c.n.b.g.config.LogNCrashAppender - log send run
2024-07-18 13:53:43.119 [restartedMain] INFO  o.a.catalina.core.StandardService - Starting service [Tomcat]
2024-07-18 13:53:43.131 [restartedMain] INFO  c.n.b.g.config.LogNCrashAppender - log send run
2024-07-18 13:53:43.132 [restartedMain] INFO  o.a.catalina.core.StandardEngine - Starting Servlet engine: [Apache Tomcat/10.1.24]
2024-07-18 13:53:43.142 [restartedMain] INFO  c.n.b.g.config.LogNCrashAppender - log send run
2024-07-18 13:53:43.171 [restartedMain] INFO  o.a.c.c.C.[Tomcat].[localhost].[/] - Initializing Spring embedded WebApplicationContext
2024-07-18 13:53:43.181 [restartedMain] INFO  c.n.b.g.config.LogNCrashAppender - log send run
2024-07-18 13:53:43.182 [restartedMain] INFO  o.s.b.w.s.c.ServletWebServerApplicationContext - Root WebApplicationContext: initialization completed in 766 ms
2024-07-18 13:53:43.192 [restartedMain] INFO  c.n.b.g.config.LogNCrashAppender - log send run
2024-07-18 13:53:43.546 [restartedMain] INFO  o.s.b.d.a.OptionalLiveReloadServer - LiveReload server is running on port 35729
2024-07-18 13:53:43.559 [restartedMain] INFO  c.n.b.g.config.LogNCrashAppender - log send run
2024-07-18 13:53:44.046 [restartedMain] INFO  o.s.b.a.w.s.WelcomePageHandlerMapping - Adding welcome page template: index
2024-07-18 13:53:44.062 [restartedMain] INFO  c.n.b.g.config.LogNCrashAppender - log send run
2024-07-18 13:53:44.129 [restartedMain] INFO  o.s.s.web.DefaultSecurityFilterChain - Will secure any request with [org.springframework.security.web.session.DisableEncodeUrlFilter@6e807128, org.springframework.security.web.context.request.async.WebAsyncManagerIntegrationFilter@59c1663f, org.springframework.security.web.context.SecurityContextHolderFilter@738d3ef7, org.springframework.security.web.header.HeaderWriterFilter@465eb1e8, org.springframework.web.filter.CorsFilter@33a5a116, org.springframework.security.web.authentication.logout.LogoutFilter@5f84b3cf, org.springframework.security.web.savedrequest.RequestCacheAwareFilter@619e7984, org.springframework.security.web.servletapi.SecurityContextHolderAwareRequestFilter@768679cb, org.springframework.security.web.authentication.AnonymousAuthenticationFilter@79558eb, org.springframework.security.web.access.ExceptionTranslationFilter@30d4fb7f, org.springframework.security.web.access.intercept.AuthorizationFilter@4bdffb62]
2024-07-18 13:53:44.140 [restartedMain] INFO  c.n.b.g.config.LogNCrashAppender - log send run
2024-07-18 13:53:44.649 [restartedMain] INFO  o.s.b.w.e.tomcat.TomcatWebServer - Tomcat started on port 8081 (http) with context path '/'
2024-07-18 13:53:44.698 [restartedMain] INFO  c.n.b.g.config.LogNCrashAppender - log send run
2024-07-18 13:53:44.712 [restartedMain] INFO  c.n.b.BookStoreFrontApplication - Started BookStoreFrontApplication in 2.576 seconds (process running for 480.528)
2024-07-18 13:53:44.725 [scheduling-1] INFO  c.n.b.global.config.CacheConfig - Refresh categoriesCache completed.
2024-07-18 13:53:44.733 [restartedMain] INFO  c.n.b.g.config.LogNCrashAppender - log send run
2024-07-18 13:53:44.738 [restartedMain] INFO  o.s.b.d.a.ConditionEvaluationDeltaLoggingListener - Condition evaluation unchanged
2024-07-18 13:53:44.751 [scheduling-1] INFO  c.n.b.g.config.LogNCrashAppender - log send run
2024-07-18 13:53:44.766 [restartedMain] INFO  c.n.b.g.config.LogNCrashAppender - log send run
2024-07-18 13:58:03.156 [File Watcher] INFO  o.s.b.d.a.LocalDevToolsAutoConfiguration$RestartingClassPathChangeChangedEventListener - Restarting due to 1 class path change (0 additions, 1 deletion, 0 modifications)
2024-07-18 13:58:03.552 [File Watcher] INFO  c.n.b.g.config.LogNCrashAppender - log send run
2024-07-18 13:58:04.155 [restartedMain] INFO  c.n.b.BookStoreFrontApplication - Starting BookStoreFrontApplication using Java 21.0.3 with PID 54872 (/Users/dlrudgjs/Desktop/GitHub/book-store-front/target/classes started by dlrudgjs in /Users/dlrudgjs/Desktop/GitHub/book-store-front)
2024-07-18 13:58:04.204 [restartedMain] INFO  c.n.b.g.config.LogNCrashAppender - log send run
2024-07-18 13:58:04.205 [restartedMain] INFO  c.n.b.BookStoreFrontApplication - The following 1 profile is active: "dev"
2024-07-18 13:58:04.217 [restartedMain] INFO  c.n.b.g.config.LogNCrashAppender - log send run
2024-07-18 13:58:04.601 [restartedMain] INFO  o.s.d.r.c.RepositoryConfigurationDelegate - Multiple Spring Data modules found, entering strict repository configuration mode
2024-07-18 13:58:04.614 [restartedMain] INFO  c.n.b.g.config.LogNCrashAppender - log send run
2024-07-18 13:58:04.614 [restartedMain] INFO  o.s.d.r.c.RepositoryConfigurationDelegate - Bootstrapping Spring Data Redis repositories in DEFAULT mode.
2024-07-18 13:58:04.650 [restartedMain] INFO  c.n.b.g.config.LogNCrashAppender - log send run
2024-07-18 13:58:04.673 [restartedMain] INFO  o.s.d.r.c.RepositoryConfigurationDelegate - Finished Spring Data repository scanning in 20 ms. Found 0 Redis repository interfaces.
2024-07-18 13:58:04.687 [restartedMain] INFO  c.n.b.g.config.LogNCrashAppender - log send run
2024-07-18 13:58:04.793 [restartedMain] INFO  o.s.cloud.context.scope.GenericScope - BeanFactory id=ce21381e-3def-31fd-8743-1049c8701709
2024-07-18 13:58:04.809 [restartedMain] INFO  c.n.b.g.config.LogNCrashAppender - log send run
2024-07-18 13:58:05.176 [restartedMain] INFO  o.s.b.w.e.tomcat.TomcatWebServer - Tomcat initialized with port 8081 (http)
2024-07-18 13:58:05.267 [restartedMain] INFO  c.n.b.g.config.LogNCrashAppender - log send run
2024-07-18 13:58:05.322 [restartedMain] INFO  o.a.catalina.core.StandardService - Starting service [Tomcat]
2024-07-18 13:58:05.338 [restartedMain] INFO  c.n.b.g.config.LogNCrashAppender - log send run
2024-07-18 13:58:05.338 [restartedMain] INFO  o.a.catalina.core.StandardEngine - Starting Servlet engine: [Apache Tomcat/10.1.24]
2024-07-18 13:58:05.350 [restartedMain] INFO  c.n.b.g.config.LogNCrashAppender - log send run
2024-07-18 13:58:05.387 [restartedMain] INFO  o.a.c.c.C.[Tomcat].[localhost].[/] - Initializing Spring embedded WebApplicationContext
2024-07-18 13:58:05.399 [restartedMain] INFO  c.n.b.g.config.LogNCrashAppender - log send run
2024-07-18 13:58:05.399 [restartedMain] INFO  o.s.b.w.s.c.ServletWebServerApplicationContext - Root WebApplicationContext: initialization completed in 1165 ms
2024-07-18 13:58:05.413 [restartedMain] INFO  c.n.b.g.config.LogNCrashAppender - log send run
2024-07-18 13:58:05.808 [restartedMain] INFO  o.s.b.d.a.OptionalLiveReloadServer - LiveReload server is running on port 35729
2024-07-18 13:58:05.822 [restartedMain] INFO  c.n.b.g.config.LogNCrashAppender - log send run
2024-07-18 13:58:06.299 [restartedMain] INFO  o.s.b.a.w.s.WelcomePageHandlerMapping - Adding welcome page template: index
2024-07-18 13:58:06.312 [restartedMain] INFO  c.n.b.g.config.LogNCrashAppender - log send run
2024-07-18 13:58:06.371 [restartedMain] INFO  o.s.s.web.DefaultSecurityFilterChain - Will secure any request with [org.springframework.security.web.session.DisableEncodeUrlFilter@140b5e5f, org.springframework.security.web.context.request.async.WebAsyncManagerIntegrationFilter@e31dad5, org.springframework.security.web.context.SecurityContextHolderFilter@2c485d2d, org.springframework.security.web.header.HeaderWriterFilter@9a4946, org.springframework.web.filter.CorsFilter@2ec61688, org.springframework.security.web.authentication.logout.LogoutFilter@2f37192f, org.springframework.security.web.savedrequest.RequestCacheAwareFilter@1cbc5f3d, org.springframework.security.web.servletapi.SecurityContextHolderAwareRequestFilter@13fa2e58, org.springframework.security.web.authentication.AnonymousAuthenticationFilter@398e50f2, org.springframework.security.web.access.ExceptionTranslationFilter@14d36359, org.springframework.security.web.access.intercept.AuthorizationFilter@403aecbe]
2024-07-18 13:58:06.383 [restartedMain] INFO  c.n.b.g.config.LogNCrashAppender - log send run
2024-07-18 13:58:06.982 [restartedMain] INFO  o.s.b.w.e.tomcat.TomcatWebServer - Tomcat started on port 8081 (http) with context path '/'
2024-07-18 13:58:07.076 [restartedMain] INFO  c.n.b.g.config.LogNCrashAppender - log send run
2024-07-18 13:58:07.094 [restartedMain] INFO  c.n.b.BookStoreFrontApplication - Started BookStoreFrontApplication in 3.267 seconds (process running for 742.914)
2024-07-18 13:58:07.095 [scheduling-1] INFO  c.n.b.global.config.CacheConfig - Refresh categoriesCache completed.
2024-07-18 13:58:07.107 [restartedMain] INFO  c.n.b.g.config.LogNCrashAppender - log send run
2024-07-18 13:58:07.109 [restartedMain] INFO  o.s.b.d.a.ConditionEvaluationDeltaLoggingListener - Condition evaluation unchanged
2024-07-18 13:58:07.119 [scheduling-1] INFO  c.n.b.g.config.LogNCrashAppender - log send run
2024-07-18 13:58:07.131 [restartedMain] INFO  c.n.b.g.config.LogNCrashAppender - log send run
2024-07-18 13:58:08.421 [File Watcher] INFO  o.s.b.d.a.LocalDevToolsAutoConfiguration$RestartingClassPathChangeChangedEventListener - Restarting due to 1 class path change (1 addition, 0 deletions, 0 modifications)
2024-07-18 13:58:08.438 [File Watcher] INFO  c.n.b.g.config.LogNCrashAppender - log send run
2024-07-18 13:58:08.842 [restartedMain] INFO  c.n.b.BookStoreFrontApplication - Starting BookStoreFrontApplication using Java 21.0.3 with PID 54872 (/Users/dlrudgjs/Desktop/GitHub/book-store-front/target/classes started by dlrudgjs in /Users/dlrudgjs/Desktop/GitHub/book-store-front)
2024-07-18 13:58:08.894 [restartedMain] INFO  c.n.b.g.config.LogNCrashAppender - log send run
2024-07-18 13:58:08.895 [restartedMain] INFO  c.n.b.BookStoreFrontApplication - The following 1 profile is active: "dev"
2024-07-18 13:58:08.907 [restartedMain] INFO  c.n.b.g.config.LogNCrashAppender - log send run
2024-07-18 13:58:09.151 [restartedMain] INFO  o.s.d.r.c.RepositoryConfigurationDelegate - Multiple Spring Data modules found, entering strict repository configuration mode
2024-07-18 13:58:09.163 [restartedMain] INFO  c.n.b.g.config.LogNCrashAppender - log send run
2024-07-18 13:58:09.163 [restartedMain] INFO  o.s.d.r.c.RepositoryConfigurationDelegate - Bootstrapping Spring Data Redis repositories in DEFAULT mode.
2024-07-18 13:58:09.173 [restartedMain] INFO  c.n.b.g.config.LogNCrashAppender - log send run
2024-07-18 13:58:09.185 [restartedMain] INFO  o.s.d.r.c.RepositoryConfigurationDelegate - Finished Spring Data repository scanning in 10 ms. Found 0 Redis repository interfaces.
2024-07-18 13:58:09.195 [restartedMain] INFO  c.n.b.g.config.LogNCrashAppender - log send run
2024-07-18 13:58:09.265 [restartedMain] INFO  o.s.cloud.context.scope.GenericScope - BeanFactory id=ce21381e-3def-31fd-8743-1049c8701709
2024-07-18 13:58:09.277 [restartedMain] INFO  c.n.b.g.config.LogNCrashAppender - log send run
2024-07-18 13:58:09.439 [restartedMain] INFO  o.s.b.w.e.tomcat.TomcatWebServer - Tomcat initialized with port 8081 (http)
2024-07-18 13:58:09.451 [restartedMain] INFO  c.n.b.g.config.LogNCrashAppender - log send run
2024-07-18 13:58:09.455 [restartedMain] INFO  o.a.catalina.core.StandardService - Starting service [Tomcat]
2024-07-18 13:58:09.465 [restartedMain] INFO  c.n.b.g.config.LogNCrashAppender - log send run
2024-07-18 13:58:09.465 [restartedMain] INFO  o.a.catalina.core.StandardEngine - Starting Servlet engine: [Apache Tomcat/10.1.24]
2024-07-18 13:58:09.475 [restartedMain] INFO  c.n.b.g.config.LogNCrashAppender - log send run
2024-07-18 13:58:09.583 [restartedMain] INFO  o.a.c.c.C.[Tomcat].[localhost].[/] - Initializing Spring embedded WebApplicationContext
2024-07-18 13:58:09.653 [restartedMain] INFO  c.n.b.g.config.LogNCrashAppender - log send run
2024-07-18 13:58:09.654 [restartedMain] INFO  o.s.b.w.s.c.ServletWebServerApplicationContext - Root WebApplicationContext: initialization completed in 733 ms
2024-07-18 13:58:09.668 [restartedMain] INFO  c.n.b.g.config.LogNCrashAppender - log send run
2024-07-18 13:58:10.045 [restartedMain] INFO  o.s.b.d.a.OptionalLiveReloadServer - LiveReload server is running on port 35729
2024-07-18 13:58:10.061 [restartedMain] INFO  c.n.b.g.config.LogNCrashAppender - log send run
2024-07-18 13:58:10.523 [restartedMain] INFO  o.s.b.a.w.s.WelcomePageHandlerMapping - Adding welcome page template: index
2024-07-18 13:58:10.536 [restartedMain] INFO  c.n.b.g.config.LogNCrashAppender - log send run
2024-07-18 13:58:10.601 [restartedMain] INFO  o.s.s.web.DefaultSecurityFilterChain - Will secure any request with [org.springframework.security.web.session.DisableEncodeUrlFilter@7e909ab4, org.springframework.security.web.context.request.async.WebAsyncManagerIntegrationFilter@2a92613a, org.springframework.security.web.context.SecurityContextHolderFilter@41ffbd7b, org.springframework.security.web.header.HeaderWriterFilter@8f5694d, org.springframework.web.filter.CorsFilter@51e6f386, org.springframework.security.web.authentication.logout.LogoutFilter@5d774e23, org.springframework.security.web.savedrequest.RequestCacheAwareFilter@311c47fb, org.springframework.security.web.servletapi.SecurityContextHolderAwareRequestFilter@42439512, org.springframework.security.web.authentication.AnonymousAuthenticationFilter@7c994cf1, org.springframework.security.web.access.ExceptionTranslationFilter@3ce9e8b2, org.springframework.security.web.access.intercept.AuthorizationFilter@75eb072c]
2024-07-18 13:58:10.613 [restartedMain] INFO  c.n.b.g.config.LogNCrashAppender - log send run
2024-07-18 13:58:11.126 [restartedMain] INFO  o.s.b.w.e.tomcat.TomcatWebServer - Tomcat started on port 8081 (http) with context path '/'
2024-07-18 13:58:11.184 [restartedMain] INFO  c.n.b.g.config.LogNCrashAppender - log send run
2024-07-18 13:58:11.199 [restartedMain] INFO  c.n.b.BookStoreFrontApplication - Started BookStoreFrontApplication in 2.6 seconds (process running for 747.02)
2024-07-18 13:58:11.211 [scheduling-1] INFO  c.n.b.global.config.CacheConfig - Refresh categoriesCache completed.
2024-07-18 13:58:11.216 [restartedMain] INFO  c.n.b.g.config.LogNCrashAppender - log send run
2024-07-18 13:58:11.219 [restartedMain] INFO  o.s.b.d.a.ConditionEvaluationDeltaLoggingListener - Condition evaluation unchanged
2024-07-18 13:58:11.229 [scheduling-1] INFO  c.n.b.g.config.LogNCrashAppender - log send run
2024-07-18 13:58:11.240 [restartedMain] INFO  c.n.b.g.config.LogNCrashAppender - log send run
2024-07-18 13:59:55.976 [File Watcher] INFO  o.s.b.d.a.LocalDevToolsAutoConfiguration$RestartingClassPathChangeChangedEventListener - Restarting due to 1 class path change (0 additions, 1 deletion, 0 modifications)
2024-07-18 13:59:56.105 [File Watcher] INFO  c.n.b.g.config.LogNCrashAppender - log send run
2024-07-18 13:59:56.577 [restartedMain] INFO  c.n.b.BookStoreFrontApplication - Starting BookStoreFrontApplication using Java 21.0.3 with PID 54872 (/Users/dlrudgjs/Desktop/GitHub/book-store-front/target/classes started by dlrudgjs in /Users/dlrudgjs/Desktop/GitHub/book-store-front)
2024-07-18 13:59:56.633 [restartedMain] INFO  c.n.b.g.config.LogNCrashAppender - log send run
2024-07-18 13:59:56.634 [restartedMain] INFO  c.n.b.BookStoreFrontApplication - The following 1 profile is active: "dev"
2024-07-18 13:59:56.646 [restartedMain] INFO  c.n.b.g.config.LogNCrashAppender - log send run
2024-07-18 13:59:56.979 [restartedMain] INFO  o.s.d.r.c.RepositoryConfigurationDelegate - Multiple Spring Data modules found, entering strict repository configuration mode
2024-07-18 13:59:56.991 [restartedMain] INFO  c.n.b.g.config.LogNCrashAppender - log send run
2024-07-18 13:59:56.992 [restartedMain] INFO  o.s.d.r.c.RepositoryConfigurationDelegate - Bootstrapping Spring Data Redis repositories in DEFAULT mode.
2024-07-18 13:59:57.002 [restartedMain] INFO  c.n.b.g.config.LogNCrashAppender - log send run
2024-07-18 13:59:57.016 [restartedMain] INFO  o.s.d.r.c.RepositoryConfigurationDelegate - Finished Spring Data repository scanning in 13 ms. Found 0 Redis repository interfaces.
2024-07-18 13:59:57.027 [restartedMain] INFO  c.n.b.g.config.LogNCrashAppender - log send run
2024-07-18 13:59:57.112 [restartedMain] INFO  o.s.cloud.context.scope.GenericScope - BeanFactory id=ce21381e-3def-31fd-8743-1049c8701709
2024-07-18 13:59:57.124 [restartedMain] INFO  c.n.b.g.config.LogNCrashAppender - log send run
2024-07-18 13:59:57.342 [restartedMain] INFO  o.s.b.w.e.tomcat.TomcatWebServer - Tomcat initialized with port 8081 (http)
2024-07-18 13:59:57.355 [restartedMain] INFO  c.n.b.g.config.LogNCrashAppender - log send run
2024-07-18 13:59:57.359 [restartedMain] INFO  o.a.catalina.core.StandardService - Starting service [Tomcat]
2024-07-18 13:59:57.370 [restartedMain] INFO  c.n.b.g.config.LogNCrashAppender - log send run
2024-07-18 13:59:57.370 [restartedMain] INFO  o.a.catalina.core.StandardEngine - Starting Servlet engine: [Apache Tomcat/10.1.24]
2024-07-18 13:59:57.380 [restartedMain] INFO  c.n.b.g.config.LogNCrashAppender - log send run
2024-07-18 13:59:57.503 [restartedMain] INFO  o.a.c.c.C.[Tomcat].[localhost].[/] - Initializing Spring embedded WebApplicationContext
2024-07-18 13:59:57.583 [restartedMain] INFO  c.n.b.g.config.LogNCrashAppender - log send run
2024-07-18 13:59:57.584 [restartedMain] INFO  o.s.b.w.s.c.ServletWebServerApplicationContext - Root WebApplicationContext: initialization completed in 921 ms
2024-07-18 13:59:57.599 [restartedMain] INFO  c.n.b.g.config.LogNCrashAppender - log send run
2024-07-18 13:59:58.103 [restartedMain] INFO  o.s.b.d.a.OptionalLiveReloadServer - LiveReload server is running on port 35729
2024-07-18 13:59:58.119 [restartedMain] INFO  c.n.b.g.config.LogNCrashAppender - log send run
2024-07-18 13:59:58.657 [restartedMain] INFO  o.s.b.a.w.s.WelcomePageHandlerMapping - Adding welcome page template: index
2024-07-18 13:59:58.671 [restartedMain] INFO  c.n.b.g.config.LogNCrashAppender - log send run
2024-07-18 13:59:58.730 [restartedMain] INFO  o.s.s.web.DefaultSecurityFilterChain - Will secure any request with [org.springframework.security.web.session.DisableEncodeUrlFilter@5324dce1, org.springframework.security.web.context.request.async.WebAsyncManagerIntegrationFilter@75dd8265, org.springframework.security.web.context.SecurityContextHolderFilter@4b1e6d4b, org.springframework.security.web.header.HeaderWriterFilter@785f00a9, org.springframework.web.filter.CorsFilter@6c7e2f24, org.springframework.security.web.authentication.logout.LogoutFilter@58877aa8, org.springframework.security.web.savedrequest.RequestCacheAwareFilter@51b30e35, org.springframework.security.web.servletapi.SecurityContextHolderAwareRequestFilter@6011392c, org.springframework.security.web.authentication.AnonymousAuthenticationFilter@551cca08, org.springframework.security.web.access.ExceptionTranslationFilter@8273691, org.springframework.security.web.access.intercept.AuthorizationFilter@447b390]
2024-07-18 13:59:58.744 [restartedMain] INFO  c.n.b.g.config.LogNCrashAppender - log send run
2024-07-18 13:59:59.316 [restartedMain] INFO  o.s.b.w.e.tomcat.TomcatWebServer - Tomcat started on port 8081 (http) with context path '/'
2024-07-18 13:59:59.378 [restartedMain] INFO  c.n.b.g.config.LogNCrashAppender - log send run
2024-07-18 13:59:59.394 [restartedMain] INFO  c.n.b.BookStoreFrontApplication - Started BookStoreFrontApplication in 3.078 seconds (process running for 855.216)
2024-07-18 13:59:59.394 [scheduling-1] INFO  c.n.b.global.config.CacheConfig - Refresh categoriesCache completed.
2024-07-18 13:59:59.408 [restartedMain] INFO  c.n.b.g.config.LogNCrashAppender - log send run
2024-07-18 13:59:59.411 [restartedMain] INFO  o.s.b.d.a.ConditionEvaluationDeltaLoggingListener - Condition evaluation unchanged
2024-07-18 13:59:59.420 [scheduling-1] INFO  c.n.b.g.config.LogNCrashAppender - log send run
2024-07-18 13:59:59.431 [restartedMain] INFO  c.n.b.g.config.LogNCrashAppender - log send run
2024-07-18 14:00:00.007 [scheduling-1] INFO  c.n.b.global.config.CacheConfig - Main Page Refresh cache completed.
2024-07-18 14:00:00.025 [scheduling-1] INFO  c.n.b.g.config.LogNCrashAppender - log send run
2024-07-18 14:00:00.717 [File Watcher] INFO  o.s.b.d.a.LocalDevToolsAutoConfiguration$RestartingClassPathChangeChangedEventListener - Restarting due to 1 class path change (1 addition, 0 deletions, 0 modifications)
2024-07-18 14:00:00.728 [File Watcher] INFO  c.n.b.g.config.LogNCrashAppender - log send run
2024-07-18 14:00:01.105 [restartedMain] INFO  c.n.b.BookStoreFrontApplication - Starting BookStoreFrontApplication using Java 21.0.3 with PID 54872 (/Users/dlrudgjs/Desktop/GitHub/book-store-front/target/classes started by dlrudgjs in /Users/dlrudgjs/Desktop/GitHub/book-store-front)
2024-07-18 14:00:01.160 [restartedMain] INFO  c.n.b.g.config.LogNCrashAppender - log send run
2024-07-18 14:00:01.161 [restartedMain] INFO  c.n.b.BookStoreFrontApplication - The following 1 profile is active: "dev"
2024-07-18 14:00:01.173 [restartedMain] INFO  c.n.b.g.config.LogNCrashAppender - log send run
2024-07-18 14:00:01.430 [restartedMain] INFO  o.s.d.r.c.RepositoryConfigurationDelegate - Multiple Spring Data modules found, entering strict repository configuration mode
2024-07-18 14:00:01.445 [restartedMain] INFO  c.n.b.g.config.LogNCrashAppender - log send run
2024-07-18 14:00:01.445 [restartedMain] INFO  o.s.d.r.c.RepositoryConfigurationDelegate - Bootstrapping Spring Data Redis repositories in DEFAULT mode.
2024-07-18 14:00:01.460 [restartedMain] INFO  c.n.b.g.config.LogNCrashAppender - log send run
2024-07-18 14:00:01.473 [restartedMain] INFO  o.s.d.r.c.RepositoryConfigurationDelegate - Finished Spring Data repository scanning in 11 ms. Found 0 Redis repository interfaces.
2024-07-18 14:00:01.484 [restartedMain] INFO  c.n.b.g.config.LogNCrashAppender - log send run
2024-07-18 14:00:01.557 [restartedMain] INFO  o.s.cloud.context.scope.GenericScope - BeanFactory id=ce21381e-3def-31fd-8743-1049c8701709
2024-07-18 14:00:01.570 [restartedMain] INFO  c.n.b.g.config.LogNCrashAppender - log send run
2024-07-18 14:00:01.731 [restartedMain] INFO  o.s.b.w.e.tomcat.TomcatWebServer - Tomcat initialized with port 8081 (http)
2024-07-18 14:00:01.744 [restartedMain] INFO  c.n.b.g.config.LogNCrashAppender - log send run
2024-07-18 14:00:01.747 [restartedMain] INFO  o.a.catalina.core.StandardService - Starting service [Tomcat]
2024-07-18 14:00:01.758 [restartedMain] INFO  c.n.b.g.config.LogNCrashAppender - log send run
2024-07-18 14:00:01.759 [restartedMain] INFO  o.a.catalina.core.StandardEngine - Starting Servlet engine: [Apache Tomcat/10.1.24]
2024-07-18 14:00:01.771 [restartedMain] INFO  c.n.b.g.config.LogNCrashAppender - log send run
2024-07-18 14:00:01.883 [restartedMain] INFO  o.a.c.c.C.[Tomcat].[localhost].[/] - Initializing Spring embedded WebApplicationContext
2024-07-18 14:00:01.959 [restartedMain] INFO  c.n.b.g.config.LogNCrashAppender - log send run
2024-07-18 14:00:01.960 [restartedMain] INFO  o.s.b.w.s.c.ServletWebServerApplicationContext - Root WebApplicationContext: initialization completed in 773 ms
2024-07-18 14:00:01.975 [restartedMain] INFO  c.n.b.g.config.LogNCrashAppender - log send run
2024-07-18 14:00:02.373 [restartedMain] INFO  o.s.b.d.a.OptionalLiveReloadServer - LiveReload server is running on port 35729
2024-07-18 14:00:02.388 [restartedMain] INFO  c.n.b.g.config.LogNCrashAppender - log send run
2024-07-18 14:00:02.839 [restartedMain] INFO  o.s.b.a.w.s.WelcomePageHandlerMapping - Adding welcome page template: index
2024-07-18 14:00:02.852 [restartedMain] INFO  c.n.b.g.config.LogNCrashAppender - log send run
2024-07-18 14:00:02.911 [restartedMain] INFO  o.s.s.web.DefaultSecurityFilterChain - Will secure any request with [org.springframework.security.web.session.DisableEncodeUrlFilter@449ef11, org.springframework.security.web.context.request.async.WebAsyncManagerIntegrationFilter@322e4dbf, org.springframework.security.web.context.SecurityContextHolderFilter@7b23292b, org.springframework.security.web.header.HeaderWriterFilter@342f6061, org.springframework.web.filter.CorsFilter@72c6671, org.springframework.security.web.authentication.logout.LogoutFilter@2422f3ae, org.springframework.security.web.savedrequest.RequestCacheAwareFilter@27175285, org.springframework.security.web.servletapi.SecurityContextHolderAwareRequestFilter@949b501, org.springframework.security.web.authentication.AnonymousAuthenticationFilter@2c017297, org.springframework.security.web.access.ExceptionTranslationFilter@532fabe5, org.springframework.security.web.access.intercept.AuthorizationFilter@1b560a01]
2024-07-18 14:00:02.924 [restartedMain] INFO  c.n.b.g.config.LogNCrashAppender - log send run
2024-07-18 14:00:03.108 [restartedMain] INFO  o.s.b.w.e.tomcat.TomcatWebServer - Tomcat started on port 8081 (http) with context path '/'
2024-07-18 14:00:03.120 [restartedMain] INFO  c.n.b.g.config.LogNCrashAppender - log send run
2024-07-18 14:00:03.125 [restartedMain] INFO  c.n.b.BookStoreFrontApplication - Started BookStoreFrontApplication in 2.256 seconds (process running for 858.948)
2024-07-18 14:00:03.126 [scheduling-1] INFO  c.n.b.global.config.CacheConfig - Refresh categoriesCache completed.
2024-07-18 14:00:03.136 [restartedMain] INFO  c.n.b.g.config.LogNCrashAppender - log send run
2024-07-18 14:00:03.137 [restartedMain] INFO  o.s.b.d.a.ConditionEvaluationDeltaLoggingListener - Condition evaluation unchanged
2024-07-18 14:00:03.148 [scheduling-1] INFO  c.n.b.g.config.LogNCrashAppender - log send run
2024-07-18 14:00:03.159 [restartedMain] INFO  c.n.b.g.config.LogNCrashAppender - log send run
2024-07-18 14:02:22.887 [restartedMain] INFO  c.n.b.BookStoreFrontApplication - Starting BookStoreFrontApplication using Java 21.0.3 with PID 55042 (/Users/dlrudgjs/Desktop/GitHub/book-store-front/target/classes started by dlrudgjs in /Users/dlrudgjs/Desktop/GitHub/book-store-front)
2024-07-18 14:02:22.889 [restartedMain] INFO  c.n.b.BookStoreFrontApplication - The following 1 profile is active: "dev"
2024-07-18 14:02:22.955 [restartedMain] INFO  o.s.b.d.e.DevToolsPropertyDefaultsPostProcessor - Devtools property defaults active! Set 'spring.devtools.add-properties' to 'false' to disable
2024-07-18 14:02:22.956 [restartedMain] INFO  o.s.b.d.e.DevToolsPropertyDefaultsPostProcessor - For additional web related logging consider setting the 'logging.level.web' property to 'DEBUG'
2024-07-18 14:02:24.363 [restartedMain] INFO  o.s.d.r.c.RepositoryConfigurationDelegate - Multiple Spring Data modules found, entering strict repository configuration mode
2024-07-18 14:02:24.367 [restartedMain] INFO  o.s.d.r.c.RepositoryConfigurationDelegate - Bootstrapping Spring Data Redis repositories in DEFAULT mode.
2024-07-18 14:02:24.401 [restartedMain] INFO  o.s.d.r.c.RepositoryConfigurationDelegate - Finished Spring Data repository scanning in 24 ms. Found 0 Redis repository interfaces.
2024-07-18 14:02:24.628 [restartedMain] INFO  o.s.cloud.context.scope.GenericScope - BeanFactory id=ce21381e-3def-31fd-8743-1049c8701709
2024-07-18 14:02:25.319 [restartedMain] INFO  o.s.b.w.e.tomcat.TomcatWebServer - Tomcat initialized with port 8081 (http)
2024-07-18 14:02:25.328 [restartedMain] INFO  o.a.catalina.core.StandardService - Starting service [Tomcat]
2024-07-18 14:02:25.330 [restartedMain] INFO  o.a.catalina.core.StandardEngine - Starting Servlet engine: [Apache Tomcat/10.1.24]
2024-07-18 14:02:25.358 [restartedMain] INFO  o.a.c.c.C.[Tomcat].[localhost].[/] - Initializing Spring embedded WebApplicationContext
2024-07-18 14:02:25.359 [restartedMain] INFO  o.s.b.w.s.c.ServletWebServerApplicationContext - Root WebApplicationContext: initialization completed in 2402 ms
2024-07-18 14:02:25.742 [restartedMain] INFO  o.s.b.d.a.OptionalLiveReloadServer - LiveReload server is running on port 35729
2024-07-18 14:02:26.635 [restartedMain] INFO  o.s.b.a.w.s.WelcomePageHandlerMapping - Adding welcome page template: index
2024-07-18 14:02:27.040 [restartedMain] INFO  o.s.s.web.DefaultSecurityFilterChain - Will secure any request with [org.springframework.security.web.session.DisableEncodeUrlFilter@30b40561, org.springframework.security.web.context.request.async.WebAsyncManagerIntegrationFilter@40af92f9, org.springframework.security.web.context.SecurityContextHolderFilter@1a43d30a, org.springframework.security.web.header.HeaderWriterFilter@44842ce0, org.springframework.web.filter.CorsFilter@3715b146, org.springframework.security.web.authentication.logout.LogoutFilter@b10f8b0, org.springframework.security.web.savedrequest.RequestCacheAwareFilter@47e86dee, org.springframework.security.web.servletapi.SecurityContextHolderAwareRequestFilter@78999271, org.springframework.security.web.authentication.AnonymousAuthenticationFilter@64fd54f4, org.springframework.security.web.access.ExceptionTranslationFilter@7c72f9f1, org.springframework.security.web.access.intercept.AuthorizationFilter@f7f165c]
2024-07-18 14:02:27.686 [restartedMain] INFO  o.s.b.w.e.tomcat.TomcatWebServer - Tomcat started on port 8081 (http) with context path '/'
2024-07-18 14:02:27.700 [restartedMain] INFO  c.n.b.BookStoreFrontApplication - Started BookStoreFrontApplication in 5.506 seconds (process running for 11.36)
2024-07-18 14:02:27.705 [scheduling-1] INFO  c.n.b.global.config.CacheConfig - Refresh categoriesCache completed.
2024-07-18 14:04:25.553 [File Watcher] INFO  o.s.b.d.a.LocalDevToolsAutoConfiguration$RestartingClassPathChangeChangedEventListener - Restarting due to 1 class path change (0 additions, 1 deletion, 0 modifications)
2024-07-18 14:04:25.954 [restartedMain] INFO  c.n.b.BookStoreFrontApplication - Starting BookStoreFrontApplication using Java 21.0.3 with PID 55042 (/Users/dlrudgjs/Desktop/GitHub/book-store-front/target/classes started by dlrudgjs in /Users/dlrudgjs/Desktop/GitHub/book-store-front)
2024-07-18 14:04:25.955 [restartedMain] INFO  c.n.b.BookStoreFrontApplication - The following 1 profile is active: "dev"
2024-07-18 14:04:26.397 [restartedMain] INFO  o.s.d.r.c.RepositoryConfigurationDelegate - Multiple Spring Data modules found, entering strict repository configuration mode
2024-07-18 14:04:26.397 [restartedMain] INFO  o.s.d.r.c.RepositoryConfigurationDelegate - Bootstrapping Spring Data Redis repositories in DEFAULT mode.
2024-07-18 14:04:26.412 [restartedMain] INFO  o.s.d.r.c.RepositoryConfigurationDelegate - Finished Spring Data repository scanning in 14 ms. Found 0 Redis repository interfaces.
2024-07-18 14:04:26.507 [restartedMain] INFO  o.s.cloud.context.scope.GenericScope - BeanFactory id=ce21381e-3def-31fd-8743-1049c8701709
2024-07-18 14:04:26.764 [restartedMain] INFO  o.s.b.w.e.tomcat.TomcatWebServer - Tomcat initialized with port 8081 (http)
2024-07-18 14:04:26.819 [restartedMain] INFO  o.a.catalina.core.StandardService - Starting service [Tomcat]
2024-07-18 14:04:26.820 [restartedMain] INFO  o.a.catalina.core.StandardEngine - Starting Servlet engine: [Apache Tomcat/10.1.24]
2024-07-18 14:04:26.854 [restartedMain] INFO  o.a.c.c.C.[Tomcat].[localhost].[/] - Initializing Spring embedded WebApplicationContext
2024-07-18 14:04:26.856 [restartedMain] INFO  o.s.b.w.s.c.ServletWebServerApplicationContext - Root WebApplicationContext: initialization completed in 887 ms
2024-07-18 14:04:27.290 [restartedMain] INFO  o.s.b.d.a.OptionalLiveReloadServer - LiveReload server is running on port 35729
2024-07-18 14:04:27.934 [restartedMain] INFO  o.s.b.a.w.s.WelcomePageHandlerMapping - Adding welcome page template: index
2024-07-18 14:04:28.022 [restartedMain] INFO  o.s.s.web.DefaultSecurityFilterChain - Will secure any request with [org.springframework.security.web.session.DisableEncodeUrlFilter@19c5e3ff, org.springframework.security.web.context.request.async.WebAsyncManagerIntegrationFilter@7db6a2c6, org.springframework.security.web.context.SecurityContextHolderFilter@1994877e, org.springframework.security.web.header.HeaderWriterFilter@6cd36e41, org.springframework.web.filter.CorsFilter@60a4fc41, org.springframework.security.web.authentication.logout.LogoutFilter@217ed624, org.springframework.security.web.savedrequest.RequestCacheAwareFilter@2d6ce068, org.springframework.security.web.servletapi.SecurityContextHolderAwareRequestFilter@6bbad7e0, org.springframework.security.web.authentication.AnonymousAuthenticationFilter@1c0b74ce, org.springframework.security.web.access.ExceptionTranslationFilter@66c40a97, org.springframework.security.web.access.intercept.AuthorizationFilter@3569275c]
2024-07-18 14:04:28.651 [restartedMain] INFO  o.s.b.w.e.tomcat.TomcatWebServer - Tomcat started on port 8081 (http) with context path '/'
2024-07-18 14:04:28.666 [restartedMain] INFO  c.n.b.BookStoreFrontApplication - Started BookStoreFrontApplication in 2.917 seconds (process running for 132.328)
2024-07-18 14:04:28.671 [scheduling-1] INFO  c.n.b.global.config.CacheConfig - Refresh categoriesCache completed.
2024-07-18 14:04:28.682 [restartedMain] INFO  o.s.b.d.a.ConditionEvaluationDeltaLoggingListener - Condition evaluation unchanged
2024-07-18 14:04:30.073 [File Watcher] INFO  o.s.b.d.a.LocalDevToolsAutoConfiguration$RestartingClassPathChangeChangedEventListener - Restarting due to 1 class path change (1 addition, 0 deletions, 0 modifications)
2024-07-18 14:04:30.435 [restartedMain] INFO  c.n.b.BookStoreFrontApplication - Starting BookStoreFrontApplication using Java 21.0.3 with PID 55042 (/Users/dlrudgjs/Desktop/GitHub/book-store-front/target/classes started by dlrudgjs in /Users/dlrudgjs/Desktop/GitHub/book-store-front)
2024-07-18 14:04:30.437 [restartedMain] INFO  c.n.b.BookStoreFrontApplication - The following 1 profile is active: "dev"
2024-07-18 14:04:30.685 [restartedMain] INFO  o.s.d.r.c.RepositoryConfigurationDelegate - Multiple Spring Data modules found, entering strict repository configuration mode
2024-07-18 14:04:30.686 [restartedMain] INFO  o.s.d.r.c.RepositoryConfigurationDelegate - Bootstrapping Spring Data Redis repositories in DEFAULT mode.
2024-07-18 14:04:30.698 [restartedMain] INFO  o.s.d.r.c.RepositoryConfigurationDelegate - Finished Spring Data repository scanning in 11 ms. Found 0 Redis repository interfaces.
2024-07-18 14:04:30.777 [restartedMain] INFO  o.s.cloud.context.scope.GenericScope - BeanFactory id=ce21381e-3def-31fd-8743-1049c8701709
2024-07-18 14:04:31.001 [restartedMain] INFO  o.s.b.w.e.tomcat.TomcatWebServer - Tomcat initialized with port 8081 (http)
2024-07-18 14:04:31.020 [restartedMain] INFO  o.a.catalina.core.StandardService - Starting service [Tomcat]
2024-07-18 14:04:31.021 [restartedMain] INFO  o.a.catalina.core.StandardEngine - Starting Servlet engine: [Apache Tomcat/10.1.24]
2024-07-18 14:04:31.055 [restartedMain] INFO  o.a.c.c.C.[Tomcat].[localhost].[/] - Initializing Spring embedded WebApplicationContext
2024-07-18 14:04:31.056 [restartedMain] INFO  o.s.b.w.s.c.ServletWebServerApplicationContext - Root WebApplicationContext: initialization completed in 603 ms
2024-07-18 14:04:31.423 [restartedMain] INFO  o.s.b.d.a.OptionalLiveReloadServer - LiveReload server is running on port 35729
2024-07-18 14:04:31.921 [restartedMain] INFO  o.s.b.a.w.s.WelcomePageHandlerMapping - Adding welcome page template: index
2024-07-18 14:04:31.996 [restartedMain] INFO  o.s.s.web.DefaultSecurityFilterChain - Will secure any request with [org.springframework.security.web.session.DisableEncodeUrlFilter@1d87f801, org.springframework.security.web.context.request.async.WebAsyncManagerIntegrationFilter@1bd11563, org.springframework.security.web.context.SecurityContextHolderFilter@452f5f62, org.springframework.security.web.header.HeaderWriterFilter@327c0e52, org.springframework.web.filter.CorsFilter@2b003049, org.springframework.security.web.authentication.logout.LogoutFilter@40ceef6d, org.springframework.security.web.savedrequest.RequestCacheAwareFilter@224d12a7, org.springframework.security.web.servletapi.SecurityContextHolderAwareRequestFilter@2d79fed7, org.springframework.security.web.authentication.AnonymousAuthenticationFilter@38fe4e73, org.springframework.security.web.access.ExceptionTranslationFilter@2fa413fa, org.springframework.security.web.access.intercept.AuthorizationFilter@48db66dc]
2024-07-18 14:04:32.516 [restartedMain] INFO  o.s.b.w.e.tomcat.TomcatWebServer - Tomcat started on port 8081 (http) with context path '/'
2024-07-18 14:04:32.534 [restartedMain] INFO  c.n.b.BookStoreFrontApplication - Started BookStoreFrontApplication in 2.304 seconds (process running for 136.196)
2024-07-18 14:04:32.539 [restartedMain] INFO  o.s.b.d.a.ConditionEvaluationDeltaLoggingListener - Condition evaluation unchanged
2024-07-18 14:04:32.546 [scheduling-1] INFO  c.n.b.global.config.CacheConfig - Refresh categoriesCache completed.
2024-07-18 14:05:01.729 [File Watcher] INFO  o.s.b.d.a.LocalDevToolsAutoConfiguration$RestartingClassPathChangeChangedEventListener - Restarting due to 1 class path change (0 additions, 0 deletions, 1 modification)
2024-07-18 14:05:02.159 [restartedMain] INFO  c.n.b.BookStoreFrontApplication - Starting BookStoreFrontApplication using Java 21.0.3 with PID 55042 (/Users/dlrudgjs/Desktop/GitHub/book-store-front/target/classes started by dlrudgjs in /Users/dlrudgjs/Desktop/GitHub/book-store-front)
2024-07-18 14:05:02.581 [restartedMain] INFO  c.n.b.g.config.LogNCrashAppender - log send run
2024-07-18 14:05:02.582 [restartedMain] INFO  c.n.b.BookStoreFrontApplication - The following 1 profile is active: "dev"
2024-07-18 14:05:02.602 [restartedMain] INFO  c.n.b.g.config.LogNCrashAppender - log send run
2024-07-18 14:05:02.874 [restartedMain] INFO  o.s.d.r.c.RepositoryConfigurationDelegate - Multiple Spring Data modules found, entering strict repository configuration mode
2024-07-18 14:05:02.886 [restartedMain] INFO  c.n.b.g.config.LogNCrashAppender - log send run
2024-07-18 14:05:02.886 [restartedMain] INFO  o.s.d.r.c.RepositoryConfigurationDelegate - Bootstrapping Spring Data Redis repositories in DEFAULT mode.
2024-07-18 14:05:02.897 [restartedMain] INFO  c.n.b.g.config.LogNCrashAppender - log send run
2024-07-18 14:05:02.909 [restartedMain] INFO  o.s.d.r.c.RepositoryConfigurationDelegate - Finished Spring Data repository scanning in 11 ms. Found 0 Redis repository interfaces.
2024-07-18 14:05:02.921 [restartedMain] INFO  c.n.b.g.config.LogNCrashAppender - log send run
2024-07-18 14:05:02.984 [restartedMain] INFO  o.s.cloud.context.scope.GenericScope - BeanFactory id=ce21381e-3def-31fd-8743-1049c8701709
2024-07-18 14:05:02.996 [restartedMain] INFO  c.n.b.g.config.LogNCrashAppender - log send run
2024-07-18 14:05:03.218 [restartedMain] INFO  o.s.b.w.e.tomcat.TomcatWebServer - Tomcat initialized with port 8081 (http)
2024-07-18 14:05:03.265 [restartedMain] INFO  c.n.b.g.config.LogNCrashAppender - log send run
2024-07-18 14:05:03.274 [restartedMain] INFO  o.a.catalina.core.StandardService - Starting service [Tomcat]
2024-07-18 14:05:03.287 [restartedMain] INFO  c.n.b.g.config.LogNCrashAppender - log send run
2024-07-18 14:05:03.288 [restartedMain] INFO  o.a.catalina.core.StandardEngine - Starting Servlet engine: [Apache Tomcat/10.1.24]
2024-07-18 14:05:03.299 [restartedMain] INFO  c.n.b.g.config.LogNCrashAppender - log send run
2024-07-18 14:05:03.324 [restartedMain] INFO  o.a.c.c.C.[Tomcat].[localhost].[/] - Initializing Spring embedded WebApplicationContext
2024-07-18 14:05:03.334 [restartedMain] INFO  c.n.b.g.config.LogNCrashAppender - log send run
2024-07-18 14:05:03.335 [restartedMain] INFO  o.s.b.w.s.c.ServletWebServerApplicationContext - Root WebApplicationContext: initialization completed in 716 ms
2024-07-18 14:05:03.346 [restartedMain] INFO  c.n.b.g.config.LogNCrashAppender - log send run
2024-07-18 14:05:03.710 [restartedMain] INFO  o.s.b.d.a.OptionalLiveReloadServer - LiveReload server is running on port 35729
2024-07-18 14:05:03.724 [restartedMain] INFO  c.n.b.g.config.LogNCrashAppender - log send run
2024-07-18 14:05:04.182 [restartedMain] INFO  o.s.b.a.w.s.WelcomePageHandlerMapping - Adding welcome page template: index
2024-07-18 14:05:04.194 [restartedMain] INFO  c.n.b.g.config.LogNCrashAppender - log send run
2024-07-18 14:05:04.258 [restartedMain] INFO  o.s.s.web.DefaultSecurityFilterChain - Will secure any request with [org.springframework.security.web.session.DisableEncodeUrlFilter@4b902c21, org.springframework.security.web.context.request.async.WebAsyncManagerIntegrationFilter@1a651ae1, org.springframework.security.web.context.SecurityContextHolderFilter@7464a5b4, org.springframework.security.web.header.HeaderWriterFilter@59805f9a, org.springframework.web.filter.CorsFilter@7f0a1, org.springframework.security.web.authentication.logout.LogoutFilter@38015e08, org.springframework.security.web.savedrequest.RequestCacheAwareFilter@698801f6, org.springframework.security.web.servletapi.SecurityContextHolderAwareRequestFilter@32befad8, org.springframework.security.web.authentication.AnonymousAuthenticationFilter@37f2b1e7, org.springframework.security.web.access.ExceptionTranslationFilter@76b5ab14, org.springframework.security.web.access.intercept.AuthorizationFilter@529cabc5]
2024-07-18 14:05:04.269 [restartedMain] INFO  c.n.b.g.config.LogNCrashAppender - log send run
2024-07-18 14:05:04.793 [restartedMain] INFO  o.s.b.w.e.tomcat.TomcatWebServer - Tomcat started on port 8081 (http) with context path '/'
2024-07-18 14:05:04.827 [restartedMain] INFO  c.n.b.g.config.LogNCrashAppender - log send run
2024-07-18 14:05:04.843 [restartedMain] INFO  c.n.b.BookStoreFrontApplication - Started BookStoreFrontApplication in 2.915 seconds (process running for 168.505)
2024-07-18 14:05:04.852 [scheduling-1] INFO  c.n.b.global.config.CacheConfig - Refresh categoriesCache completed.
2024-07-18 14:05:04.859 [restartedMain] INFO  c.n.b.g.config.LogNCrashAppender - log send run
2024-07-18 14:05:04.862 [restartedMain] INFO  o.s.b.d.a.ConditionEvaluationDeltaLoggingListener - Condition evaluation unchanged
2024-07-18 14:05:04.873 [scheduling-1] INFO  c.n.b.g.config.LogNCrashAppender - log send run
2024-07-18 14:05:04.883 [restartedMain] INFO  c.n.b.g.config.LogNCrashAppender - log send run
2024-07-18 14:05:40.237 [File Watcher] INFO  o.s.b.d.a.LocalDevToolsAutoConfiguration$RestartingClassPathChangeChangedEventListener - Restarting due to 2 class path changes (0 additions, 2 deletions, 0 modifications)
2024-07-18 14:05:40.297 [File Watcher] INFO  c.n.b.g.config.LogNCrashAppender - log send run
2024-07-18 14:05:40.682 [restartedMain] INFO  c.n.b.BookStoreFrontApplication - Starting BookStoreFrontApplication using Java 21.0.3 with PID 55042 (/Users/dlrudgjs/Desktop/GitHub/book-store-front/target/classes started by dlrudgjs in /Users/dlrudgjs/Desktop/GitHub/book-store-front)
2024-07-18 14:05:40.712 [restartedMain] INFO  c.n.b.g.config.LogNCrashAppender - log send run
2024-07-18 14:05:40.712 [restartedMain] INFO  c.n.b.BookStoreFrontApplication - The following 1 profile is active: "dev"
2024-07-18 14:05:40.723 [restartedMain] INFO  c.n.b.g.config.LogNCrashAppender - log send run
2024-07-18 14:05:41.002 [restartedMain] INFO  o.s.d.r.c.RepositoryConfigurationDelegate - Multiple Spring Data modules found, entering strict repository configuration mode
2024-07-18 14:05:41.014 [restartedMain] INFO  c.n.b.g.config.LogNCrashAppender - log send run
2024-07-18 14:05:41.014 [restartedMain] INFO  o.s.d.r.c.RepositoryConfigurationDelegate - Bootstrapping Spring Data Redis repositories in DEFAULT mode.
2024-07-18 14:05:41.024 [restartedMain] INFO  c.n.b.g.config.LogNCrashAppender - log send run
2024-07-18 14:05:41.036 [restartedMain] INFO  o.s.d.r.c.RepositoryConfigurationDelegate - Finished Spring Data repository scanning in 11 ms. Found 0 Redis repository interfaces.
2024-07-18 14:05:41.046 [restartedMain] INFO  c.n.b.g.config.LogNCrashAppender - log send run
2024-07-18 14:05:41.118 [restartedMain] INFO  o.s.cloud.context.scope.GenericScope - BeanFactory id=e23d1c60-a9ff-3ddc-b4bb-68eaf364e5d4
2024-07-18 14:05:41.130 [restartedMain] INFO  c.n.b.g.config.LogNCrashAppender - log send run
2024-07-18 14:05:41.294 [restartedMain] INFO  o.s.b.w.e.tomcat.TomcatWebServer - Tomcat initialized with port 8081 (http)
2024-07-18 14:05:41.307 [restartedMain] INFO  c.n.b.g.config.LogNCrashAppender - log send run
2024-07-18 14:05:41.309 [restartedMain] INFO  o.a.catalina.core.StandardService - Starting service [Tomcat]
2024-07-18 14:05:41.319 [restartedMain] INFO  c.n.b.g.config.LogNCrashAppender - log send run
2024-07-18 14:05:41.319 [restartedMain] INFO  o.a.catalina.core.StandardEngine - Starting Servlet engine: [Apache Tomcat/10.1.24]
2024-07-18 14:05:41.329 [restartedMain] INFO  c.n.b.g.config.LogNCrashAppender - log send run
2024-07-18 14:05:41.420 [restartedMain] INFO  o.a.c.c.C.[Tomcat].[localhost].[/] - Initializing Spring embedded WebApplicationContext
2024-07-18 14:05:41.475 [restartedMain] INFO  c.n.b.g.config.LogNCrashAppender - log send run
2024-07-18 14:05:41.476 [restartedMain] INFO  o.s.b.w.s.c.ServletWebServerApplicationContext - Root WebApplicationContext: initialization completed in 738 ms
2024-07-18 14:05:41.491 [restartedMain] INFO  c.n.b.g.config.LogNCrashAppender - log send run
2024-07-18 14:05:41.882 [restartedMain] INFO  o.s.b.d.a.OptionalLiveReloadServer - LiveReload server is running on port 35729
2024-07-18 14:05:41.895 [restartedMain] INFO  c.n.b.g.config.LogNCrashAppender - log send run
2024-07-18 14:05:42.349 [restartedMain] INFO  o.s.b.a.w.s.WelcomePageHandlerMapping - Adding welcome page template: index
2024-07-18 14:05:42.362 [restartedMain] INFO  c.n.b.g.config.LogNCrashAppender - log send run
2024-07-18 14:05:42.426 [restartedMain] INFO  o.s.s.web.DefaultSecurityFilterChain - Will secure any request with [org.springframework.security.web.session.DisableEncodeUrlFilter@cf9f2d8, org.springframework.security.web.context.request.async.WebAsyncManagerIntegrationFilter@fff7dc3, org.springframework.security.web.context.SecurityContextHolderFilter@1730041d, org.springframework.security.web.header.HeaderWriterFilter@3b816b29, org.springframework.web.filter.CorsFilter@4db1713a, org.springframework.security.web.authentication.logout.LogoutFilter@68202bd, org.springframework.security.web.savedrequest.RequestCacheAwareFilter@7d7f7e31, org.springframework.security.web.servletapi.SecurityContextHolderAwareRequestFilter@216d035b, org.springframework.security.web.authentication.AnonymousAuthenticationFilter@39ee061a, org.springframework.security.web.access.ExceptionTranslationFilter@176964e9, org.springframework.security.web.access.intercept.AuthorizationFilter@7e415d53]
2024-07-18 14:05:42.439 [restartedMain] INFO  c.n.b.g.config.LogNCrashAppender - log send run
2024-07-18 14:05:42.968 [restartedMain] INFO  o.s.b.w.e.tomcat.TomcatWebServer - Tomcat started on port 8081 (http) with context path '/'
2024-07-18 14:05:43.010 [restartedMain] INFO  c.n.b.g.config.LogNCrashAppender - log send run
2024-07-18 14:05:43.026 [restartedMain] INFO  c.n.b.BookStoreFrontApplication - Started BookStoreFrontApplication in 2.583 seconds (process running for 206.689)
2024-07-18 14:05:43.038 [scheduling-1] INFO  c.n.b.global.config.CacheConfig - Refresh categoriesCache completed.
2024-07-18 14:05:43.041 [restartedMain] INFO  c.n.b.g.config.LogNCrashAppender - log send run
2024-07-18 14:05:43.045 [restartedMain] INFO  o.s.b.d.a.ConditionEvaluationDeltaLoggingListener - Condition evaluation unchanged
2024-07-18 14:05:43.053 [scheduling-1] INFO  c.n.b.g.config.LogNCrashAppender - log send run
2024-07-18 14:05:43.064 [restartedMain] INFO  c.n.b.g.config.LogNCrashAppender - log send run
2024-07-18 14:08:16.907 [File Watcher] INFO  o.s.b.d.a.LocalDevToolsAutoConfiguration$RestartingClassPathChangeChangedEventListener - Restarting due to 2 class path changes (2 additions, 0 deletions, 0 modifications)
2024-07-18 14:08:17.024 [File Watcher] INFO  c.n.b.g.config.LogNCrashAppender - log send run
2024-07-18 14:08:17.612 [restartedMain] INFO  c.n.b.BookStoreFrontApplication - Starting BookStoreFrontApplication using Java 21.0.3 with PID 55042 (/Users/dlrudgjs/Desktop/GitHub/book-store-front/target/classes started by dlrudgjs in /Users/dlrudgjs/Desktop/GitHub/book-store-front)
2024-07-18 14:08:17.648 [restartedMain] INFO  c.n.b.g.config.LogNCrashAppender - log send run
2024-07-18 14:08:17.648 [restartedMain] INFO  c.n.b.BookStoreFrontApplication - The following 1 profile is active: "dev"
2024-07-18 14:08:17.660 [restartedMain] INFO  c.n.b.g.config.LogNCrashAppender - log send run
2024-07-18 14:08:17.971 [restartedMain] INFO  o.s.d.r.c.RepositoryConfigurationDelegate - Multiple Spring Data modules found, entering strict repository configuration mode
2024-07-18 14:08:17.983 [restartedMain] INFO  c.n.b.g.config.LogNCrashAppender - log send run
2024-07-18 14:08:17.983 [restartedMain] INFO  o.s.d.r.c.RepositoryConfigurationDelegate - Bootstrapping Spring Data Redis repositories in DEFAULT mode.
2024-07-18 14:08:17.993 [restartedMain] INFO  c.n.b.g.config.LogNCrashAppender - log send run
2024-07-18 14:08:18.006 [restartedMain] INFO  o.s.d.r.c.RepositoryConfigurationDelegate - Finished Spring Data repository scanning in 12 ms. Found 0 Redis repository interfaces.
2024-07-18 14:08:18.017 [restartedMain] INFO  c.n.b.g.config.LogNCrashAppender - log send run
2024-07-18 14:08:18.093 [restartedMain] INFO  o.s.cloud.context.scope.GenericScope - BeanFactory id=0d8c2525-3f52-37ec-8a0d-0177a2657b3b
2024-07-18 14:08:18.105 [restartedMain] INFO  c.n.b.g.config.LogNCrashAppender - log send run
2024-07-18 14:08:18.457 [restartedMain] INFO  o.s.b.w.e.tomcat.TomcatWebServer - Tomcat initialized with port 8081 (http)
2024-07-18 14:08:18.507 [restartedMain] INFO  c.n.b.g.config.LogNCrashAppender - log send run
2024-07-18 14:08:18.540 [restartedMain] INFO  o.a.catalina.core.StandardService - Starting service [Tomcat]
2024-07-18 14:08:18.554 [restartedMain] INFO  c.n.b.g.config.LogNCrashAppender - log send run
2024-07-18 14:08:18.554 [restartedMain] INFO  o.a.catalina.core.StandardEngine - Starting Servlet engine: [Apache Tomcat/10.1.24]
2024-07-18 14:08:18.564 [restartedMain] INFO  c.n.b.g.config.LogNCrashAppender - log send run
2024-07-18 14:08:18.585 [restartedMain] INFO  o.a.c.c.C.[Tomcat].[localhost].[/] - Initializing Spring embedded WebApplicationContext
2024-07-18 14:08:18.596 [restartedMain] INFO  c.n.b.g.config.LogNCrashAppender - log send run
2024-07-18 14:08:18.596 [restartedMain] INFO  o.s.b.w.s.c.ServletWebServerApplicationContext - Root WebApplicationContext: initialization completed in 918 ms
2024-07-18 14:08:18.607 [restartedMain] INFO  c.n.b.g.config.LogNCrashAppender - log send run
2024-07-18 14:08:18.940 [restartedMain] INFO  o.s.b.d.a.OptionalLiveReloadServer - LiveReload server is running on port 35729
2024-07-18 14:08:18.954 [restartedMain] INFO  c.n.b.g.config.LogNCrashAppender - log send run
2024-07-18 14:08:19.427 [restartedMain] INFO  o.s.b.a.w.s.WelcomePageHandlerMapping - Adding welcome page template: index
2024-07-18 14:08:19.439 [restartedMain] INFO  c.n.b.g.config.LogNCrashAppender - log send run
2024-07-18 14:08:19.499 [restartedMain] INFO  o.s.s.web.DefaultSecurityFilterChain - Will secure any request with [org.springframework.security.web.session.DisableEncodeUrlFilter@7c73dcfc, org.springframework.security.web.context.request.async.WebAsyncManagerIntegrationFilter@44316d11, org.springframework.security.web.context.SecurityContextHolderFilter@6f9b9ac0, org.springframework.security.web.header.HeaderWriterFilter@54dda165, org.springframework.web.filter.CorsFilter@396c2fd5, org.springframework.security.web.authentication.logout.LogoutFilter@539a9dba, org.springframework.security.web.savedrequest.RequestCacheAwareFilter@19b97a54, org.springframework.security.web.servletapi.SecurityContextHolderAwareRequestFilter@590b1231, org.springframework.security.web.authentication.AnonymousAuthenticationFilter@45f844aa, org.springframework.security.web.access.ExceptionTranslationFilter@26fcc1cb, org.springframework.security.web.access.intercept.AuthorizationFilter@2d4a2446]
2024-07-18 14:08:19.511 [restartedMain] INFO  c.n.b.g.config.LogNCrashAppender - log send run
2024-07-18 14:08:20.178 [restartedMain] INFO  o.s.b.w.e.tomcat.TomcatWebServer - Tomcat started on port 8081 (http) with context path '/'
2024-07-18 14:08:20.226 [restartedMain] INFO  c.n.b.g.config.LogNCrashAppender - log send run
2024-07-18 14:08:20.242 [restartedMain] INFO  c.n.b.BookStoreFrontApplication - Started BookStoreFrontApplication in 2.909 seconds (process running for 363.907)
2024-07-18 14:08:20.242 [scheduling-1] INFO  c.n.b.global.config.CacheConfig - Refresh categoriesCache completed.
2024-07-18 14:08:20.254 [restartedMain] INFO  c.n.b.g.config.LogNCrashAppender - log send run
2024-07-18 14:08:20.257 [restartedMain] INFO  o.s.b.d.a.ConditionEvaluationDeltaLoggingListener - Condition evaluation unchanged
2024-07-18 14:08:20.265 [scheduling-1] INFO  c.n.b.g.config.LogNCrashAppender - log send run
2024-07-18 14:08:20.275 [restartedMain] INFO  c.n.b.g.config.LogNCrashAppender - log send run
2024-07-18 14:08:59.588 [File Watcher] INFO  o.s.b.d.a.LocalDevToolsAutoConfiguration$RestartingClassPathChangeChangedEventListener - Restarting due to 2 class path changes (0 additions, 2 deletions, 0 modifications)
2024-07-18 14:08:59.704 [File Watcher] INFO  c.n.b.g.config.LogNCrashAppender - log send run
2024-07-18 14:09:00.200 [restartedMain] INFO  c.n.b.BookStoreFrontApplication - Starting BookStoreFrontApplication using Java 21.0.3 with PID 55042 (/Users/dlrudgjs/Desktop/GitHub/book-store-front/target/classes started by dlrudgjs in /Users/dlrudgjs/Desktop/GitHub/book-store-front)
2024-07-18 14:09:00.277 [restartedMain] INFO  c.n.b.g.config.LogNCrashAppender - log send run
2024-07-18 14:09:00.278 [restartedMain] INFO  c.n.b.BookStoreFrontApplication - The following 1 profile is active: "dev"
2024-07-18 14:09:00.310 [restartedMain] INFO  c.n.b.g.config.LogNCrashAppender - log send run
2024-07-18 14:09:00.695 [restartedMain] INFO  o.s.d.r.c.RepositoryConfigurationDelegate - Multiple Spring Data modules found, entering strict repository configuration mode
2024-07-18 14:09:00.751 [restartedMain] INFO  c.n.b.g.config.LogNCrashAppender - log send run
2024-07-18 14:09:00.751 [restartedMain] INFO  o.s.d.r.c.RepositoryConfigurationDelegate - Bootstrapping Spring Data Redis repositories in DEFAULT mode.
2024-07-18 14:09:00.781 [restartedMain] INFO  c.n.b.g.config.LogNCrashAppender - log send run
2024-07-18 14:09:00.795 [restartedMain] INFO  o.s.d.r.c.RepositoryConfigurationDelegate - Finished Spring Data repository scanning in 13 ms. Found 0 Redis repository interfaces.
2024-07-18 14:09:00.824 [restartedMain] INFO  c.n.b.g.config.LogNCrashAppender - log send run
2024-07-18 14:09:00.908 [restartedMain] INFO  o.s.cloud.context.scope.GenericScope - BeanFactory id=e23d1c60-a9ff-3ddc-b4bb-68eaf364e5d4
2024-07-18 14:09:00.938 [restartedMain] INFO  c.n.b.g.config.LogNCrashAppender - log send run
2024-07-18 14:09:01.267 [restartedMain] INFO  o.s.b.w.e.tomcat.TomcatWebServer - Tomcat initialized with port 8081 (http)
2024-07-18 14:09:01.359 [restartedMain] INFO  c.n.b.g.config.LogNCrashAppender - log send run
2024-07-18 14:09:01.365 [restartedMain] INFO  o.a.catalina.core.StandardService - Starting service [Tomcat]
2024-07-18 14:09:01.398 [restartedMain] INFO  c.n.b.g.config.LogNCrashAppender - log send run
2024-07-18 14:09:01.399 [restartedMain] INFO  o.a.catalina.core.StandardEngine - Starting Servlet engine: [Apache Tomcat/10.1.24]
2024-07-18 14:09:01.458 [restartedMain] INFO  c.n.b.g.config.LogNCrashAppender - log send run
2024-07-18 14:09:01.479 [restartedMain] INFO  o.a.c.c.C.[Tomcat].[localhost].[/] - Initializing Spring embedded WebApplicationContext
2024-07-18 14:09:01.509 [restartedMain] INFO  c.n.b.g.config.LogNCrashAppender - log send run
2024-07-18 14:09:01.509 [restartedMain] INFO  o.s.b.w.s.c.ServletWebServerApplicationContext - Root WebApplicationContext: initialization completed in 1182 ms
2024-07-18 14:09:01.546 [restartedMain] INFO  c.n.b.g.config.LogNCrashAppender - log send run
2024-07-18 14:09:01.872 [restartedMain] INFO  o.s.b.d.a.OptionalLiveReloadServer - LiveReload server is running on port 35729
2024-07-18 14:09:01.908 [restartedMain] INFO  c.n.b.g.config.LogNCrashAppender - log send run
2024-07-18 14:09:02.363 [restartedMain] INFO  o.s.b.a.w.s.WelcomePageHandlerMapping - Adding welcome page template: index
2024-07-18 14:09:02.407 [restartedMain] INFO  c.n.b.g.config.LogNCrashAppender - log send run
2024-07-18 14:09:02.465 [restartedMain] INFO  o.s.s.web.DefaultSecurityFilterChain - Will secure any request with [org.springframework.security.web.session.DisableEncodeUrlFilter@58adb636, org.springframework.security.web.context.request.async.WebAsyncManagerIntegrationFilter@15d99eef, org.springframework.security.web.context.SecurityContextHolderFilter@2beb315, org.springframework.security.web.header.HeaderWriterFilter@24424841, org.springframework.web.filter.CorsFilter@296c762e, org.springframework.security.web.authentication.logout.LogoutFilter@7a66caa2, org.springframework.security.web.savedrequest.RequestCacheAwareFilter@1c350cfc, org.springframework.security.web.servletapi.SecurityContextHolderAwareRequestFilter@3b01a17b, org.springframework.security.web.authentication.AnonymousAuthenticationFilter@7e434542, org.springframework.security.web.access.ExceptionTranslationFilter@55fe5dbc, org.springframework.security.web.access.intercept.AuthorizationFilter@36cc269f]
2024-07-18 14:09:02.503 [restartedMain] INFO  c.n.b.g.config.LogNCrashAppender - log send run
2024-07-18 14:09:03.038 [restartedMain] INFO  o.s.b.w.e.tomcat.TomcatWebServer - Tomcat started on port 8081 (http) with context path '/'
2024-07-18 14:09:03.152 [restartedMain] INFO  c.n.b.g.config.LogNCrashAppender - log send run
2024-07-18 14:09:03.168 [restartedMain] INFO  c.n.b.BookStoreFrontApplication - Started BookStoreFrontApplication in 3.279 seconds (process running for 406.834)
2024-07-18 14:09:03.179 [scheduling-1] INFO  c.n.b.global.config.CacheConfig - Refresh categoriesCache completed.
2024-07-18 14:09:03.211 [restartedMain] INFO  c.n.b.g.config.LogNCrashAppender - log send run
2024-07-18 14:09:03.212 [restartedMain] INFO  o.s.b.d.a.ConditionEvaluationDeltaLoggingListener - Condition evaluation unchanged
2024-07-18 14:09:03.242 [scheduling-1] INFO  c.n.b.g.config.LogNCrashAppender - log send run
2024-07-18 14:09:03.281 [restartedMain] INFO  c.n.b.g.config.LogNCrashAppender - log send run
2024-07-18 14:14:03.173 [scheduling-1] INFO  c.n.b.global.config.CacheConfig - Refresh categoriesCache completed.
2024-07-18 14:14:03.484 [scheduling-1] INFO  c.n.b.g.config.LogNCrashAppender - log send run
2024-07-18 14:16:20.633 [File Watcher] INFO  o.s.b.d.a.LocalDevToolsAutoConfiguration$RestartingClassPathChangeChangedEventListener - Restarting due to 2 class path changes (2 additions, 0 deletions, 0 modifications)
2024-07-18 14:16:20.729 [File Watcher] INFO  c.n.b.g.config.LogNCrashAppender - log send run
2024-07-18 14:16:21.287 [restartedMain] INFO  c.n.b.BookStoreFrontApplication - Starting BookStoreFrontApplication using Java 21.0.3 with PID 55042 (/Users/dlrudgjs/Desktop/GitHub/book-store-front/target/classes started by dlrudgjs in /Users/dlrudgjs/Desktop/GitHub/book-store-front)
2024-07-18 14:16:21.337 [restartedMain] INFO  c.n.b.g.config.LogNCrashAppender - log send run
2024-07-18 14:16:21.337 [restartedMain] INFO  c.n.b.BookStoreFrontApplication - The following 1 profile is active: "dev"
2024-07-18 14:16:21.349 [restartedMain] INFO  c.n.b.g.config.LogNCrashAppender - log send run
2024-07-18 14:16:21.671 [restartedMain] INFO  o.s.d.r.c.RepositoryConfigurationDelegate - Multiple Spring Data modules found, entering strict repository configuration mode
2024-07-18 14:16:21.683 [restartedMain] INFO  c.n.b.g.config.LogNCrashAppender - log send run
2024-07-18 14:16:21.683 [restartedMain] INFO  o.s.d.r.c.RepositoryConfigurationDelegate - Bootstrapping Spring Data Redis repositories in DEFAULT mode.
2024-07-18 14:16:21.692 [restartedMain] INFO  c.n.b.g.config.LogNCrashAppender - log send run
2024-07-18 14:16:21.706 [restartedMain] INFO  o.s.d.r.c.RepositoryConfigurationDelegate - Finished Spring Data repository scanning in 12 ms. Found 0 Redis repository interfaces.
2024-07-18 14:16:21.716 [restartedMain] INFO  c.n.b.g.config.LogNCrashAppender - log send run
2024-07-18 14:16:21.796 [restartedMain] INFO  o.s.cloud.context.scope.GenericScope - BeanFactory id=2e42bcd9-9a7a-36c3-b442-fe45ff66bcd2
2024-07-18 14:16:21.807 [restartedMain] INFO  c.n.b.g.config.LogNCrashAppender - log send run
2024-07-18 14:16:22.161 [restartedMain] INFO  o.s.b.w.e.tomcat.TomcatWebServer - Tomcat initialized with port 8081 (http)
2024-07-18 14:16:22.230 [restartedMain] INFO  c.n.b.g.config.LogNCrashAppender - log send run
2024-07-18 14:16:22.264 [restartedMain] INFO  o.a.catalina.core.StandardService - Starting service [Tomcat]
2024-07-18 14:16:22.277 [restartedMain] INFO  c.n.b.g.config.LogNCrashAppender - log send run
2024-07-18 14:16:22.277 [restartedMain] INFO  o.a.catalina.core.StandardEngine - Starting Servlet engine: [Apache Tomcat/10.1.24]
2024-07-18 14:16:22.291 [restartedMain] INFO  c.n.b.g.config.LogNCrashAppender - log send run
2024-07-18 14:16:22.316 [restartedMain] INFO  o.a.c.c.C.[Tomcat].[localhost].[/] - Initializing Spring embedded WebApplicationContext
2024-07-18 14:16:22.328 [restartedMain] INFO  c.n.b.g.config.LogNCrashAppender - log send run
2024-07-18 14:16:22.328 [restartedMain] INFO  o.s.b.w.s.c.ServletWebServerApplicationContext - Root WebApplicationContext: initialization completed in 962 ms
2024-07-18 14:16:22.339 [restartedMain] INFO  c.n.b.g.config.LogNCrashAppender - log send run
2024-07-18 14:16:22.734 [restartedMain] INFO  o.s.b.d.a.OptionalLiveReloadServer - LiveReload server is running on port 35729
2024-07-18 14:16:22.748 [restartedMain] INFO  c.n.b.g.config.LogNCrashAppender - log send run
2024-07-18 14:16:23.292 [restartedMain] INFO  o.s.b.a.w.s.WelcomePageHandlerMapping - Adding welcome page template: index
2024-07-18 14:16:23.305 [restartedMain] INFO  c.n.b.g.config.LogNCrashAppender - log send run
2024-07-18 14:16:23.406 [restartedMain] INFO  o.s.s.web.DefaultSecurityFilterChain - Will secure any request with [org.springframework.security.web.session.DisableEncodeUrlFilter@729a9d39, org.springframework.security.web.context.request.async.WebAsyncManagerIntegrationFilter@7704baf, org.springframework.security.web.context.SecurityContextHolderFilter@7f025cb6, org.springframework.security.web.header.HeaderWriterFilter@1ff9e74f, org.springframework.web.filter.CorsFilter@37644bf0, org.springframework.security.web.authentication.logout.LogoutFilter@74974c31, org.springframework.security.web.savedrequest.RequestCacheAwareFilter@2566c882, org.springframework.security.web.servletapi.SecurityContextHolderAwareRequestFilter@490e11a9, org.springframework.security.web.authentication.AnonymousAuthenticationFilter@352f0ad2, org.springframework.security.web.access.ExceptionTranslationFilter@39caa9de, org.springframework.security.web.access.intercept.AuthorizationFilter@7ebf9ed0]
2024-07-18 14:16:23.418 [restartedMain] INFO  c.n.b.g.config.LogNCrashAppender - log send run
2024-07-18 14:16:24.011 [restartedMain] INFO  o.s.b.w.e.tomcat.TomcatWebServer - Tomcat started on port 8081 (http) with context path '/'
2024-07-18 14:16:24.067 [restartedMain] INFO  c.n.b.g.config.LogNCrashAppender - log send run
2024-07-18 14:16:24.083 [restartedMain] INFO  c.n.b.BookStoreFrontApplication - Started BookStoreFrontApplication in 3.087 seconds (process running for 847.756)
2024-07-18 14:16:24.084 [scheduling-1] INFO  c.n.b.global.config.CacheConfig - Refresh categoriesCache completed.
2024-07-18 14:16:24.096 [restartedMain] INFO  c.n.b.g.config.LogNCrashAppender - log send run
2024-07-18 14:16:24.099 [restartedMain] INFO  o.s.b.d.a.ConditionEvaluationDeltaLoggingListener - Condition evaluation unchanged
2024-07-18 14:16:24.106 [scheduling-1] INFO  c.n.b.g.config.LogNCrashAppender - log send run
2024-07-18 14:16:24.116 [restartedMain] INFO  c.n.b.g.config.LogNCrashAppender - log send run
2024-07-18 14:20:19.447 [File Watcher] INFO  o.s.b.d.a.LocalDevToolsAutoConfiguration$RestartingClassPathChangeChangedEventListener - Restarting due to 1 class path change (0 additions, 1 deletion, 0 modifications)
2024-07-18 14:20:19.712 [File Watcher] INFO  c.n.b.g.config.LogNCrashAppender - log send run
2024-07-18 14:20:20.266 [restartedMain] INFO  c.n.b.BookStoreFrontApplication - Starting BookStoreFrontApplication using Java 21.0.3 with PID 55042 (/Users/dlrudgjs/Desktop/GitHub/book-store-front/target/classes started by dlrudgjs in /Users/dlrudgjs/Desktop/GitHub/book-store-front)
2024-07-18 14:20:20.359 [restartedMain] INFO  c.n.b.g.config.LogNCrashAppender - log send run
2024-07-18 14:20:20.360 [restartedMain] INFO  c.n.b.BookStoreFrontApplication - The following 1 profile is active: "dev"
2024-07-18 14:20:20.395 [restartedMain] INFO  c.n.b.g.config.LogNCrashAppender - log send run
2024-07-18 14:20:20.777 [restartedMain] INFO  o.s.d.r.c.RepositoryConfigurationDelegate - Multiple Spring Data modules found, entering strict repository configuration mode
2024-07-18 14:20:20.831 [restartedMain] INFO  c.n.b.g.config.LogNCrashAppender - log send run
2024-07-18 14:20:20.831 [restartedMain] INFO  o.s.d.r.c.RepositoryConfigurationDelegate - Bootstrapping Spring Data Redis repositories in DEFAULT mode.
2024-07-18 14:20:20.869 [restartedMain] INFO  c.n.b.g.config.LogNCrashAppender - log send run
2024-07-18 14:20:20.895 [restartedMain] INFO  o.s.d.r.c.RepositoryConfigurationDelegate - Finished Spring Data repository scanning in 24 ms. Found 0 Redis repository interfaces.
2024-07-18 14:20:20.942 [restartedMain] INFO  c.n.b.g.config.LogNCrashAppender - log send run
2024-07-18 14:20:21.060 [restartedMain] INFO  o.s.cloud.context.scope.GenericScope - BeanFactory id=9c901442-b482-3e5c-80c8-7537a7357ec1
2024-07-18 14:20:21.097 [restartedMain] INFO  c.n.b.g.config.LogNCrashAppender - log send run
2024-07-18 14:20:21.616 [restartedMain] INFO  o.s.b.w.e.tomcat.TomcatWebServer - Tomcat initialized with port 8081 (http)
2024-07-18 14:20:21.770 [restartedMain] INFO  c.n.b.g.config.LogNCrashAppender - log send run
2024-07-18 14:20:21.789 [restartedMain] INFO  o.a.catalina.core.StandardService - Starting service [Tomcat]
2024-07-18 14:20:21.822 [restartedMain] INFO  c.n.b.g.config.LogNCrashAppender - log send run
2024-07-18 14:20:21.822 [restartedMain] INFO  o.a.catalina.core.StandardEngine - Starting Servlet engine: [Apache Tomcat/10.1.24]
2024-07-18 14:20:21.853 [restartedMain] INFO  c.n.b.g.config.LogNCrashAppender - log send run
2024-07-18 14:20:21.887 [restartedMain] INFO  o.a.c.c.C.[Tomcat].[localhost].[/] - Initializing Spring embedded WebApplicationContext
2024-07-18 14:20:21.919 [restartedMain] INFO  c.n.b.g.config.LogNCrashAppender - log send run
2024-07-18 14:20:21.919 [restartedMain] INFO  o.s.b.w.s.c.ServletWebServerApplicationContext - Root WebApplicationContext: initialization completed in 1503 ms
2024-07-18 14:20:21.947 [restartedMain] INFO  c.n.b.g.config.LogNCrashAppender - log send run
2024-07-18 14:20:22.298 [restartedMain] INFO  o.s.b.d.a.OptionalLiveReloadServer - LiveReload server is running on port 35729
2024-07-18 14:20:22.341 [restartedMain] INFO  c.n.b.g.config.LogNCrashAppender - log send run
2024-07-18 14:20:22.980 [restartedMain] INFO  o.s.b.a.w.s.WelcomePageHandlerMapping - Adding welcome page template: index
2024-07-18 14:20:23.016 [restartedMain] INFO  c.n.b.g.config.LogNCrashAppender - log send run
2024-07-18 14:20:23.131 [restartedMain] INFO  o.s.s.web.DefaultSecurityFilterChain - Will secure any request with [org.springframework.security.web.session.DisableEncodeUrlFilter@28dfc63a, org.springframework.security.web.context.request.async.WebAsyncManagerIntegrationFilter@1d630d48, org.springframework.security.web.context.SecurityContextHolderFilter@3c85e6b6, org.springframework.security.web.header.HeaderWriterFilter@35d8586e, org.springframework.web.filter.CorsFilter@5719bfbd, org.springframework.security.web.authentication.logout.LogoutFilter@1227da83, org.springframework.security.web.savedrequest.RequestCacheAwareFilter@5b2e87c8, org.springframework.security.web.servletapi.SecurityContextHolderAwareRequestFilter@766801c8, org.springframework.security.web.authentication.AnonymousAuthenticationFilter@3ce8fd1c, org.springframework.security.web.access.ExceptionTranslationFilter@529ffe83, org.springframework.security.web.access.intercept.AuthorizationFilter@1d8ec280]
2024-07-18 14:20:23.159 [restartedMain] INFO  c.n.b.g.config.LogNCrashAppender - log send run
2024-07-18 14:20:23.816 [restartedMain] INFO  o.s.b.w.e.tomcat.TomcatWebServer - Tomcat started on port 8081 (http) with context path '/'
2024-07-18 14:20:23.945 [restartedMain] INFO  c.n.b.g.config.LogNCrashAppender - log send run
2024-07-18 14:20:23.963 [restartedMain] INFO  c.n.b.BookStoreFrontApplication - Started BookStoreFrontApplication in 3.981 seconds (process running for 1087.639)
2024-07-18 14:20:23.964 [scheduling-1] INFO  c.n.b.global.config.CacheConfig - Refresh categoriesCache completed.
2024-07-18 14:20:24.008 [restartedMain] INFO  c.n.b.g.config.LogNCrashAppender - log send run
2024-07-18 14:20:24.010 [restartedMain] INFO  o.s.b.d.a.ConditionEvaluationDeltaLoggingListener - Condition evaluation unchanged
2024-07-18 14:20:24.048 [scheduling-1] INFO  c.n.b.g.config.LogNCrashAppender - log send run
2024-07-18 14:20:24.092 [restartedMain] INFO  c.n.b.g.config.LogNCrashAppender - log send run
2024-07-18 14:20:25.238 [File Watcher] INFO  o.s.b.d.a.LocalDevToolsAutoConfiguration$RestartingClassPathChangeChangedEventListener - Restarting due to 1 class path change (1 addition, 0 deletions, 0 modifications)
2024-07-18 14:20:25.271 [File Watcher] INFO  c.n.b.g.config.LogNCrashAppender - log send run
2024-07-18 14:20:25.677 [restartedMain] INFO  c.n.b.BookStoreFrontApplication - Starting BookStoreFrontApplication using Java 21.0.3 with PID 55042 (/Users/dlrudgjs/Desktop/GitHub/book-store-front/target/classes started by dlrudgjs in /Users/dlrudgjs/Desktop/GitHub/book-store-front)
2024-07-18 14:20:25.775 [restartedMain] INFO  c.n.b.g.config.LogNCrashAppender - log send run
2024-07-18 14:20:25.776 [restartedMain] INFO  c.n.b.BookStoreFrontApplication - The following 1 profile is active: "dev"
2024-07-18 14:20:25.807 [restartedMain] INFO  c.n.b.g.config.LogNCrashAppender - log send run
2024-07-18 14:20:26.049 [restartedMain] INFO  o.s.d.r.c.RepositoryConfigurationDelegate - Multiple Spring Data modules found, entering strict repository configuration mode
2024-07-18 14:20:26.100 [restartedMain] INFO  c.n.b.g.config.LogNCrashAppender - log send run
2024-07-18 14:20:26.100 [restartedMain] INFO  o.s.d.r.c.RepositoryConfigurationDelegate - Bootstrapping Spring Data Redis repositories in DEFAULT mode.
2024-07-18 14:20:26.125 [restartedMain] INFO  c.n.b.g.config.LogNCrashAppender - log send run
2024-07-18 14:20:26.139 [restartedMain] INFO  o.s.d.r.c.RepositoryConfigurationDelegate - Finished Spring Data repository scanning in 13 ms. Found 0 Redis repository interfaces.
2024-07-18 14:20:26.168 [restartedMain] INFO  c.n.b.g.config.LogNCrashAppender - log send run
2024-07-18 14:20:26.240 [restartedMain] INFO  o.s.cloud.context.scope.GenericScope - BeanFactory id=2e42bcd9-9a7a-36c3-b442-fe45ff66bcd2
2024-07-18 14:20:26.270 [restartedMain] INFO  c.n.b.g.config.LogNCrashAppender - log send run
2024-07-18 14:20:26.586 [restartedMain] INFO  o.s.b.w.e.tomcat.TomcatWebServer - Tomcat initialized with port 8081 (http)
2024-07-18 14:20:26.699 [restartedMain] INFO  c.n.b.g.config.LogNCrashAppender - log send run
2024-07-18 14:20:26.706 [restartedMain] INFO  o.a.catalina.core.StandardService - Starting service [Tomcat]
2024-07-18 14:20:26.738 [restartedMain] INFO  c.n.b.g.config.LogNCrashAppender - log send run
2024-07-18 14:20:26.738 [restartedMain] INFO  o.a.catalina.core.StandardEngine - Starting Servlet engine: [Apache Tomcat/10.1.24]
2024-07-18 14:20:26.770 [restartedMain] INFO  c.n.b.g.config.LogNCrashAppender - log send run
2024-07-18 14:20:26.795 [restartedMain] INFO  o.a.c.c.C.[Tomcat].[localhost].[/] - Initializing Spring embedded WebApplicationContext
2024-07-18 14:20:26.854 [restartedMain] INFO  c.n.b.g.config.LogNCrashAppender - log send run
2024-07-18 14:20:26.855 [restartedMain] INFO  o.s.b.w.s.c.ServletWebServerApplicationContext - Root WebApplicationContext: initialization completed in 1032 ms
2024-07-18 14:20:26.895 [restartedMain] INFO  c.n.b.g.config.LogNCrashAppender - log send run
2024-07-18 14:20:27.208 [restartedMain] INFO  o.s.b.d.a.OptionalLiveReloadServer - LiveReload server is running on port 35729
2024-07-18 14:20:27.250 [restartedMain] INFO  c.n.b.g.config.LogNCrashAppender - log send run
2024-07-18 14:20:27.806 [restartedMain] INFO  o.s.b.a.w.s.WelcomePageHandlerMapping - Adding welcome page template: index
2024-07-18 14:20:27.849 [restartedMain] INFO  c.n.b.g.config.LogNCrashAppender - log send run
2024-07-18 14:20:27.907 [restartedMain] INFO  o.s.s.web.DefaultSecurityFilterChain - Will secure any request with [org.springframework.security.web.session.DisableEncodeUrlFilter@25a1960, org.springframework.security.web.context.request.async.WebAsyncManagerIntegrationFilter@13bd0565, org.springframework.security.web.context.SecurityContextHolderFilter@1efcb9cc, org.springframework.security.web.header.HeaderWriterFilter@1a8cee8e, org.springframework.web.filter.CorsFilter@7b2417c7, org.springframework.security.web.authentication.logout.LogoutFilter@49157de9, org.springframework.security.web.savedrequest.RequestCacheAwareFilter@11a576c2, org.springframework.security.web.servletapi.SecurityContextHolderAwareRequestFilter@4f59ff5c, org.springframework.security.web.authentication.AnonymousAuthenticationFilter@5a5f400, org.springframework.security.web.access.ExceptionTranslationFilter@2f2e3183, org.springframework.security.web.access.intercept.AuthorizationFilter@6ee203a0]
2024-07-18 14:20:27.949 [restartedMain] INFO  c.n.b.g.config.LogNCrashAppender - log send run
2024-07-18 14:20:28.528 [restartedMain] INFO  o.s.b.w.e.tomcat.TomcatWebServer - Tomcat started on port 8081 (http) with context path '/'
2024-07-18 14:20:28.670 [restartedMain] INFO  c.n.b.g.config.LogNCrashAppender - log send run
2024-07-18 14:20:28.689 [restartedMain] INFO  c.n.b.BookStoreFrontApplication - Started BookStoreFrontApplication in 3.256 seconds (process running for 1092.366)
2024-07-18 14:20:28.701 [scheduling-1] INFO  c.n.b.global.config.CacheConfig - Refresh categoriesCache completed.
2024-07-18 14:20:28.722 [restartedMain] INFO  c.n.b.g.config.LogNCrashAppender - log send run
2024-07-18 14:20:28.724 [restartedMain] INFO  o.s.b.d.a.ConditionEvaluationDeltaLoggingListener - Condition evaluation unchanged
2024-07-18 14:20:28.760 [scheduling-1] INFO  c.n.b.g.config.LogNCrashAppender - log send run
2024-07-18 14:20:28.796 [restartedMain] INFO  c.n.b.g.config.LogNCrashAppender - log send run
2024-07-18 14:20:45.329 [File Watcher] INFO  o.s.b.d.a.LocalDevToolsAutoConfiguration$RestartingClassPathChangeChangedEventListener - Restarting due to 1 class path change (0 additions, 1 deletion, 0 modifications)
2024-07-18 14:20:45.385 [File Watcher] INFO  c.n.b.g.config.LogNCrashAppender - log send run
2024-07-18 14:20:45.908 [restartedMain] INFO  c.n.b.BookStoreFrontApplication - Starting BookStoreFrontApplication using Java 21.0.3 with PID 55042 (/Users/dlrudgjs/Desktop/GitHub/book-store-front/target/classes started by dlrudgjs in /Users/dlrudgjs/Desktop/GitHub/book-store-front)
2024-07-18 14:20:46.046 [restartedMain] INFO  c.n.b.g.config.LogNCrashAppender - log send run
2024-07-18 14:20:46.047 [restartedMain] INFO  c.n.b.BookStoreFrontApplication - The following 1 profile is active: "dev"
2024-07-18 14:20:46.111 [restartedMain] INFO  c.n.b.g.config.LogNCrashAppender - log send run
2024-07-18 14:20:46.498 [restartedMain] INFO  o.s.d.r.c.RepositoryConfigurationDelegate - Multiple Spring Data modules found, entering strict repository configuration mode
2024-07-18 14:20:46.530 [restartedMain] INFO  c.n.b.g.config.LogNCrashAppender - log send run
2024-07-18 14:20:46.530 [restartedMain] INFO  o.s.d.r.c.RepositoryConfigurationDelegate - Bootstrapping Spring Data Redis repositories in DEFAULT mode.
2024-07-18 14:20:46.564 [restartedMain] INFO  c.n.b.g.config.LogNCrashAppender - log send run
2024-07-18 14:20:46.580 [restartedMain] INFO  o.s.d.r.c.RepositoryConfigurationDelegate - Finished Spring Data repository scanning in 14 ms. Found 0 Redis repository interfaces.
2024-07-18 14:20:46.606 [restartedMain] INFO  c.n.b.g.config.LogNCrashAppender - log send run
2024-07-18 14:20:46.688 [restartedMain] INFO  o.s.cloud.context.scope.GenericScope - BeanFactory id=9c901442-b482-3e5c-80c8-7537a7357ec1
2024-07-18 14:20:46.716 [restartedMain] INFO  c.n.b.g.config.LogNCrashAppender - log send run
2024-07-18 14:20:46.924 [restartedMain] INFO  o.s.b.w.e.tomcat.TomcatWebServer - Tomcat initialized with port 8081 (http)
2024-07-18 14:20:46.959 [restartedMain] INFO  c.n.b.g.config.LogNCrashAppender - log send run
2024-07-18 14:20:46.962 [restartedMain] INFO  o.a.catalina.core.StandardService - Starting service [Tomcat]
2024-07-18 14:20:47.000 [restartedMain] INFO  c.n.b.g.config.LogNCrashAppender - log send run
2024-07-18 14:20:47.001 [restartedMain] INFO  o.a.catalina.core.StandardEngine - Starting Servlet engine: [Apache Tomcat/10.1.24]
2024-07-18 14:20:47.027 [restartedMain] INFO  c.n.b.g.config.LogNCrashAppender - log send run
2024-07-18 14:20:47.045 [restartedMain] INFO  o.a.c.c.C.[Tomcat].[localhost].[/] - Initializing Spring embedded WebApplicationContext
2024-07-18 14:20:47.074 [restartedMain] INFO  c.n.b.g.config.LogNCrashAppender - log send run
2024-07-18 14:20:47.074 [restartedMain] INFO  o.s.b.w.s.c.ServletWebServerApplicationContext - Root WebApplicationContext: initialization completed in 943 ms
2024-07-18 14:20:47.104 [restartedMain] INFO  c.n.b.g.config.LogNCrashAppender - log send run
2024-07-18 14:20:47.850 [restartedMain] INFO  o.s.b.d.a.OptionalLiveReloadServer - LiveReload server is running on port 35729
2024-07-18 14:20:47.978 [restartedMain] INFO  c.n.b.g.config.LogNCrashAppender - log send run
2024-07-18 14:20:48.586 [restartedMain] INFO  o.s.b.a.w.s.WelcomePageHandlerMapping - Adding welcome page template: index
2024-07-18 14:20:48.723 [restartedMain] INFO  c.n.b.g.config.LogNCrashAppender - log send run
2024-07-18 14:20:48.835 [restartedMain] INFO  o.s.s.web.DefaultSecurityFilterChain - Will secure any request with [org.springframework.security.web.session.DisableEncodeUrlFilter@3a91bdbc, org.springframework.security.web.context.request.async.WebAsyncManagerIntegrationFilter@6e78fde9, org.springframework.security.web.context.SecurityContextHolderFilter@72d75bf2, org.springframework.security.web.header.HeaderWriterFilter@3b140435, org.springframework.web.filter.CorsFilter@3e54317b, org.springframework.security.web.authentication.logout.LogoutFilter@257ccc81, org.springframework.security.web.savedrequest.RequestCacheAwareFilter@3594d61a, org.springframework.security.web.servletapi.SecurityContextHolderAwareRequestFilter@76929544, org.springframework.security.web.authentication.AnonymousAuthenticationFilter@649263a8, org.springframework.security.web.access.ExceptionTranslationFilter@54c2f0fc, org.springframework.security.web.access.intercept.AuthorizationFilter@68d65940]
2024-07-18 14:20:48.868 [restartedMain] INFO  c.n.b.g.config.LogNCrashAppender - log send run
2024-07-18 14:20:49.454 [restartedMain] INFO  o.s.b.w.e.tomcat.TomcatWebServer - Tomcat started on port 8081 (http) with context path '/'
2024-07-18 14:20:49.606 [restartedMain] INFO  c.n.b.g.config.LogNCrashAppender - log send run
2024-07-18 14:20:49.635 [restartedMain] INFO  c.n.b.BookStoreFrontApplication - Started BookStoreFrontApplication in 4.004 seconds (process running for 1113.312)
2024-07-18 14:20:49.648 [scheduling-1] INFO  c.n.b.global.config.CacheConfig - Refresh categoriesCache completed.
2024-07-18 14:20:49.782 [restartedMain] INFO  c.n.b.g.config.LogNCrashAppender - log send run
2024-07-18 14:20:49.786 [restartedMain] INFO  o.s.b.d.a.ConditionEvaluationDeltaLoggingListener - Condition evaluation unchanged
2024-07-18 14:20:49.809 [scheduling-1] INFO  c.n.b.g.config.LogNCrashAppender - log send run
2024-07-18 14:20:49.838 [restartedMain] INFO  c.n.b.g.config.LogNCrashAppender - log send run
2024-07-18 14:20:50.567 [File Watcher] INFO  o.s.b.d.a.LocalDevToolsAutoConfiguration$RestartingClassPathChangeChangedEventListener - Restarting due to 1 class path change (1 addition, 0 deletions, 0 modifications)
2024-07-18 14:20:50.599 [File Watcher] INFO  c.n.b.g.config.LogNCrashAppender - log send run
2024-07-18 14:20:51.034 [restartedMain] INFO  c.n.b.BookStoreFrontApplication - Starting BookStoreFrontApplication using Java 21.0.3 with PID 55042 (/Users/dlrudgjs/Desktop/GitHub/book-store-front/target/classes started by dlrudgjs in /Users/dlrudgjs/Desktop/GitHub/book-store-front)
2024-07-18 14:20:51.146 [restartedMain] INFO  c.n.b.g.config.LogNCrashAppender - log send run
2024-07-18 14:20:51.147 [restartedMain] INFO  c.n.b.BookStoreFrontApplication - The following 1 profile is active: "dev"
2024-07-18 14:20:51.212 [restartedMain] INFO  c.n.b.g.config.LogNCrashAppender - log send run
2024-07-18 14:20:51.481 [restartedMain] INFO  o.s.d.r.c.RepositoryConfigurationDelegate - Multiple Spring Data modules found, entering strict repository configuration mode
2024-07-18 14:20:51.525 [restartedMain] INFO  c.n.b.g.config.LogNCrashAppender - log send run
2024-07-18 14:20:51.525 [restartedMain] INFO  o.s.d.r.c.RepositoryConfigurationDelegate - Bootstrapping Spring Data Redis repositories in DEFAULT mode.
2024-07-18 14:20:51.566 [restartedMain] INFO  c.n.b.g.config.LogNCrashAppender - log send run
2024-07-18 14:20:51.582 [restartedMain] INFO  o.s.d.r.c.RepositoryConfigurationDelegate - Finished Spring Data repository scanning in 14 ms. Found 0 Redis repository interfaces.
2024-07-18 14:20:51.614 [restartedMain] INFO  c.n.b.g.config.LogNCrashAppender - log send run
2024-07-18 14:20:51.695 [restartedMain] INFO  o.s.cloud.context.scope.GenericScope - BeanFactory id=2e42bcd9-9a7a-36c3-b442-fe45ff66bcd2
2024-07-18 14:20:51.738 [restartedMain] INFO  c.n.b.g.config.LogNCrashAppender - log send run
2024-07-18 14:20:51.885 [restartedMain] INFO  o.s.b.w.e.tomcat.TomcatWebServer - Tomcat initialized with port 8081 (http)
2024-07-18 14:20:51.924 [restartedMain] INFO  c.n.b.g.config.LogNCrashAppender - log send run
2024-07-18 14:20:51.928 [restartedMain] INFO  o.a.catalina.core.StandardService - Starting service [Tomcat]
2024-07-18 14:20:51.968 [restartedMain] INFO  c.n.b.g.config.LogNCrashAppender - log send run
2024-07-18 14:20:51.968 [restartedMain] INFO  o.a.catalina.core.StandardEngine - Starting Servlet engine: [Apache Tomcat/10.1.24]
2024-07-18 14:20:52.006 [restartedMain] INFO  c.n.b.g.config.LogNCrashAppender - log send run
2024-07-18 14:20:52.126 [restartedMain] INFO  o.a.c.c.C.[Tomcat].[localhost].[/] - Initializing Spring embedded WebApplicationContext
2024-07-18 14:20:52.272 [restartedMain] INFO  c.n.b.g.config.LogNCrashAppender - log send run
2024-07-18 14:20:52.274 [restartedMain] INFO  o.s.b.w.s.c.ServletWebServerApplicationContext - Root WebApplicationContext: initialization completed in 1044 ms
2024-07-18 14:20:52.341 [restartedMain] INFO  c.n.b.g.config.LogNCrashAppender - log send run
2024-07-18 14:20:52.883 [restartedMain] INFO  o.s.b.d.a.OptionalLiveReloadServer - LiveReload server is running on port 35729
2024-07-18 14:20:52.919 [restartedMain] INFO  c.n.b.g.config.LogNCrashAppender - log send run
2024-07-18 14:20:53.468 [restartedMain] INFO  o.s.b.a.w.s.WelcomePageHandlerMapping - Adding welcome page template: index
2024-07-18 14:20:53.499 [restartedMain] INFO  c.n.b.g.config.LogNCrashAppender - log send run
2024-07-18 14:20:53.574 [restartedMain] INFO  o.s.s.web.DefaultSecurityFilterChain - Will secure any request with [org.springframework.security.web.session.DisableEncodeUrlFilter@19fa6df5, org.springframework.security.web.context.request.async.WebAsyncManagerIntegrationFilter@200cc870, org.springframework.security.web.context.SecurityContextHolderFilter@739970e1, org.springframework.security.web.header.HeaderWriterFilter@774f4e5a, org.springframework.web.filter.CorsFilter@49a4592b, org.springframework.security.web.authentication.logout.LogoutFilter@6bd02ed2, org.springframework.security.web.savedrequest.RequestCacheAwareFilter@7b8623e9, org.springframework.security.web.servletapi.SecurityContextHolderAwareRequestFilter@5e46ea29, org.springframework.security.web.authentication.AnonymousAuthenticationFilter@250ea4c3, org.springframework.security.web.access.ExceptionTranslationFilter@4cbd3b13, org.springframework.security.web.access.intercept.AuthorizationFilter@6251d2fe]
2024-07-18 14:20:53.604 [restartedMain] INFO  c.n.b.g.config.LogNCrashAppender - log send run
2024-07-18 14:20:53.988 [restartedMain] INFO  o.s.b.w.e.tomcat.TomcatWebServer - Tomcat started on port 8081 (http) with context path '/'
2024-07-18 14:20:54.151 [restartedMain] INFO  c.n.b.g.config.LogNCrashAppender - log send run
2024-07-18 14:20:54.184 [restartedMain] INFO  c.n.b.BookStoreFrontApplication - Started BookStoreFrontApplication in 3.405 seconds (process running for 1117.861)
2024-07-18 14:20:54.196 [scheduling-1] INFO  c.n.b.global.config.CacheConfig - Refresh categoriesCache completed.
2024-07-18 14:20:54.235 [restartedMain] INFO  c.n.b.g.config.LogNCrashAppender - log send run
2024-07-18 14:20:54.238 [restartedMain] INFO  o.s.b.d.a.ConditionEvaluationDeltaLoggingListener - Condition evaluation unchanged
2024-07-18 14:20:54.273 [scheduling-1] INFO  c.n.b.g.config.LogNCrashAppender - log send run
2024-07-18 14:20:54.300 [restartedMain] INFO  c.n.b.g.config.LogNCrashAppender - log send run
2024-07-18 14:23:06.107 [http-nio-8081-exec-3] INFO  o.a.c.c.C.[Tomcat].[localhost].[/] - Initializing Spring DispatcherServlet 'dispatcherServlet'
2024-07-18 14:23:06.188 [http-nio-8081-exec-3] INFO  c.n.b.g.config.LogNCrashAppender - log send run
2024-07-18 14:23:06.191 [http-nio-8081-exec-3] INFO  o.s.web.servlet.DispatcherServlet - Initializing Servlet 'dispatcherServlet'
2024-07-18 14:23:06.201 [http-nio-8081-exec-3] INFO  c.n.b.g.config.LogNCrashAppender - log send run
2024-07-18 14:23:06.205 [http-nio-8081-exec-3] INFO  o.s.web.servlet.DispatcherServlet - Completed initialization in 4 ms
2024-07-18 14:23:06.217 [http-nio-8081-exec-3] INFO  c.n.b.g.config.LogNCrashAppender - log send run
2024-07-18 14:23:08.815 [File Watcher] INFO  o.s.b.d.a.LocalDevToolsAutoConfiguration$RestartingClassPathChangeChangedEventListener - Restarting due to 1 class path change (0 additions, 1 deletion, 0 modifications)
2024-07-18 14:23:08.828 [File Watcher] INFO  c.n.b.g.config.LogNCrashAppender - log send run
2024-07-18 14:23:09.382 [restartedMain] INFO  c.n.b.BookStoreFrontApplication - Starting BookStoreFrontApplication using Java 21.0.3 with PID 55042 (/Users/dlrudgjs/Desktop/GitHub/book-store-front/target/classes started by dlrudgjs in /Users/dlrudgjs/Desktop/GitHub/book-store-front)
2024-07-18 14:23:09.442 [restartedMain] INFO  c.n.b.g.config.LogNCrashAppender - log send run
2024-07-18 14:23:09.443 [restartedMain] INFO  c.n.b.BookStoreFrontApplication - The following 1 profile is active: "dev"
2024-07-18 14:23:09.456 [restartedMain] INFO  c.n.b.g.config.LogNCrashAppender - log send run
2024-07-18 14:23:09.846 [restartedMain] INFO  o.s.d.r.c.RepositoryConfigurationDelegate - Multiple Spring Data modules found, entering strict repository configuration mode
2024-07-18 14:23:09.857 [restartedMain] INFO  c.n.b.g.config.LogNCrashAppender - log send run
2024-07-18 14:23:09.858 [restartedMain] INFO  o.s.d.r.c.RepositoryConfigurationDelegate - Bootstrapping Spring Data Redis repositories in DEFAULT mode.
2024-07-18 14:23:09.867 [restartedMain] INFO  c.n.b.g.config.LogNCrashAppender - log send run
2024-07-18 14:23:09.883 [restartedMain] INFO  o.s.d.r.c.RepositoryConfigurationDelegate - Finished Spring Data repository scanning in 14 ms. Found 0 Redis repository interfaces.
2024-07-18 14:23:09.893 [restartedMain] INFO  c.n.b.g.config.LogNCrashAppender - log send run
2024-07-18 14:23:09.985 [restartedMain] INFO  o.s.cloud.context.scope.GenericScope - BeanFactory id=61dff6e5-4ca3-3659-9d54-83d699a22d76
2024-07-18 14:23:09.996 [restartedMain] INFO  c.n.b.g.config.LogNCrashAppender - log send run
2024-07-18 14:23:10.231 [restartedMain] INFO  o.s.b.w.e.tomcat.TomcatWebServer - Tomcat initialized with port 8081 (http)
2024-07-18 14:23:10.242 [restartedMain] INFO  c.n.b.g.config.LogNCrashAppender - log send run
2024-07-18 14:23:10.247 [restartedMain] INFO  o.a.catalina.core.StandardService - Starting service [Tomcat]
2024-07-18 14:23:10.258 [restartedMain] INFO  c.n.b.g.config.LogNCrashAppender - log send run
2024-07-18 14:23:10.258 [restartedMain] INFO  o.a.catalina.core.StandardEngine - Starting Servlet engine: [Apache Tomcat/10.1.24]
2024-07-18 14:23:10.269 [restartedMain] INFO  c.n.b.g.config.LogNCrashAppender - log send run
2024-07-18 14:23:10.396 [restartedMain] INFO  o.a.c.c.C.[Tomcat].[localhost].[/] - Initializing Spring embedded WebApplicationContext
2024-07-18 14:23:10.485 [restartedMain] INFO  c.n.b.g.config.LogNCrashAppender - log send run
2024-07-18 14:23:10.487 [restartedMain] INFO  o.s.b.w.s.c.ServletWebServerApplicationContext - Root WebApplicationContext: initialization completed in 1012 ms
2024-07-18 14:23:10.504 [restartedMain] INFO  c.n.b.g.config.LogNCrashAppender - log send run
2024-07-18 14:23:11.089 [restartedMain] INFO  o.s.b.d.a.OptionalLiveReloadServer - LiveReload server is running on port 35729
2024-07-18 14:23:11.106 [restartedMain] INFO  c.n.b.g.config.LogNCrashAppender - log send run
2024-07-18 14:23:11.713 [restartedMain] INFO  o.s.b.a.w.s.WelcomePageHandlerMapping - Adding welcome page template: index
2024-07-18 14:23:11.728 [restartedMain] INFO  c.n.b.g.config.LogNCrashAppender - log send run
2024-07-18 14:23:11.807 [restartedMain] INFO  o.s.s.web.DefaultSecurityFilterChain - Will secure any request with [org.springframework.security.web.session.DisableEncodeUrlFilter@41016a12, org.springframework.security.web.context.request.async.WebAsyncManagerIntegrationFilter@3092161c, org.springframework.security.web.context.SecurityContextHolderFilter@29f8e7be, org.springframework.security.web.header.HeaderWriterFilter@6f51311, org.springframework.web.filter.CorsFilter@1b5220a4, org.springframework.security.web.authentication.logout.LogoutFilter@1f76627a, org.springframework.security.web.savedrequest.RequestCacheAwareFilter@1196b8f9, org.springframework.security.web.servletapi.SecurityContextHolderAwareRequestFilter@5f9e4391, org.springframework.security.web.authentication.AnonymousAuthenticationFilter@4a707050, org.springframework.security.web.access.ExceptionTranslationFilter@22fd8775, org.springframework.security.web.access.intercept.AuthorizationFilter@47f2c02e]
2024-07-18 14:23:11.818 [restartedMain] INFO  c.n.b.g.config.LogNCrashAppender - log send run
2024-07-18 14:23:12.470 [restartedMain] INFO  o.s.b.w.e.tomcat.TomcatWebServer - Tomcat started on port 8081 (http) with context path '/'
2024-07-18 14:23:12.537 [restartedMain] INFO  c.n.b.g.config.LogNCrashAppender - log send run
2024-07-18 14:23:12.571 [restartedMain] INFO  c.n.b.BookStoreFrontApplication - Started BookStoreFrontApplication in 3.519 seconds (process running for 1256.25)
2024-07-18 14:23:12.601 [restartedMain] INFO  c.n.b.g.config.LogNCrashAppender - log send run
2024-07-18 14:23:12.611 [scheduling-1] INFO  c.n.b.global.config.CacheConfig - Refresh categoriesCache completed.
2024-07-18 14:23:12.611 [restartedMain] INFO  o.s.b.d.a.ConditionEvaluationDeltaLoggingListener - Condition evaluation unchanged
2024-07-18 14:23:12.623 [scheduling-1] INFO  c.n.b.g.config.LogNCrashAppender - log send run
2024-07-18 14:23:12.639 [restartedMain] INFO  c.n.b.g.config.LogNCrashAppender - log send run
2024-07-18 14:23:13.836 [File Watcher] INFO  o.s.b.d.a.LocalDevToolsAutoConfiguration$RestartingClassPathChangeChangedEventListener - Restarting due to 1 class path change (1 addition, 0 deletions, 0 modifications)
2024-07-18 14:23:13.849 [File Watcher] INFO  c.n.b.g.config.LogNCrashAppender - log send run
2024-07-18 14:23:14.297 [restartedMain] INFO  c.n.b.BookStoreFrontApplication - Starting BookStoreFrontApplication using Java 21.0.3 with PID 55042 (/Users/dlrudgjs/Desktop/GitHub/book-store-front/target/classes started by dlrudgjs in /Users/dlrudgjs/Desktop/GitHub/book-store-front)
2024-07-18 14:23:14.359 [restartedMain] INFO  c.n.b.g.config.LogNCrashAppender - log send run
2024-07-18 14:23:14.360 [restartedMain] INFO  c.n.b.BookStoreFrontApplication - The following 1 profile is active: "dev"
2024-07-18 14:23:14.373 [restartedMain] INFO  c.n.b.g.config.LogNCrashAppender - log send run
2024-07-18 14:23:14.641 [restartedMain] INFO  o.s.d.r.c.RepositoryConfigurationDelegate - Multiple Spring Data modules found, entering strict repository configuration mode
2024-07-18 14:23:14.652 [restartedMain] INFO  c.n.b.g.config.LogNCrashAppender - log send run
2024-07-18 14:23:14.652 [restartedMain] INFO  o.s.d.r.c.RepositoryConfigurationDelegate - Bootstrapping Spring Data Redis repositories in DEFAULT mode.
2024-07-18 14:23:14.662 [restartedMain] INFO  c.n.b.g.config.LogNCrashAppender - log send run
2024-07-18 14:23:14.676 [restartedMain] INFO  o.s.d.r.c.RepositoryConfigurationDelegate - Finished Spring Data repository scanning in 12 ms. Found 0 Redis repository interfaces.
2024-07-18 14:23:14.687 [restartedMain] INFO  c.n.b.g.config.LogNCrashAppender - log send run
2024-07-18 14:23:14.765 [restartedMain] INFO  o.s.cloud.context.scope.GenericScope - BeanFactory id=2e42bcd9-9a7a-36c3-b442-fe45ff66bcd2
2024-07-18 14:23:14.776 [restartedMain] INFO  c.n.b.g.config.LogNCrashAppender - log send run
2024-07-18 14:23:14.939 [restartedMain] INFO  o.s.b.w.e.tomcat.TomcatWebServer - Tomcat initialized with port 8081 (http)
2024-07-18 14:23:14.951 [restartedMain] INFO  c.n.b.g.config.LogNCrashAppender - log send run
2024-07-18 14:23:14.954 [restartedMain] INFO  o.a.catalina.core.StandardService - Starting service [Tomcat]
2024-07-18 14:23:14.963 [restartedMain] INFO  c.n.b.g.config.LogNCrashAppender - log send run
2024-07-18 14:23:14.963 [restartedMain] INFO  o.a.catalina.core.StandardEngine - Starting Servlet engine: [Apache Tomcat/10.1.24]
2024-07-18 14:23:14.973 [restartedMain] INFO  c.n.b.g.config.LogNCrashAppender - log send run
2024-07-18 14:23:15.086 [restartedMain] INFO  o.a.c.c.C.[Tomcat].[localhost].[/] - Initializing Spring embedded WebApplicationContext
2024-07-18 14:23:15.164 [restartedMain] INFO  c.n.b.g.config.LogNCrashAppender - log send run
2024-07-18 14:23:15.165 [restartedMain] INFO  o.s.b.w.s.c.ServletWebServerApplicationContext - Root WebApplicationContext: initialization completed in 776 ms
2024-07-18 14:23:15.180 [restartedMain] INFO  c.n.b.g.config.LogNCrashAppender - log send run
2024-07-18 14:23:15.715 [restartedMain] INFO  o.s.b.d.a.OptionalLiveReloadServer - LiveReload server is running on port 35729
2024-07-18 14:23:15.729 [restartedMain] INFO  c.n.b.g.config.LogNCrashAppender - log send run
2024-07-18 14:23:16.216 [restartedMain] INFO  o.s.b.a.w.s.WelcomePageHandlerMapping - Adding welcome page template: index
2024-07-18 14:23:16.404 [restartedMain] INFO  c.n.b.g.config.LogNCrashAppender - log send run
2024-07-18 14:23:16.498 [restartedMain] INFO  o.s.s.web.DefaultSecurityFilterChain - Will secure any request with [org.springframework.security.web.session.DisableEncodeUrlFilter@5c8d6e80, org.springframework.security.web.context.request.async.WebAsyncManagerIntegrationFilter@5a336eb5, org.springframework.security.web.context.SecurityContextHolderFilter@1038d7d, org.springframework.security.web.header.HeaderWriterFilter@7bdb830, org.springframework.web.filter.CorsFilter@7545d54, org.springframework.security.web.authentication.logout.LogoutFilter@5e9b87e2, org.springframework.security.web.savedrequest.RequestCacheAwareFilter@68a36de, org.springframework.security.web.servletapi.SecurityContextHolderAwareRequestFilter@2978c3b0, org.springframework.security.web.authentication.AnonymousAuthenticationFilter@646ccd1e, org.springframework.security.web.access.ExceptionTranslationFilter@67d90087, org.springframework.security.web.access.intercept.AuthorizationFilter@434413eb]
2024-07-18 14:23:16.509 [restartedMain] INFO  c.n.b.g.config.LogNCrashAppender - log send run
2024-07-18 14:23:17.068 [restartedMain] INFO  o.s.b.w.e.tomcat.TomcatWebServer - Tomcat started on port 8081 (http) with context path '/'
2024-07-18 14:23:17.135 [restartedMain] INFO  c.n.b.g.config.LogNCrashAppender - log send run
2024-07-18 14:23:17.153 [restartedMain] INFO  c.n.b.BookStoreFrontApplication - Started BookStoreFrontApplication in 3.121 seconds (process running for 1260.832)
2024-07-18 14:23:17.167 [scheduling-1] INFO  c.n.b.global.config.CacheConfig - Refresh categoriesCache completed.
2024-07-18 14:23:17.259 [restartedMain] INFO  c.n.b.g.config.LogNCrashAppender - log send run
2024-07-18 14:23:17.265 [restartedMain] INFO  o.s.b.d.a.ConditionEvaluationDeltaLoggingListener - Condition evaluation unchanged
2024-07-18 14:23:17.272 [scheduling-1] INFO  c.n.b.g.config.LogNCrashAppender - log send run
2024-07-18 14:23:17.282 [restartedMain] INFO  c.n.b.g.config.LogNCrashAppender - log send run
2024-07-18 14:25:09.402 [restartedMain] INFO  c.n.b.BookStoreFrontApplication - Starting BookStoreFrontApplication using Java 21.0.3 with PID 55376 (/Users/dlrudgjs/Desktop/GitHub/book-store-front/target/classes started by dlrudgjs in /Users/dlrudgjs/Desktop/GitHub/book-store-front)
2024-07-18 14:25:09.967 [restartedMain] INFO  c.n.b.g.config.LogNCrashAppender - log send run
2024-07-18 14:25:09.971 [restartedMain] INFO  c.n.b.BookStoreFrontApplication - The following 1 profile is active: "dev"
2024-07-18 14:25:09.987 [restartedMain] INFO  c.n.b.g.config.LogNCrashAppender - log send run
2024-07-18 14:25:10.038 [restartedMain] INFO  o.s.b.d.e.DevToolsPropertyDefaultsPostProcessor - Devtools property defaults active! Set 'spring.devtools.add-properties' to 'false' to disable
2024-07-18 14:25:10.052 [restartedMain] INFO  c.n.b.g.config.LogNCrashAppender - log send run
2024-07-18 14:25:10.052 [restartedMain] INFO  o.s.b.d.e.DevToolsPropertyDefaultsPostProcessor - For additional web related logging consider setting the 'logging.level.web' property to 'DEBUG'
2024-07-18 14:25:10.064 [restartedMain] INFO  c.n.b.g.config.LogNCrashAppender - log send run
2024-07-18 14:25:10.823 [restartedMain] INFO  o.s.d.r.c.RepositoryConfigurationDelegate - Multiple Spring Data modules found, entering strict repository configuration mode
2024-07-18 14:25:10.836 [restartedMain] INFO  c.n.b.g.config.LogNCrashAppender - log send run
2024-07-18 14:25:10.838 [restartedMain] INFO  o.s.d.r.c.RepositoryConfigurationDelegate - Bootstrapping Spring Data Redis repositories in DEFAULT mode.
2024-07-18 14:25:10.848 [restartedMain] INFO  c.n.b.g.config.LogNCrashAppender - log send run
2024-07-18 14:25:10.879 [restartedMain] INFO  o.s.d.r.c.RepositoryConfigurationDelegate - Finished Spring Data repository scanning in 22 ms. Found 0 Redis repository interfaces.
2024-07-18 14:25:10.892 [restartedMain] INFO  c.n.b.g.config.LogNCrashAppender - log send run
2024-07-18 14:25:11.123 [restartedMain] INFO  o.s.cloud.context.scope.GenericScope - BeanFactory id=2e42bcd9-9a7a-36c3-b442-fe45ff66bcd2
2024-07-18 14:25:11.135 [restartedMain] INFO  c.n.b.g.config.LogNCrashAppender - log send run
2024-07-18 14:25:11.743 [restartedMain] INFO  o.s.b.w.e.tomcat.TomcatWebServer - Tomcat initialized with port 8081 (http)
2024-07-18 14:25:11.755 [restartedMain] INFO  c.n.b.g.config.LogNCrashAppender - log send run
2024-07-18 14:25:11.765 [restartedMain] INFO  o.a.catalina.core.StandardService - Starting service [Tomcat]
2024-07-18 14:25:11.776 [restartedMain] INFO  c.n.b.g.config.LogNCrashAppender - log send run
2024-07-18 14:25:11.776 [restartedMain] INFO  o.a.catalina.core.StandardEngine - Starting Servlet engine: [Apache Tomcat/10.1.24]
2024-07-18 14:25:11.786 [restartedMain] INFO  c.n.b.g.config.LogNCrashAppender - log send run
2024-07-18 14:25:11.815 [restartedMain] INFO  o.a.c.c.C.[Tomcat].[localhost].[/] - Initializing Spring embedded WebApplicationContext
2024-07-18 14:25:11.828 [restartedMain] INFO  c.n.b.g.config.LogNCrashAppender - log send run
2024-07-18 14:25:11.828 [restartedMain] INFO  o.s.b.w.s.c.ServletWebServerApplicationContext - Root WebApplicationContext: initialization completed in 1764 ms
2024-07-18 14:25:11.839 [restartedMain] INFO  c.n.b.g.config.LogNCrashAppender - log send run
2024-07-18 14:25:12.409 [restartedMain] INFO  o.s.b.d.a.OptionalLiveReloadServer - LiveReload server is running on port 35729
2024-07-18 14:25:12.440 [restartedMain] INFO  c.n.b.g.config.LogNCrashAppender - log send run
2024-07-18 14:25:13.402 [restartedMain] INFO  o.s.b.a.w.s.WelcomePageHandlerMapping - Adding welcome page template: index
2024-07-18 14:25:13.414 [restartedMain] INFO  c.n.b.g.config.LogNCrashAppender - log send run
2024-07-18 14:25:13.553 [restartedMain] INFO  o.s.s.web.DefaultSecurityFilterChain - Will secure any request with [org.springframework.security.web.session.DisableEncodeUrlFilter@5b4853d8, org.springframework.security.web.context.request.async.WebAsyncManagerIntegrationFilter@6bbe2aeb, org.springframework.security.web.context.SecurityContextHolderFilter@6d63c334, org.springframework.security.web.header.HeaderWriterFilter@6fc4a4ce, org.springframework.web.filter.CorsFilter@7043b4dd, org.springframework.security.web.authentication.logout.LogoutFilter@556a9136, org.springframework.security.web.savedrequest.RequestCacheAwareFilter@1f4239cc, org.springframework.security.web.servletapi.SecurityContextHolderAwareRequestFilter@1033f3e9, org.springframework.security.web.authentication.AnonymousAuthenticationFilter@675ec173, org.springframework.security.web.access.ExceptionTranslationFilter@26dc24f, org.springframework.security.web.access.intercept.AuthorizationFilter@61cf4524]
2024-07-18 14:25:13.566 [restartedMain] INFO  c.n.b.g.config.LogNCrashAppender - log send run
2024-07-18 14:25:14.092 [restartedMain] INFO  o.s.b.w.e.tomcat.TomcatWebServer - Tomcat started on port 8081 (http) with context path '/'
2024-07-18 14:25:14.115 [restartedMain] INFO  c.n.b.g.config.LogNCrashAppender - log send run
2024-07-18 14:25:14.125 [restartedMain] INFO  c.n.b.BookStoreFrontApplication - Started BookStoreFrontApplication in 5.558 seconds (process running for 11.339)
2024-07-18 14:25:14.127 [scheduling-1] INFO  c.n.b.global.config.CacheConfig - Refresh categoriesCache completed.
2024-07-18 14:25:14.136 [restartedMain] INFO  c.n.b.g.config.LogNCrashAppender - log send run
2024-07-18 14:25:14.147 [scheduling-1] INFO  c.n.b.g.config.LogNCrashAppender - log send run
2024-07-18 14:25:42.515 [http-nio-8081-exec-1] INFO  o.a.c.c.C.[Tomcat].[localhost].[/] - Initializing Spring DispatcherServlet 'dispatcherServlet'
2024-07-18 14:25:42.566 [http-nio-8081-exec-1] INFO  c.n.b.g.config.LogNCrashAppender - log send run
2024-07-18 14:25:42.568 [http-nio-8081-exec-1] INFO  o.s.web.servlet.DispatcherServlet - Initializing Servlet 'dispatcherServlet'
2024-07-18 14:25:42.579 [http-nio-8081-exec-1] INFO  c.n.b.g.config.LogNCrashAppender - log send run
2024-07-18 14:25:42.582 [http-nio-8081-exec-1] INFO  o.s.web.servlet.DispatcherServlet - Completed initialization in 2 ms
2024-07-18 14:25:42.595 [http-nio-8081-exec-1] INFO  c.n.b.g.config.LogNCrashAppender - log send run
2024-07-18 14:25:57.155 [http-nio-8081-exec-4] INFO  c.n.b.g.config.LogNCrashAppender - log send run
2024-07-18 14:27:11.990 [restartedMain] INFO  c.n.b.BookStoreFrontApplication - Starting BookStoreFrontApplication using Java 21.0.3 with PID 55409 (/Users/dlrudgjs/Desktop/GitHub/book-store-front/target/classes started by dlrudgjs in /Users/dlrudgjs/Desktop/GitHub/book-store-front)
2024-07-18 14:27:12.679 [restartedMain] INFO  c.n.b.g.config.LogNCrashAppender - log send run
2024-07-18 14:27:12.683 [restartedMain] INFO  c.n.b.BookStoreFrontApplication - The following 1 profile is active: "dev"
2024-07-18 14:27:12.733 [restartedMain] INFO  c.n.b.g.config.LogNCrashAppender - log send run
2024-07-18 14:27:12.781 [restartedMain] INFO  o.s.b.d.e.DevToolsPropertyDefaultsPostProcessor - Devtools property defaults active! Set 'spring.devtools.add-properties' to 'false' to disable
2024-07-18 14:27:12.812 [restartedMain] INFO  c.n.b.g.config.LogNCrashAppender - log send run
2024-07-18 14:27:12.813 [restartedMain] INFO  o.s.b.d.e.DevToolsPropertyDefaultsPostProcessor - For additional web related logging consider setting the 'logging.level.web' property to 'DEBUG'
2024-07-18 14:27:12.857 [restartedMain] INFO  c.n.b.g.config.LogNCrashAppender - log send run
2024-07-18 14:27:13.647 [restartedMain] INFO  o.s.d.r.c.RepositoryConfigurationDelegate - Multiple Spring Data modules found, entering strict repository configuration mode
2024-07-18 14:27:13.678 [restartedMain] INFO  c.n.b.g.config.LogNCrashAppender - log send run
2024-07-18 14:27:13.680 [restartedMain] INFO  o.s.d.r.c.RepositoryConfigurationDelegate - Bootstrapping Spring Data Redis repositories in DEFAULT mode.
2024-07-18 14:27:13.725 [restartedMain] INFO  c.n.b.g.config.LogNCrashAppender - log send run
2024-07-18 14:27:13.759 [restartedMain] INFO  o.s.d.r.c.RepositoryConfigurationDelegate - Finished Spring Data repository scanning in 23 ms. Found 0 Redis repository interfaces.
2024-07-18 14:27:13.792 [restartedMain] INFO  c.n.b.g.config.LogNCrashAppender - log send run
2024-07-18 14:27:14.063 [restartedMain] INFO  o.s.cloud.context.scope.GenericScope - BeanFactory id=2e42bcd9-9a7a-36c3-b442-fe45ff66bcd2
2024-07-18 14:27:14.105 [restartedMain] INFO  c.n.b.g.config.LogNCrashAppender - log send run
2024-07-18 14:27:14.706 [restartedMain] INFO  o.s.b.w.e.tomcat.TomcatWebServer - Tomcat initialized with port 8081 (http)
2024-07-18 14:27:14.749 [restartedMain] INFO  c.n.b.g.config.LogNCrashAppender - log send run
2024-07-18 14:27:14.759 [restartedMain] INFO  o.a.catalina.core.StandardService - Starting service [Tomcat]
2024-07-18 14:27:14.795 [restartedMain] INFO  c.n.b.g.config.LogNCrashAppender - log send run
2024-07-18 14:27:14.796 [restartedMain] INFO  o.a.catalina.core.StandardEngine - Starting Servlet engine: [Apache Tomcat/10.1.24]
2024-07-18 14:27:14.843 [restartedMain] INFO  c.n.b.g.config.LogNCrashAppender - log send run
2024-07-18 14:27:14.880 [restartedMain] INFO  o.a.c.c.C.[Tomcat].[localhost].[/] - Initializing Spring embedded WebApplicationContext
2024-07-18 14:27:14.911 [restartedMain] INFO  c.n.b.g.config.LogNCrashAppender - log send run
2024-07-18 14:27:14.912 [restartedMain] INFO  o.s.b.w.s.c.ServletWebServerApplicationContext - Root WebApplicationContext: initialization completed in 2054 ms
2024-07-18 14:27:14.941 [restartedMain] INFO  c.n.b.g.config.LogNCrashAppender - log send run
2024-07-18 14:27:15.252 [restartedMain] INFO  o.s.b.d.a.OptionalLiveReloadServer - LiveReload server is running on port 35729
2024-07-18 14:27:15.282 [restartedMain] INFO  c.n.b.g.config.LogNCrashAppender - log send run
2024-07-18 14:27:16.553 [restartedMain] INFO  o.s.b.a.w.s.WelcomePageHandlerMapping - Adding welcome page template: index
2024-07-18 14:27:16.631 [restartedMain] INFO  c.n.b.g.config.LogNCrashAppender - log send run
2024-07-18 14:27:16.764 [restartedMain] INFO  o.s.s.web.DefaultSecurityFilterChain - Will secure any request with [org.springframework.security.web.session.DisableEncodeUrlFilter@68d44f42, org.springframework.security.web.context.request.async.WebAsyncManagerIntegrationFilter@7f17418c, org.springframework.security.web.context.SecurityContextHolderFilter@32fabd7f, org.springframework.security.web.header.HeaderWriterFilter@270f1fe5, org.springframework.web.filter.CorsFilter@789b8dc3, org.springframework.security.web.authentication.logout.LogoutFilter@7614d7b5, org.springframework.security.web.savedrequest.RequestCacheAwareFilter@4b22296, org.springframework.security.web.servletapi.SecurityContextHolderAwareRequestFilter@bd65b0d, org.springframework.security.web.authentication.AnonymousAuthenticationFilter@18a7b0c1, org.springframework.security.web.access.ExceptionTranslationFilter@130deb1c, org.springframework.security.web.access.intercept.AuthorizationFilter@600cf0f5]
2024-07-18 14:27:16.798 [restartedMain] INFO  c.n.b.g.config.LogNCrashAppender - log send run
2024-07-18 14:27:17.355 [restartedMain] INFO  o.s.b.w.e.tomcat.TomcatWebServer - Tomcat started on port 8081 (http) with context path '/'
2024-07-18 14:27:17.399 [restartedMain] INFO  c.n.b.g.config.LogNCrashAppender - log send run
2024-07-18 14:27:17.411 [restartedMain] INFO  c.n.b.BookStoreFrontApplication - Started BookStoreFrontApplication in 6.222 seconds (process running for 12.05)
2024-07-18 14:27:17.412 [scheduling-1] INFO  c.n.b.global.config.CacheConfig - Refresh categoriesCache completed.
2024-07-18 14:27:17.451 [restartedMain] INFO  c.n.b.g.config.LogNCrashAppender - log send run
2024-07-18 14:27:17.481 [scheduling-1] INFO  c.n.b.g.config.LogNCrashAppender - log send run
2024-07-18 14:30:50.211 [http-nio-8081-exec-1] INFO  o.a.c.c.C.[Tomcat].[localhost].[/] - Initializing Spring DispatcherServlet 'dispatcherServlet'
2024-07-18 14:30:50.361 [http-nio-8081-exec-1] INFO  c.n.b.g.config.LogNCrashAppender - log send run
2024-07-18 14:30:50.365 [http-nio-8081-exec-1] INFO  o.s.web.servlet.DispatcherServlet - Initializing Servlet 'dispatcherServlet'
2024-07-18 14:30:50.379 [http-nio-8081-exec-1] INFO  c.n.b.g.config.LogNCrashAppender - log send run
2024-07-18 14:30:50.443 [http-nio-8081-exec-1] INFO  o.s.web.servlet.DispatcherServlet - Completed initialization in 11 ms
2024-07-18 14:30:50.455 [http-nio-8081-exec-1] INFO  c.n.b.g.config.LogNCrashAppender - log send run
2024-07-18 14:30:50.906 [http-nio-8081-exec-1] INFO  c.n.b.g.config.LogNCrashAppender - log send run
2024-07-18 14:30:51.286 [http-nio-8081-exec-3] INFO  c.n.b.g.config.LogNCrashAppender - log send run
2024-07-18 14:32:06.699 [File Watcher] INFO  o.s.b.d.a.LocalDevToolsAutoConfiguration$RestartingClassPathChangeChangedEventListener - Restarting due to 2 class path changes (0 additions, 2 deletions, 0 modifications)
2024-07-18 14:32:06.821 [File Watcher] INFO  c.n.b.g.config.LogNCrashAppender - log send run
2024-07-18 14:32:07.378 [restartedMain] INFO  c.n.b.BookStoreFrontApplication - Starting BookStoreFrontApplication using Java 21.0.3 with PID 55409 (/Users/dlrudgjs/Desktop/GitHub/book-store-front/target/classes started by dlrudgjs in /Users/dlrudgjs/Desktop/GitHub/book-store-front)
2024-07-18 14:32:07.418 [restartedMain] INFO  c.n.b.g.config.LogNCrashAppender - log send run
2024-07-18 14:32:07.419 [restartedMain] INFO  c.n.b.BookStoreFrontApplication - The following 1 profile is active: "dev"
2024-07-18 14:32:07.431 [restartedMain] INFO  c.n.b.g.config.LogNCrashAppender - log send run
2024-07-18 14:32:07.945 [restartedMain] INFO  o.s.d.r.c.RepositoryConfigurationDelegate - Multiple Spring Data modules found, entering strict repository configuration mode
2024-07-18 14:32:07.956 [restartedMain] INFO  c.n.b.g.config.LogNCrashAppender - log send run
2024-07-18 14:32:07.956 [restartedMain] INFO  o.s.d.r.c.RepositoryConfigurationDelegate - Bootstrapping Spring Data Redis repositories in DEFAULT mode.
2024-07-18 14:32:07.966 [restartedMain] INFO  c.n.b.g.config.LogNCrashAppender - log send run
2024-07-18 14:32:07.992 [restartedMain] INFO  o.s.d.r.c.RepositoryConfigurationDelegate - Finished Spring Data repository scanning in 25 ms. Found 0 Redis repository interfaces.
2024-07-18 14:32:08.006 [restartedMain] INFO  c.n.b.g.config.LogNCrashAppender - log send run
2024-07-18 14:32:08.162 [restartedMain] INFO  o.s.cloud.context.scope.GenericScope - BeanFactory id=3bb04e67-e495-34e7-963b-4881a378df47
2024-07-18 14:32:08.175 [restartedMain] INFO  c.n.b.g.config.LogNCrashAppender - log send run
2024-07-18 14:32:08.548 [restartedMain] INFO  o.s.b.w.e.tomcat.TomcatWebServer - Tomcat initialized with port 8081 (http)
2024-07-18 14:32:08.615 [restartedMain] INFO  c.n.b.g.config.LogNCrashAppender - log send run
2024-07-18 14:32:08.685 [restartedMain] INFO  o.a.catalina.core.StandardService - Starting service [Tomcat]
2024-07-18 14:32:08.703 [restartedMain] INFO  c.n.b.g.config.LogNCrashAppender - log send run
2024-07-18 14:32:08.703 [restartedMain] INFO  o.a.catalina.core.StandardEngine - Starting Servlet engine: [Apache Tomcat/10.1.24]
2024-07-18 14:32:08.716 [restartedMain] INFO  c.n.b.g.config.LogNCrashAppender - log send run
2024-07-18 14:32:08.762 [restartedMain] INFO  o.a.c.c.C.[Tomcat].[localhost].[/] - Initializing Spring embedded WebApplicationContext
2024-07-18 14:32:08.774 [restartedMain] INFO  c.n.b.g.config.LogNCrashAppender - log send run
2024-07-18 14:32:08.774 [restartedMain] INFO  o.s.b.w.s.c.ServletWebServerApplicationContext - Root WebApplicationContext: initialization completed in 1325 ms
2024-07-18 14:32:08.788 [restartedMain] INFO  c.n.b.g.config.LogNCrashAppender - log send run
2024-07-18 14:32:09.284 [restartedMain] INFO  o.s.b.d.a.OptionalLiveReloadServer - LiveReload server is running on port 35729
2024-07-18 14:32:09.298 [restartedMain] INFO  c.n.b.g.config.LogNCrashAppender - log send run
2024-07-18 14:32:10.245 [restartedMain] INFO  o.s.b.a.w.s.WelcomePageHandlerMapping - Adding welcome page template: index
2024-07-18 14:32:10.257 [restartedMain] INFO  c.n.b.g.config.LogNCrashAppender - log send run
2024-07-18 14:32:10.359 [restartedMain] INFO  o.s.s.web.DefaultSecurityFilterChain - Will secure any request with [org.springframework.security.web.session.DisableEncodeUrlFilter@7c32c75, org.springframework.security.web.context.request.async.WebAsyncManagerIntegrationFilter@2116fab7, org.springframework.security.web.context.SecurityContextHolderFilter@5ba3d298, org.springframework.security.web.header.HeaderWriterFilter@2362e062, org.springframework.web.filter.CorsFilter@30442645, org.springframework.security.web.authentication.logout.LogoutFilter@2d70f388, org.springframework.security.web.savedrequest.RequestCacheAwareFilter@1b062733, org.springframework.security.web.servletapi.SecurityContextHolderAwareRequestFilter@5c57411a, org.springframework.security.web.authentication.AnonymousAuthenticationFilter@428818d6, org.springframework.security.web.access.ExceptionTranslationFilter@3a0fa33a, org.springframework.security.web.access.intercept.AuthorizationFilter@21ca7e8d]
2024-07-18 14:32:10.371 [restartedMain] INFO  c.n.b.g.config.LogNCrashAppender - log send run
2024-07-18 14:32:10.614 [restartedMain] INFO  o.s.b.w.e.tomcat.TomcatWebServer - Tomcat started on port 8081 (http) with context path '/'
2024-07-18 14:32:10.624 [restartedMain] INFO  c.n.b.g.config.LogNCrashAppender - log send run
2024-07-18 14:32:10.631 [restartedMain] INFO  c.n.b.BookStoreFrontApplication - Started BookStoreFrontApplication in 3.492 seconds (process running for 305.275)
2024-07-18 14:32:10.632 [scheduling-1] INFO  c.n.b.global.config.CacheConfig - Refresh categoriesCache completed.
2024-07-18 14:32:10.643 [restartedMain] INFO  c.n.b.g.config.LogNCrashAppender - log send run
2024-07-18 14:32:10.647 [restartedMain] INFO  o.s.b.d.a.ConditionEvaluationDeltaLoggingListener - Condition evaluation unchanged
2024-07-18 14:32:10.654 [scheduling-1] INFO  c.n.b.g.config.LogNCrashAppender - log send run
2024-07-18 14:32:10.664 [restartedMain] INFO  c.n.b.g.config.LogNCrashAppender - log send run
2024-07-18 14:32:12.072 [File Watcher] INFO  o.s.b.d.a.LocalDevToolsAutoConfiguration$RestartingClassPathChangeChangedEventListener - Restarting due to 2 class path changes (2 additions, 0 deletions, 0 modifications)
2024-07-18 14:32:12.092 [File Watcher] INFO  c.n.b.g.config.LogNCrashAppender - log send run
2024-07-18 14:32:12.482 [restartedMain] INFO  c.n.b.BookStoreFrontApplication - Starting BookStoreFrontApplication using Java 21.0.3 with PID 55409 (/Users/dlrudgjs/Desktop/GitHub/book-store-front/target/classes started by dlrudgjs in /Users/dlrudgjs/Desktop/GitHub/book-store-front)
2024-07-18 14:32:12.522 [restartedMain] INFO  c.n.b.g.config.LogNCrashAppender - log send run
2024-07-18 14:32:12.522 [restartedMain] INFO  c.n.b.BookStoreFrontApplication - The following 1 profile is active: "dev"
2024-07-18 14:32:12.533 [restartedMain] INFO  c.n.b.g.config.LogNCrashAppender - log send run
2024-07-18 14:32:12.923 [restartedMain] INFO  o.s.d.r.c.RepositoryConfigurationDelegate - Multiple Spring Data modules found, entering strict repository configuration mode
2024-07-18 14:32:12.935 [restartedMain] INFO  c.n.b.g.config.LogNCrashAppender - log send run
2024-07-18 14:32:12.935 [restartedMain] INFO  o.s.d.r.c.RepositoryConfigurationDelegate - Bootstrapping Spring Data Redis repositories in DEFAULT mode.
2024-07-18 14:32:12.944 [restartedMain] INFO  c.n.b.g.config.LogNCrashAppender - log send run
2024-07-18 14:32:12.958 [restartedMain] INFO  o.s.d.r.c.RepositoryConfigurationDelegate - Finished Spring Data repository scanning in 12 ms. Found 0 Redis repository interfaces.
2024-07-18 14:32:12.969 [restartedMain] INFO  c.n.b.g.config.LogNCrashAppender - log send run
2024-07-18 14:32:13.137 [restartedMain] INFO  o.s.cloud.context.scope.GenericScope - BeanFactory id=ece50cce-d523-36fe-8eb1-96364c179ccb
2024-07-18 14:32:13.150 [restartedMain] INFO  c.n.b.g.config.LogNCrashAppender - log send run
2024-07-18 14:32:13.410 [restartedMain] INFO  o.s.b.w.e.tomcat.TomcatWebServer - Tomcat initialized with port 8081 (http)
2024-07-18 14:32:13.423 [restartedMain] INFO  c.n.b.g.config.LogNCrashAppender - log send run
2024-07-18 14:32:13.427 [restartedMain] INFO  o.a.catalina.core.StandardService - Starting service [Tomcat]
2024-07-18 14:32:13.439 [restartedMain] INFO  c.n.b.g.config.LogNCrashAppender - log send run
2024-07-18 14:32:13.439 [restartedMain] INFO  o.a.catalina.core.StandardEngine - Starting Servlet engine: [Apache Tomcat/10.1.24]
2024-07-18 14:32:13.452 [restartedMain] INFO  c.n.b.g.config.LogNCrashAppender - log send run
2024-07-18 14:32:13.506 [restartedMain] INFO  o.a.c.c.C.[Tomcat].[localhost].[/] - Initializing Spring embedded WebApplicationContext
2024-07-18 14:32:13.769 [restartedMain] INFO  c.n.b.g.config.LogNCrashAppender - log send run
2024-07-18 14:32:13.808 [restartedMain] INFO  o.s.b.w.s.c.ServletWebServerApplicationContext - Root WebApplicationContext: initialization completed in 1254 ms
2024-07-18 14:32:13.997 [restartedMain] INFO  c.n.b.g.config.LogNCrashAppender - log send run
2024-07-18 14:32:14.972 [restartedMain] INFO  o.s.b.d.a.OptionalLiveReloadServer - LiveReload server is running on port 35729
2024-07-18 14:32:14.988 [restartedMain] INFO  c.n.b.g.config.LogNCrashAppender - log send run
2024-07-18 14:32:15.706 [restartedMain] INFO  o.s.b.a.w.s.WelcomePageHandlerMapping - Adding welcome page template: index
2024-07-18 14:32:15.721 [restartedMain] INFO  c.n.b.g.config.LogNCrashAppender - log send run
2024-07-18 14:32:15.817 [restartedMain] INFO  o.s.s.web.DefaultSecurityFilterChain - Will secure any request with [org.springframework.security.web.session.DisableEncodeUrlFilter@31352bb5, org.springframework.security.web.context.request.async.WebAsyncManagerIntegrationFilter@1bdc3b6c, org.springframework.security.web.context.SecurityContextHolderFilter@63211b31, org.springframework.security.web.header.HeaderWriterFilter@606a23c0, org.springframework.web.filter.CorsFilter@4348137a, org.springframework.security.web.authentication.logout.LogoutFilter@2fae9510, org.springframework.security.web.savedrequest.RequestCacheAwareFilter@36079724, org.springframework.security.web.servletapi.SecurityContextHolderAwareRequestFilter@75f8af79, org.springframework.security.web.authentication.AnonymousAuthenticationFilter@45261c79, org.springframework.security.web.access.ExceptionTranslationFilter@4e8fa9f, org.springframework.security.web.access.intercept.AuthorizationFilter@d0d715]
2024-07-18 14:32:15.829 [restartedMain] INFO  c.n.b.g.config.LogNCrashAppender - log send run
2024-07-18 14:32:16.395 [restartedMain] INFO  o.s.b.w.e.tomcat.TomcatWebServer - Tomcat started on port 8081 (http) with context path '/'
2024-07-18 14:32:16.450 [restartedMain] INFO  c.n.b.g.config.LogNCrashAppender - log send run
2024-07-18 14:32:16.467 [restartedMain] INFO  c.n.b.BookStoreFrontApplication - Started BookStoreFrontApplication in 4.198 seconds (process running for 311.11)
2024-07-18 14:32:16.479 [scheduling-1] INFO  c.n.b.global.config.CacheConfig - Refresh categoriesCache completed.
2024-07-18 14:32:16.485 [restartedMain] INFO  c.n.b.g.config.LogNCrashAppender - log send run
2024-07-18 14:32:16.488 [restartedMain] INFO  o.s.b.d.a.ConditionEvaluationDeltaLoggingListener - Condition evaluation unchanged
2024-07-18 14:32:16.495 [scheduling-1] INFO  c.n.b.g.config.LogNCrashAppender - log send run
2024-07-18 14:32:16.505 [restartedMain] INFO  c.n.b.g.config.LogNCrashAppender - log send run
2024-07-18 14:36:37.702 [restartedMain] INFO  c.n.b.BookStoreFrontApplication - Starting BookStoreFrontApplication using Java 21.0.3 with PID 55596 (/Users/dlrudgjs/Desktop/GitHub/book-store-front/target/classes started by dlrudgjs in /Users/dlrudgjs/Desktop/GitHub/book-store-front)
2024-07-18 14:36:38.369 [restartedMain] INFO  c.n.b.g.config.LogNCrashAppender - log send run
2024-07-18 14:36:38.373 [restartedMain] INFO  c.n.b.BookStoreFrontApplication - The following 1 profile is active: "dev"
2024-07-18 14:36:38.390 [restartedMain] INFO  c.n.b.g.config.LogNCrashAppender - log send run
2024-07-18 14:36:38.442 [restartedMain] INFO  o.s.b.d.e.DevToolsPropertyDefaultsPostProcessor - Devtools property defaults active! Set 'spring.devtools.add-properties' to 'false' to disable
2024-07-18 14:36:38.456 [restartedMain] INFO  c.n.b.g.config.LogNCrashAppender - log send run
2024-07-18 14:36:38.456 [restartedMain] INFO  o.s.b.d.e.DevToolsPropertyDefaultsPostProcessor - For additional web related logging consider setting the 'logging.level.web' property to 'DEBUG'
2024-07-18 14:36:38.467 [restartedMain] INFO  c.n.b.g.config.LogNCrashAppender - log send run
2024-07-18 14:36:39.252 [restartedMain] INFO  o.s.d.r.c.RepositoryConfigurationDelegate - Multiple Spring Data modules found, entering strict repository configuration mode
2024-07-18 14:36:39.265 [restartedMain] INFO  c.n.b.g.config.LogNCrashAppender - log send run
2024-07-18 14:36:39.267 [restartedMain] INFO  o.s.d.r.c.RepositoryConfigurationDelegate - Bootstrapping Spring Data Redis repositories in DEFAULT mode.
2024-07-18 14:36:39.279 [restartedMain] INFO  c.n.b.g.config.LogNCrashAppender - log send run
2024-07-18 14:36:39.315 [restartedMain] INFO  o.s.d.r.c.RepositoryConfigurationDelegate - Finished Spring Data repository scanning in 26 ms. Found 0 Redis repository interfaces.
2024-07-18 14:36:39.328 [restartedMain] INFO  c.n.b.g.config.LogNCrashAppender - log send run
2024-07-18 14:36:39.563 [restartedMain] INFO  o.s.cloud.context.scope.GenericScope - BeanFactory id=e23d1c60-a9ff-3ddc-b4bb-68eaf364e5d4
2024-07-18 14:36:39.574 [restartedMain] INFO  c.n.b.g.config.LogNCrashAppender - log send run
2024-07-18 14:36:40.168 [restartedMain] INFO  o.s.b.w.e.tomcat.TomcatWebServer - Tomcat initialized with port 8081 (http)
2024-07-18 14:36:40.180 [restartedMain] INFO  c.n.b.g.config.LogNCrashAppender - log send run
2024-07-18 14:36:40.193 [restartedMain] INFO  o.a.catalina.core.StandardService - Starting service [Tomcat]
2024-07-18 14:36:40.204 [restartedMain] INFO  c.n.b.g.config.LogNCrashAppender - log send run
2024-07-18 14:36:40.204 [restartedMain] INFO  o.a.catalina.core.StandardEngine - Starting Servlet engine: [Apache Tomcat/10.1.24]
2024-07-18 14:36:40.215 [restartedMain] INFO  c.n.b.g.config.LogNCrashAppender - log send run
2024-07-18 14:36:40.244 [restartedMain] INFO  o.a.c.c.C.[Tomcat].[localhost].[/] - Initializing Spring embedded WebApplicationContext
2024-07-18 14:36:40.258 [restartedMain] INFO  c.n.b.g.config.LogNCrashAppender - log send run
2024-07-18 14:36:40.258 [restartedMain] INFO  o.s.b.w.s.c.ServletWebServerApplicationContext - Root WebApplicationContext: initialization completed in 1790 ms
2024-07-18 14:36:40.268 [restartedMain] INFO  c.n.b.g.config.LogNCrashAppender - log send run
2024-07-18 14:36:40.837 [restartedMain] INFO  o.s.b.d.a.OptionalLiveReloadServer - LiveReload server is running on port 35729
2024-07-18 14:36:40.868 [restartedMain] INFO  c.n.b.g.config.LogNCrashAppender - log send run
2024-07-18 14:36:41.907 [restartedMain] INFO  o.s.b.a.w.s.WelcomePageHandlerMapping - Adding welcome page template: index
2024-07-18 14:36:41.920 [restartedMain] INFO  c.n.b.g.config.LogNCrashAppender - log send run
2024-07-18 14:36:42.068 [restartedMain] INFO  o.s.s.web.DefaultSecurityFilterChain - Will secure any request with [org.springframework.security.web.session.DisableEncodeUrlFilter@4423c784, org.springframework.security.web.context.request.async.WebAsyncManagerIntegrationFilter@4929bb39, org.springframework.security.web.context.SecurityContextHolderFilter@a604164, org.springframework.security.web.header.HeaderWriterFilter@53f98ee1, org.springframework.web.filter.CorsFilter@75eedcfe, org.springframework.security.web.authentication.logout.LogoutFilter@3bc3ea11, org.springframework.security.web.savedrequest.RequestCacheAwareFilter@553a7a1, org.springframework.security.web.servletapi.SecurityContextHolderAwareRequestFilter@3d56bd5c, org.springframework.security.web.authentication.AnonymousAuthenticationFilter@2a9a58f7, org.springframework.security.web.access.ExceptionTranslationFilter@196eae3, org.springframework.security.web.access.intercept.AuthorizationFilter@3910bd67]
2024-07-18 14:36:42.081 [restartedMain] INFO  c.n.b.g.config.LogNCrashAppender - log send run
2024-07-18 14:36:42.635 [restartedMain] INFO  o.s.b.w.e.tomcat.TomcatWebServer - Tomcat started on port 8081 (http) with context path '/'
2024-07-18 14:36:42.648 [restartedMain] INFO  c.n.b.g.config.LogNCrashAppender - log send run
2024-07-18 14:36:42.658 [restartedMain] INFO  c.n.b.BookStoreFrontApplication - Started BookStoreFrontApplication in 5.779 seconds (process running for 11.644)
2024-07-18 14:36:42.660 [scheduling-1] INFO  c.n.b.global.config.CacheConfig - Refresh categoriesCache completed.
2024-07-18 14:36:42.669 [restartedMain] INFO  c.n.b.g.config.LogNCrashAppender - log send run
2024-07-18 14:36:42.681 [scheduling-1] INFO  c.n.b.g.config.LogNCrashAppender - log send run
2024-07-18 14:41:42.664 [scheduling-1] INFO  c.n.b.global.config.CacheConfig - Refresh categoriesCache completed.
2024-07-18 14:41:42.827 [scheduling-1] INFO  c.n.b.g.config.LogNCrashAppender - log send run
2024-07-18 14:46:42.658 [scheduling-1] INFO  c.n.b.global.config.CacheConfig - Refresh categoriesCache completed.
2024-07-18 14:46:42.857 [scheduling-1] INFO  c.n.b.g.config.LogNCrashAppender - log send run
2024-07-18 14:51:42.648 [scheduling-1] INFO  c.n.b.global.config.CacheConfig - Refresh categoriesCache completed.
2024-07-18 14:51:42.726 [scheduling-1] INFO  c.n.b.g.config.LogNCrashAppender - log send run
2024-07-18 14:56:42.650 [scheduling-1] INFO  c.n.b.global.config.CacheConfig - Refresh categoriesCache completed.
2024-07-18 14:56:42.836 [scheduling-1] INFO  c.n.b.g.config.LogNCrashAppender - log send run
2024-07-18 14:59:59.995 [scheduling-1] INFO  c.n.b.global.config.CacheConfig - Main Page Refresh cache completed.
2024-07-18 15:00:00.108 [scheduling-1] INFO  c.n.b.g.config.LogNCrashAppender - log send run
2024-07-18 15:01:42.637 [scheduling-1] INFO  c.n.b.global.config.CacheConfig - Refresh categoriesCache completed.
2024-07-18 15:01:42.733 [scheduling-1] INFO  c.n.b.g.config.LogNCrashAppender - log send run
2024-07-18 15:06:44.749 [scheduling-1] INFO  c.n.b.global.config.CacheConfig - Refresh categoriesCache completed.
2024-07-18 15:06:44.921 [scheduling-1] INFO  c.n.b.g.config.LogNCrashAppender - log send run
2024-07-18 15:11:44.752 [scheduling-1] INFO  c.n.b.global.config.CacheConfig - Refresh categoriesCache completed.
2024-07-18 15:11:44.867 [scheduling-1] INFO  c.n.b.g.config.LogNCrashAppender - log send run
2024-07-18 15:16:44.746 [scheduling-1] INFO  c.n.b.global.config.CacheConfig - Refresh categoriesCache completed.
2024-07-18 15:16:44.921 [scheduling-1] INFO  c.n.b.g.config.LogNCrashAppender - log send run
2024-07-18 15:21:44.714 [scheduling-1] INFO  c.n.b.global.config.CacheConfig - Refresh categoriesCache completed.
2024-07-18 15:21:44.839 [scheduling-1] INFO  c.n.b.g.config.LogNCrashAppender - log send run
